UUID,Internal ID,Titre EN,Pays,Date,Introduction EN,Description,Sustaining Local Communities Description,Quote,Area Unit,Area Total,Population,Density,Transnational,Main Image,Video,Site Internet,Coordonnées,URL
df55a210-3dec-59bb-80c2-553ab5a38c85,EUFR10,Terres d'Hérault UNESCO Global Geopark,FR,2026-01-01,"The Terres d’Hérault UNESCO Global Geopark is a name composed of two words. “Terres,” which makes the link to the soil and geology of the region, and “Hérault” corresponds to the main river that crosses the department in the Occitanie region of Southern France, which has the same name.&#160;The territory distinguished by dramatic landforms and deep canyons showcases over 540 million years of geological history.","Its rock formations record key Earth processes including sedimentation, tectonics, volcanism, metamorphism, and erosion, making the area a natural open-air laboratory. Remarkable geological sites include the Coumiac marble quarry, the Navacelles cirque, and Salagou Lake, one of Europe’s largest exposures of red rock formations formed over 250 million years ago, along with volcanic features. This geopark reveals Earth’s dynamic history, climatic shifts, and ancient life.","Spanning 112 municipalities, the Terres d’Hérault region’s exceptional geological features and cultural diversity offer outstanding opportunities to support tourism and agriculture, with the region home to livestock and vineyards. Here, geological features have shaped settlement patterns, agricultural practices, architecture, and local traditions for centuries. Occitan culture is deeply rooted within the region and continues to flourish. The local population continues to speak the Occitan language and partake in Occitan traditions, with visitors offered a unique chance to discover outstanding geosites and experience a place where geology directly connects to daily life.",,ha,205600.0,109000,53.0,False,https://bioportalstprod.blob.core.windows.net/portal-media-public/GP/EUFR10/image/main/Geosite_Lac_du_Salagou_2_D%C3%A9partement_de_lH%C3%A9rault_.jpg,https://youtu.be/5sMgKjBXTiM?si=B_3njAvl0zBsvHny,https://geoparc.herault.fr/,"43.6787, 3.3135",https://www.unesco.org/en/iggp/terres-dherault-unesco-global-geopark
283e6067-ed20-591f-91d1-ea522e6b9a5f,EUPT07,Algarvensis UNESCO Global Geopark,PT,2026-01-01,The Algarvensis UNESCO Global Geopark is located in southern Portugal’s Algarve region and presents a diverse geological history spanning 330 million years.,"The highly geodiverse territory is marked by a wide variety of rock types and landforms that record major tectonic, volcanic, and sedimentary processes shaping the region. Two extremely unique geological features are the tsunami deposits at Lagoa dos Salgados formed during the 1755 Lisbon Earthquake and the Loulé Salt Mine, which is the deepest point in Portugal open to the public, and has served as a cornerstone of Portuguese industry for centuries. Located both at land and sea, the geopark preserves evidence of volcanic activity and limestone formation as well as extensive coastal marine environments, making it a key site for understanding the Earth’s processes.","The Algarvensis hosts well-preserved Mediterranean ecosystems and a rich marine environment, and this biodiversity coexists with a strong cultural legacy, visible in megalithic monuments, ancient writing systems, Roman and Islamic heritage, traditional villages, craftsmanship and a gastronomy rooted in the Mediterranean Diet. As a hub for tourism coastal population densities triple in the summer months, with the region’s economy relying heavily on the tertiary sector, while many inland areas face economic and population decline. The geopark tries to rebalance this pattern while uplifting the local communities, encouraging visitors to explore inland villages to experience local handicrafts and gastronomy. By connecting geology with local tourism, Algarvensis promotes a model of sustainable development, while also providing educational programmes to help steward the next generation of awareness to protect the environment.",,ha,2428700.0,154262,64.0,False,https://bioportalstprod.blob.core.windows.net/portal-media-public/GP/EUPT07/image/main/Castelo_de_Silves_Gr%C3%A9s_de_Silves_Algarvensis_VascoC%C3%A9lio.jpg,,,"37.1643, -8.2363",https://www.unesco.org/en/iggp/algarvensis-unesco-global-geopark
e7eb8a04-2386-5a24-9ba8-9c0789bd0caf,EURU02,Toratau UNESCO Global Geopark,RU,2026-01-01,"Toratau UNESCO Global Geopark is located at the junction of the southern part of the Ural Mountains and the eastern outskirts of the East European Platform, within the Republic of Bashkortostan.The territory is rich in unique geological sites of scientific, historical, and natural value, with rocks ranging from 1 billion to 250 million years old.","Its main geological highlights are the three Shikhany mountains of Toratau, Yuraktau, and Kushtau, which are remnants of a massive barrier reef that formed approximately 280–300 million years ago. The geopark also includes important geological sections at Usolka and Dalny Tulkas, along with caves, waterfalls, gorges, mountain rivers, and rugged rock outcrops that reveal the long and complex history of the Southern Urals.","Natural and cultural heritage are closely intertwined in Toratau, as the geopark preserves ruins of ancient settlements and fortresses that allow visitors to immerse themselves in the region’s past and learn about the culture and life of the peoples who have historically inhabited this area. Today the geopark supports locals by showcasing their cultural heritage, cuisine and craft, and has led to the creation of jobs inside the park. Geoguides and researchers of the geopark have also developed educational programmes to help local communities help understand, preserve and develop the region.",,ha,228900.0,38700,17.0,False,https://bioportalstprod.blob.core.windows.net/portal-media-public/GP/EURU02/image/main/Vasiliy_Shadrin._Ukli-Kaya.jpg,,,"53.7422, 56.5019",https://www.unesco.org/en/iggp/toratau-unesco-global-geopark
7f22ad86-8069-5914-8a2b-9a7ce53b2e8f,ASCN01,Arxan UNESCO Global Geopark,CN,2017-01-01,"Visit the China Hot Springs Museum in Arxan, home to the Arxan Sanitarium Hot Springs with 48 therapeutic springs.Explore the Forest Folk Museum in Bailang Town, which preserves ecological culture and showcases the traditional lives of forestry workers.","The Arxan UNESCO Global Geopark is situated in a geologically diverse region where numerous mountain-building and ocean-opening events have occurred. It boasts an abundance of volcanic geosites, showcasing some remarkable geological features, such as the Gaoshan Volcanic Cone, a stratified cone that emerged approximately 120,000 years ago during the Holocene. It provides an excellent opportunity to study the formation and evolution of Quaternary volcanoes in China. The cone, with its almost elliptical shape, has experienced multiple eruptions, resulting in the formation of a caldera spanning an area of approximately 4 km². Standing at an impressive height of 1,712 metres, this volcanic cone is a rare sight in China. Another of the geopark’s geological highlights is the Turtleback Lava. Located about 200 metres northeast of the Xing’an Forestry Centre, the Turtleback Lava is a fascinating and unique geological phenomenon in China. The basaltic lavas in this area resemble the shell of a massive, buried tortoise. This distinctive pattern was formed when pahoehoe lava, characterised by its smooth, ropy surface, underwent cooling processes. As the lava cooled, two sets of contraction joints developed vertically and horizontally, creating a visually striking landscape with joints spaced approximately 1 metre apart. Finally, the Arxan Tianchi Crater Lake, situated at an elevation of 1,322 metres above sea level, holds the distinction of being China&#39;s third-highest lake. With its roughly oval shape and covering an area of nearly 135,000 square metres, this lake began forming around 300,000 years ago during the Middle Pleistocene epoch. The serene beauty of the lake, surrounded by picturesque landscapes, adds to its allure and makes it a captivating destination within the geopark.","Arxan, meaning &quot;Holy Water,&quot; is located in the southwestern Daxing’anling range and is considered one of the original homelands of the Mongol people. Known as the People of the Forest, the residents of Arxan UNESCO Global Geopark have a long tradition of hunting and nomadic life. Forestry is the main economic activity in the geopark. Local businesses have developed artisanal souvenirs inspired by specific geosite features and the natural landscape, including carvings made from tree roots, bark paintings, and pyrographs—items decorated by burning designs into wood or other materials. In the Hot Springs area and Tianchi, local residents offer rural bed-and-breakfast accommodation that allows visitors to experience the daily life of this northeastern frontier region. This model supports local livelihoods while enhancing the visitor experience. The geopark also protects important cultural heritage sites, including Arxan Railway Station, the South Xing’an Tunnel, and the Former Site of Yamato Hotel. It is home to a wide variety of cultural festivals, such as the Oboo Festival, the Naadam Prairie Fair, the Dujuan Festival, the Forest Folk Culture and Art Festival, and the summer Holy Water Festival. The Arxan Geopark Museum serves as a geo-education centre, featuring volcanic rock specimens, minerals, fossils, and geoscience exhibitions. It acts as a science popularization base for primary schools and a research resource for universities and institutes with six science galleries across the geopark.","“Arxan: land of forests, hunters and nomads”",ha,365321.0,32301,19.0,False,https://bioportalstprod.blob.core.windows.net/portal-media-public/GP/ASCN01/image/main/ASCN01_main.jpg,,http://www.aesdzgy.com/,"47.258, 120.145",https://www.unesco.org/en/iggp/arxan-unesco-global-geopark
8e11c3aa-150d-51b6-ab85-c590f5a34164,ASCN06,Fangshan UNESCO Global Geopark,CN,2015-01-01,"Observe rich wildlife diversity with 44 species of mammals, 183 bird species, and nationally protected species like the brown pheasant and black stork.Explore ancient biodiversity, including the rediscovery of the coral orchid, once thought to have disappeared regionally.Visit cultural heritage sites such as the Zhoukoudian “Beijinger” World Heritage Site, Yunju temple tower, Baishishan Great Wall, and more than 100 ancient buildings, grottoes, and tombs.","On the border between southwestern Beijing and Hebei Province, the geoheritage of Fangshan spans over 3,500 million years and encompasses a multitude of landscapes, of which karstic landforms are the most prominent. Tower-shaped mountains jut into the sky, creating a dramatic panorama that feels remote and wild, despite its proximity to the urban centre. The discovery of “Peking Man” in the geopark in 1929—one of our early ancestors who lived in the area 700,000 years ago—astonished the world and led to the site being recognised as one of the birthplaces of humankind. These precious geological remains inspired China’s first geological survey more than 100 years ago and helped foster the country’s first generation of geologists. Even today, Fangshan UNESCO Global Geopark remains a cradle of geological education, having hosted internships and lectures for some 50,000 geology students, thousands of whom have gone on to become geologists. The first Chinese Geology Dictionary was published here; many geological terms were also first named here. Bestowed with unparalleled geosites and heritage resources, Fangshan UNESCO Global Geopark is a veritable “geology encyclopedia.”","The long human history of the region has given rise to profound cultural heritage within the geopark. Its architecture, grottoes, stone inscriptions, relics, and ancient tombs form a rich tapestry of cultural, geological, and tourism resources. The area also preserves diverse intangible cultural heritage, including Beijing lantern making, Beijing embroidery, the legend of Yang Jiajing, and the traditional brewing of &quot;chrysanthemum white&quot; wine. Other locally recognised traditions include five tiger Shaolin club, Shuiyu Zhongfan, the Lion Club, Dashiwo stone composition village, and Baishishan paper cutting. The geopark works actively with cultural departments to protect and promote these traditions, supporting local craftspeople, cultural transmission, and public engagement with intangible heritage. The geopark has also become a key base for science education in the region, hosting annual Earth Day events, summer camps, and international youth exchanges. Its long-term partnership with BNU Lianxiang Affiliated Secondary School supports sustained geoscience outreach through initiatives such as the “Popular Science Forum.”","“With 313 cultural sites, including the Great Wall, the heritage at Fangshan extends well beyond geology”",ha,104500.0,350000,335.0,False,https://bioportalstprod.blob.core.windows.net/portal-media-public/GP/ASCN06/image/main/ASCN06_main.jpg,,http://dzhgy.bjfsh.gov.cn/en/index.htm,"39.737, 115.703",https://www.unesco.org/en/iggp/fangshan-unesco-global-geopark
3a562aac-0326-5dbf-a1cd-cc4b521a96f7,ASCN11,Huanggang Dabieshan UNESCO Global Geopark,CN,2018-01-01,"Wander through blooming rhododendrons in May, when the landscape becomes a sea of vibrant colour.Experience local performing arts including Wenqu drama, Xishui folk songs, Donglu Huagu opera, and Yingshan Huangmei opera. Check local listings for upcoming performances.","The Huanggang Dabieshan Geopark is a diverse region in every sense. It features peaks, forests, waterfalls, folk customs, singing birds, and sweet-scented flowers. With its continental orogenic belt structure and granite mountainous landscapes, this naturally beautiful geopark serves as a living geological laboratory. The geopark’s name, Huanggang Dabieshan, symbolises separation—a boundary between north and south China. Huanggang, through which the Yangtze River flows for 189 km, has long been known as &quot;the Golden Waterway&quot; due to its many rivers. Six major river systems—the Ju, Dao, Ba, Xi, Qi, and Huayang—originate in the Dabieshan mountains and drain from north to south into the Yangtze River. Lakes and reservoirs are scattered across Huanggang like stars in the sky. The Qinling-Dabie orogenic belt holds geological evidence of divergence, convergence, and subduction-collision orogenesis between the North China Plate and the Yangtze Plate, going back 2,800 million years. As a result of this tectonic collision, the high- and ultrahigh-pressure eclogite outcrops in the Dabieshan area are among the most significant in the world. Due to the age and complexity of its rocks and geological structures, the scientific value of the geopark is immense.","Huanggang Dabieshan UNESCO Global Geopark lies in an area with a deep cultural legacy and a long history of agricultural traditions. Terraced fields cultivated since the Neolithic Age are still in use today, growing rice, tea, and vegetables, with many traditional irrigation methods modernised but preserved. In the “Village of Ten People,” the local community has restored old stables and installed exhibitions displaying historic agricultural tools, household appliances, and traditional furniture—offering a glimpse into the region’s past rural life. The geopark has increasingly supported employment in tourism, both directly and indirectly, while also promoting Earth sciences through geological education centres, museums, and on-site interpretation. Mandarin is commonly spoken among the diverse ethnic groups, including Han, Tujia, Zhuang, and Hui, which helps ensure accessibility and cohesion across communities. The region is also proud of its intellectual heritage. Huanggang is the birthplace of Bi Sheng, inventor of clay typography in the 11th century. His contribution to printing is comparable to that of Gutenberg in Europe. The Bisheng Typography Experience Pavilion, located in Yingshan County, honours this legacy. Visitors can see demonstrations, learn the technique, and purchase printed souvenirs made using traditional methods. The park also commemorates Li Siguang, a pioneering geologist born in Huanggang, regarded as the father of geomechanics in China.",“Lofty mountains with breathtaking views: the result of years of weathering and erosion”,ha,262554.0,940000,3085.0,False,https://bioportalstprod.blob.core.windows.net/portal-media-public/GP/ASCN11/image/main/ASCN11_main.jpg,,http://en.dbsdzgy.com/,"30.994, 115.468",https://www.unesco.org/en/iggp/huanggang-dabieshan-unesco-global-geopark
a76d2812-b4c9-5938-8062-5306a656d4ed,EUGR07,Kefalonia-Ithaca UNESCO Global Geopark,GR,2022-01-01,"Hike to the summit of Mount Aenos on a clear day and enjoy views stretching as far as the Peloponnese peninsula.Discover the many hidden coves along the rugged coasts of the four islands.Dive into the crystal-clear Mediterranean waters, with underwater visibility reaching over 40 meters.","The rugged landscape of this group of islands is characterised by several limestone mountains and plateaux that are part of the Hellenides Range, a complex orogenic belt formed during the Jurassic period (201–145 million years ago). This formation resulted from the northward movement of continental blocks, including the African plate, colliding with Eurasia. This tectonic activity continues today, making the region the most seismically active in Europe, evidenced by frequent small earthquakes. Kefalonia’s Mount Aenos, standing at 1,628 meters, is the tallest mountain in the geopark. Megas Soras, the mountain’s highest peak, was once a sacred site where the Ancient Greeks offered sacrifices to Zeus. From its summit, visitors can enjoy breathtaking views of the island and the turquoise waters of the Ionian Sea. With over 270 kilometres of rugged coastline, Kefalonia is a Mediterranean paradise of gulfs, bays, and coves of all sizes. Sandy beaches such as Myrtos, Argostoli and Antisamos blend with lush vegetation, creating a striking contrast of green and blue. The geopark, formed by a thick sequence of limestones, is rich in karstic formations, including one of its most extraordinary features: the karstic system connecting the Sinkholes of Argostoli on Kefalonia’s western side with the brackish springs of Karavomilos, 15 kilometres to the east. This system channels a mix of seawater and surface water through the sinkholes at high speed. In the past, this flow powered watermills used for energy production and to operate an ice factory. While many of the watermills were destroyed in the 1953 earthquake, some remain as a testament to the region&#39;s history.","The Kefalonia-Ithaca UNESCO Global Geopark’s landscape is closely tied to its cultural heritage. From epic literature to local traditions and culinary practices, the islands&#39; unique features have influenced the way people live, celebrate and tell stories for centuries. In Ithaca, the legendary home of Homer’s hero Odysseus, the scenery is enchanting. This smaller island offers more than picturesque Venetian villages tucked between lush green mountains and turquoise seas. It is also home to stunning caves, such as the Cave of the Nymphs, where legend has it Odysseus hid the gifts of the Phaeacians. Not far from the coastal village of Karavomilos, the Melissani Cave stands out as one of the geopark’s most iconic geosites. Named after the nymph Melissanthi who, according to legend, leapt into its waters after being rejected by the god Pan, this cenote— a sinkhole formed by the collapse of limestone bedrock—reveals crystal-clear groundwater. The geopark has been inhabited since the Paleolithic era and showcases a diverse historical and cultural heritage. Historical landmarks span several eras: from the Mycenaean chambered tomb of Tzanata and ancient cemeteries like Mazarakata and Lakithra, to Roman villas and baths in Skala, Agia Efimia and Sami, and Byzantine monasteries and Venetian strongholds such as St. George’s Castle. This cultural legacy, deeply influenced by the geological landscape, makes Kefalonia and its neighbouring islands truly unique.&nbsp; Traditional Kefalonian dances, such as the lively Ballos and the dynamic Divaratikos, reflect the islanders&#39; spirit and are still performed at festivals and celebrations, showcasing the cultural vitality of the region. The islands’ microclimate and fertile soil support the production of high-quality fruits, vegetables, olive oil, wine, honey and dairy, which are deeply tied to the culinary traditions and cultural heritage of the geopark, preserving local knowledge and traditions.",,ha,300600.0,35801,12.0,False,https://bioportalstprod.blob.core.windows.net/portal-media-public/GP/EUGR07/image/main/Xi.jpg,https://www.youtube.com/channel/UCOzhzwRJSwlD0be7hCvB5nw,https://kefaloniageopark.gr/,"38.273, 20.583",https://www.unesco.org/en/iggp/kefalonia-ithaca-unesco-global-geopark
6331ecd7-93fb-59cd-b227-24b91892dae0,ASCN13,Jingpohu UNESCO Global Geopark,CN,2015-01-01,"Visit in winter, and you may get to see the frozen Diaoshuilou Waterfall and dramatic winter scenery.Raft on Jingpo Lake, the largest alpine lava lake in China, formed by volcanic eruptions over 10,000 years ago.Hike through Crater Forest Park to explore a primeval forest belt formed by volcanic collapse.","Jingpohu UNESCO Global Geopark, located in Ning’an, southeastern Heilongjiang Province, encompasses a key section of the Cenozoic magmatic rock zone in Eastern China, situated on the western flank of the Tan-Lu Fault Zone – the longest fault in Asia, stretching over 2,400 kilometres. This tectonic setting has given rise to one of the most significant volcanic fields in Eastern China, where volcanic activity spanned from the Tertiary to the Quaternary period. The northwestern part of the geopark, near Daganpao, contains the well-preserved Jingbo volcanic field, which erupted three times between approximately 12,000 and 5,140 years ago. The area includes four compound volcanic cones, one single cone, and twelve craters in total. These features form an intact volcanic landscape, showcasing typical volcanic geological phenomena rarely preserved elsewhere in China. The geological heritage of Jingpohu is considered highly valuable for understanding the structural evolution of the Cenozoic in Eastern China, the activity history of the Tan-Lu Fault, and the dynamics and environmental impacts of volcanic eruptions. Geological relics within the geopark fall into three main categories: volcanic geological features, waterscape formations, and granite landforms. In addition to its geological significance, Jingpohu UNESCO Global Geopark is rich in natural resources. It contains around thirty lakes that form part of the Mudan River system and features a well-preserved forest ecosystem, with over 90 percent vegetation coverage. The area also supports a diversity of mineral resources and plant and animal life, contributing to its status as a scientifically important and ecologically diverse landscape.","Jingpohu UNESCO Global Geopark preserves significant cultural heritage, including landscape architecture, residential buildings, ancestral temples, botanical gardens, religious and memorial structures, cliff inscriptions and historical sites. Among these, the Longquan Prefecture of the Shangjing Relics—originating from the Bohai Kingdom of the Tang Dynasty—has been listed as a national key cultural relic and is included in the official list of National Archaeological Site Parks. The geopark is also home to important intangible heritage. Bohai Mohe embroidery, which dates back more than 1,300 years to the Tang Dynasty, is a traditional folk art of the Mohe, Jurchen and Manchu peoples. Originating along the Mudanjiang River, it is considered a representative form of Manchu embroidery in northeastern China. Jingpohu UNESCO Global Geopark collaborates with academic institutions including the China University of Geosciences (Wuhan). A wide range of public education and outreach activities are carried out to promote geological heritage and conservation. These include interpretive signage, tour guide training, exhibitions on volcanic science, expert consultations, field visits, and on-site educational sessions. Geological knowledge and protection methods are also communicated through guided interpretation, educational materials, and media coverage.","“The volcanoes of Jingpohu have erupted at least three times in the last 12,000 years”",ha,140000.0,38000,27.0,False,,,http://www.jph.gov.cn,"44.025, 128.85",https://www.unesco.org/en/iggp/jingpohu-unesco-global-geopark
b389f2d6-c47b-5181-8d70-b3db4e8427e3,ASCN14,Keketuohai UNESCO Global Geopark,CN,2017-01-01,"Take an excursion to explore Altai’s granite landscape.Visit the Rare Metals Museum, the Irtysh Museum, and the Global Geopark Museum.Enjoy forests, grasslands, and pastures in spring, go horse riding in summer, admire autumn colours, and ski in winter.","Keketuohai UNESCO Global Geopark is situated on the southern slope of the Altai Mountains in northwestern China, at elevations ranging from 1,072 to 3,234 metres. Shaped by the collision of the Siberian and Kazakh tectonic plates, the region forms part of the Altai orogenic belt and plays a significant role in understanding the geological evolution of Central Asia. The geopark’s striking granitic landscapes, deeply incised valleys, and dynamic tectonic features make it a site of high scientific value. The geopark is renowned for its Altay granitic geomorphology, which has led to comparisons with Yosemite National Park. Visitors can observe bell-, dome-, and taper-shaped granitic peaks along the Irtysh River, formed through long-term weathering and uplift. One of the park’s key features is the site of the 1933 magnitude 8 Fuyun earthquake. The fault rupture remains visible at the surface, making it one of the world’s best-preserved open-air examples of an earthquake-generating fault. Another globally significant feature is the No. 3 granite pegmatite rare-metal ore deposit. These granitic pegmatite veins are considered a textbook example for academic research in mineralogy and economic geology. Their formation required unique dynamic and geochemical conditions over geological time, and they continue to provide valuable data for understanding rare-metal deposits worldwide. In addition to its geological significance, the geopark supports rich biodiversity. The varied vegetation includes mountain coniferous and deciduous forests, alpine meadows, swamp and hygrophilous vegetation, and shrublands. More than 1,400 plant species are found within the geopark, which also provides habitat for diverse wildlife, including the snow leopard.","Keketuohai UNESCO Global Geopark is a culturally diverse region where multiple ethnic communities have coexisted for centuries. The name &quot;Keketuohai&quot; carries different meanings across local languages—&quot;green jungle&quot; in Kazakh and &quot;blue river bend&quot; in Mongolian. Today, the region is home to Indigenous communities including the Kazakh, Uyghur, Hui, Mongol, Dongxiang, and others living in Koktokay, Tiemaike, Tuerhong, and Kalatongke. The Kazakh people, who make up a significant portion of the population, have maintained a nomadic tradition rooted in animal husbandry, moving with the seasons in search of water and pasture. Their cultural life includes equestrian practices, traditional music played on the arkin, singing, and sheep hunting. Fuyun County, where the geopark is located, has recorded 168 recognised intangible cultural heritage elements. These include oral traditions, customs, and practices that vividly reflect Kazakh life and local history. Cultural landscapes such as rock paintings, tombs, and stone statues further enrich the region’s heritage. Among them, the Botamaoyin rock paintings—at least 3,000 years old—stand out for their historical and artistic significance. Together, the cultural traditions, historical legacy, and natural environment contribute to a strong sense of identity and sustainable community development.",“China’s Yosemite”,ha,233790.0,238000,171.0,False,https://bioportalstprod.blob.core.windows.net/portal-media-public/GP/ASCN14/image/main/ASCN14_main.jpg,,http://www.keketuohaigeopark.com/en/,"47.227, 89.837",https://www.unesco.org/en/iggp/keketuohai-unesco-global-geopark
a183c724-0985-516b-8ce7-b06edef87ea9,ASCN18,Lushan UNESCO Global Geopark,CN,2015-01-01,"Try the region’s traditional Lushan Cloud &amp; Fog Tea, made using techniques recognised as intangible cultural heritage.Explore remarkable Quaternary glacial geosites including the Da Ao Glacial Cirque, Tai Yi Glacial Horn Peak, and Wang Jia Po Glacial U-Valley.Visit the Lushan Geopark Museum to learn about the area's geological evolution and significant glacial history.","Lushan UNESCO Global Geopark, located in northern Jiangxi Province and bordering the Yangtze River to the north and Poyang Lake to the east, overlaps with Lushan National Park. The geopark holds exceptional geological significance, particularly as the most important area for Quaternary (2.58 million years ago to present) glacial landforms in eastern China. During the Quaternary period, continuous tectonic uplift of the mountain block intensified glacial erosion, shaping sharp ridges and crests. These striking landforms are now traversed by dramatic waterfalls that feed into the region’s river systems. Lushan is also noted for its full exposure of stratigraphy representative of the Yangtze Platform, one of China&#39;s major geological provinces. This sequence records nearly two billion years of Earth’s history and offers valuable insight into the evolution of the continental crust. The area preserves more than 100 geosites related to glacial evolution, making it one of the best places in China for studying Quaternary glaciation. This record contributes significantly to global comparisons with similar glacial landforms in Europe and North America, offering important data for the study of palaeoclimate change. In addition to its geological heritage, the biodiversity and vegetation of Mount Lushan further enhance its scientific and aesthetic value.","Lushan UNESCO Global Geopark is regarded as one of China’s spiritual centres and is home to several Taoist and Buddhist temples, as well as sites associated with Confucianism. As a UNESCO World Heritage Cultural Landscape, the area reflects a long history of cultural traditions that continue to shape local identity. Donglin Temple, the Lushan Masonry Chant, traditional production techniques of Lushan Cloud &amp; Fog Tea, the Xingzi Stone engraving technique and Xihe Opera are among the region’s recognised tangible and intangible cultural heritage elements. A notable geological and cultural landmark within the geopark is the Tian Qiao Glacial Spillway, a site steeped in both legend and science. According to tradition, Zhu Yuanzhang, the first emperor of the Ming Dynasty, once escaped from his enemies at this location with the help of a golden dragon that appeared from heaven, transformed into a bridge, and allowed his group to cross a deep ravine. The dragon then flew away, and the gap reopened. Geologists, however, attribute the feature to glacial activity: a glacier from Xi Gu Valley once flowed into Jin Xiu Gu Valley, gradually eroding the rock into a natural stone bridge that eventually collapsed around 630 years ago. Lushan UNESCO Global Geopark supports research-based tourism and has been designated as a national-level base for field study and education. Sites such as the Lushan Botanical Garden and the White Deer Cave Academy host educational programmes on geoconservation, sustainable development, and disaster risk reduction for students and teachers. To further enhance its visibility, the geopark organises and participates in a wide range of cultural and tourism events, including the Lushan International Half Marathon Mountain Race, the Jiujiang International Famous Tea and Spring Expo, and the White Deer Cave Academy Chinese Traditional Cultural Forum.",“Mount Lushan is a fusion of geology and culture that captures the spirit of the Chinese nation”,ha,54800.0,18500,34.0,False,https://bioportalstprod.blob.core.windows.net/portal-media-public/GP/ASCN18/image/main/ASCN18_main.jpg,,http://www.lushangeopark.com/English_Web/English_Default.aspx,"29.511, 115.968",https://www.unesco.org/en/iggp/lushan-unesco-global-geopark
17bbffe6-ed36-5672-9c18-507ce3a7e62c,ASJP08,Toya - Usu UNESCO Global Geopark,JP,2015-01-01,"The Jomon Prehistoric Sites – a UNESCO World Heritage Site – include 17 archaeological sites in southern Hokkaido and northern Tohoku, showcasing the heritage of the original peoples who inhabited the Japanese archipelago.At the Date Museum of History and Culture Experiential Learning Center, visitors can watch and even participate as a master swordsmith tempers steel to forge traditional Japanese swords.","In Hokkaido, the northernmost of Japan’s five main islands, there are 1,162 mountains—most of them volcanic—reminders of the balance between creation and destruction that characterises our planet. In the south of the island, an almost perfectly circular lake with a small island at its centre, the remnant of an ancient erupting volcano, forms the heart of the Toya-Usu UNESCO Global Geopark: a land of volcanoes and samurai swordsmiths. Overlooking Uchiura Bay and named in the language of the Indigenous Ainu people—who have inhabited this island and the surrounding lands for at least 10,000 years—Toya-Usu (Toya meaning ‘lake’; Usu meaning ‘cove’) is a unique region shaped by continuous volcanic eruptions and the culture they influenced. The region’s most prominent features are Lake Toya, a caldera formed by an explosive eruption 110,000 years ago, and Mount Usu, a stratovolcano still active today. In the middle of Lake Toya lies Nakajima Island, home to the Tōya Lake Forest Museum, which focuses on Hokkaido’s forest resources, wildlife, and natural environment. Over 20% of Japan’s total forest cover is in Hokkaido, much of it protected as national forest. The Toya-Usu UNESCO Global Geopark includes part of Shikotsu-Toya National Park, home to the brown alpine hare, Ezo red fox, Hokkaido squirrel, Japanese deer, and black woodpecker. These animals live in forests that combine conifers and broad-leaved species such as Ezo spruce, Sakhalin fir, Mongolian oak, and Japanese elm. Due to the area&#39;s volcanic activity, a rare variety of forest succession stages can be observed here, representing different phases of ecosystem evolution.","The Toya-Usu UNESCO Global Geopark exemplifies the coexistence of nature, culture, and community in the shadow of an active volcano. The region embodies the belief shared by the Jomon and Ainu peoples: “living together with ever-changing mother earth.” Volcanic activity has shaped both the landscape and the livelihoods of residents, offering fertile soil for agriculture, rich marine life in Volcano Bay, and natural hot springs used as health resorts for centuries. Education is a cornerstone of the geopark’s approach. Residents have adapted to volcanic risks and become global leaders in disaster risk reduction. Collapsed buildings from past eruptions are preserved as learning sites, and school excursions provide hands-on education in disaster prevention. The geopark certifies “Volcano Meisters,” local experts who share accurate geological information and community knowledge of past disasters to help prepare future generations. The Ainu people and their heritage are central to the geopark’s identity. Archaeological sites such as the Kitakogane and Irie-Takasago Shell Mounds show settlements dating back over 2,000 years. The geopark collaborates with the Ainu community through participation in Kamuynomi Ichalpa festivals—ceremonies offering prayers to the gods—and through efforts to preserve place names and cultural practices. This includes the publication of &#39;Origins of River Names of Toya-Usu UNESCO Global Geopark,&#39; which is widely distributed to celebrate and maintain Ainu heritage. Intangible cultural practices such as lion dances, taiko drumming, indigo dyeing, and samurai swordsmithing continue to enrich the local cultural landscape. Visitors to the geopark can engage in a range of geotourism activities. Trails such as Mount Usu’s Southern Rim, Mount Monbetsudake near Date City, and the Orofure Mountain Trail—used for hiking in summer and cross-country skiing in winter—offer access to the region’s geological features and foster a deeper connection between people and the land.",“Coexistence with the Ever-Changing Earth”,ha,106400.0,46899,45.0,False,https://bioportalstprod.blob.core.windows.net/portal-media-public/GP/ASJP08/image/main/ASJP08_main.jpg,https://www.youtube.com/watch?v=ofq0x1XWgVg,http://www.toya-usu-geopark.org/?pagename=english,"42.608, 140.88",https://www.unesco.org/en/iggp/toya-usu-unesco-global-geopark
4e53b24f-2b30-5aca-a645-d8b5d4d68ea4,EUES16,Cabo Ortegal UNESCO Global Geopark,ES,2023-01-01,"Visit Teixidelo Beach, the only beach in the world with black sand of non-volcanic origin, a unique geological phenomenon shaped by the region’s dynamic landscape.Discover Cape Ortegal and Os Aguillóns, a striking headland that marks the geographical division between the Atlantic Ocean and the Cantabrian Sea, offering breathtaking coastal views.","Cabo Ortegal UNESCO Global Geopark offers a unique opportunity to explore the rich geological history of our planet, with rocks that emerged from the Earth’s upper mantle nearly 400 million years ago. This geopark provides some of the most complete evidence in Europe of the Variscan Orogeny—the collision between Laurussia and Gondwana that led to the formation of the supercontinent Pangaea approximately 350 million years ago. At the time of this collision, the rocks that now define the geopark were located more than 70 km beneath the Earth’s surface, brought upwards through immense geological forces. The geopark’s most significant geological formations are part of one of the most complete allochthonous terrains of the Variscan Orogeny in Europe. These materials represent fragments of continental and oceanic lithosphere that were obducted and imbricated during the collision. The Cabo Ortegal Complex is divided into three geological units, with remarkable high-pressure rock formations such as eclogites, granulites, and gneisses. The region also features exceptional outcrops of the Mohorovičić discontinuity, providing a rare glimpse into the boundary between the Earth&#39;s crust and mantle. The copper deposits historically mined in the geopark originated from hydrothermal activity on the ancient ocean floor. Volcanic fumaroles once released hot gases and minerals, which solidified upon contact with seawater, forming the mineral-rich deposits that later became economically significant. The region is also notable for its mineral diversity, including morenosite and zaratite, secondary nickel minerals found in this unique geological setting. The geomorphology of Cabo Ortegal is equally impressive, with a dramatic coastline featuring cliffs reaching up to 600 metres in height, as well as rías, estuaries, coves, and rocky arches. Inland, tectonic valleys, waterfalls, and evidence of past glaciations shape the landscape. The geopark also includes significant examples of serpentinite karst, an unusual geological feature linked to ultrabasic rock formations.","The communities of Cabo Ortegal UNESCO Global Geopark have adapted to their environment for more than 6,000 years, with traces of human activity dating back to the Bronze Age. The region’s cultural landscape is shaped by archaeological remains, medieval structures, and enduring traditions that reflect the deep connection between people and their surroundings. More than 300 catalogued tumuli, Iron Age castros, and medieval castles such as Moeche and Naraío demonstrate the historical significance of this area. Tourism plays a major role in the local economy, alongside fishing, horticulture, and seasonal agricultural activities. The coastal location supports a strong maritime industry, while inland areas maintain traditional farming practices. Local gastronomy reflects this connection to natural heritage, with high-quality fish, seafood, meat, vegetables, dairy products, and honey forming the basis of the regional cuisine. Festivals and cultural events reinforce these traditions while supporting local economies. The International Celtic World Festival of Ortigueira is a major celebration of Celtic culture, recognised internationally. Other notable events include the Irmandiño Festival, which commemorates a 15th-century rebellion, and rural fairs in Moeche and San Sadurniño, preserving agricultural traditions. Seafaring heritage is celebrated through maritime processions in Cariño, Cedeira, and Ortigueira. The Pantín Classic of Valdoviño, an internationally recognised surfing event, highlights the geopark’s coastal environment.",,ha,79972.0,27683,35.0,False,https://bioportalstprod.blob.core.windows.net/portal-media-public/GP/EUES16/image/main/EUES16_main.jpg,,https://proxecto.xeoparquecaboortegal.gal/es,"43.635, -7.972",https://www.unesco.org/en/iggp/cabo-ortegal-unesco-global-geopark
d3155a7b-f5b6-5a16-a312-2d3ce219b079,ASJP09,Unzen Volcanic Area UNESCO Global Geopark,JP,2015-01-01,"Mt. Unzen Volcano Museum, known as the “Gamadas Dome,” is a central facility of the geopark, offering interactive exhibits on both recent and ancient volcanic eruptions on the Shimabara Peninsula.Tanimizu Terraced Paddies are included on the list of Japan’s 100 best rice terraces, showcasing sustainable agriculture in volcanic terrain.The vistas from Tanabatake Observatory and Chijiwa Observatory offer panoramic views of the peninsula’s dramatic volcanic landscape.","Covering the entirety of Shimabara Peninsula, the Unzen Volcanic Area UNESCO Global Geopark tells the story of the resilience of Japanese communities living in the shadow of an active volcano. Located west of Nagasaki, Shimabara Peninsula’s history and culture are deeply shaped by Mount Unzen, an active volcanic complex made up of several overlapping stratovolcanoes that began erupting around 500,000 years ago. The volcano has a long record of eruptions and tragedies. The most devastating, known locally as the Kansei Eruption, occurred in 1792 when a combination of volcanic activity and earthquakes caused the collapse of the southern flank of Mt. Mayuyama. This triggered a massive tsunami, resulting in more than 15,000 deaths. More recently, the volcano was active from 1990 to 1995. During this period, the 1991 Heisei eruption produced a pyroclastic flow that killed 43 people. Despite these tragedies, the local communities have never abandoned their ancestral land. With support from the geopark, they have rebuilt and passed on their lived experiences to younger generations. One example is a local school building preserved exactly as it was following the 1991 eruption. Today, it serves as an educational geosite focused on disaster prevention. The volcano has also enriched the land with fertile soils that support a lush forest landscape. This prompted the creation of Japan’s first national park, Unzen-Amakusa National Park, founded in 1934. The area includes sites of exceptional natural beauty such as the surroundings of Mt. Unzen -Fugendake, a National Natural Monument of Japan. In autumn, its forests erupt in vibrant shades of red, orange, and brown. The volcano is venerated by practitioners of Shugendō, a religion unique to Japan, and is a source of abundant fresh water and hot springs. Among them is Unzen Jigoku (Unzen Hell), one of the region’s three hot spring areas and a major tourist attraction. Visitors can follow a paved walkway through clouds of sulphurous steam rising from the ground, and use the public baths that have been operating since the 19th century.","The region surrounding the Unzen Volcanic Area UNESCO Global Geopark offers a powerful example of how communities coexist with a dynamic natural environment. Its Christian heritage is recognised as the UNESCO World Heritage “Hidden Christian Sites in the Nagasaki Region.” These include the Remains of Hara Castle, where the final battle of the Shimabara Rebellion took place. The site reflects the resilience of Christian and peasant communities during the 17th-century period of persecution and Japan’s subsequent long period of isolation. The battle ended with more than 37,000 casualties. The region’s intangible cultural heritage is equally rich. Shimabara Cotton is a traditional craft passed down through generations. The Shoro-Nagashi ceremony, held annually on 15 August, features floating lanterns—including the distinctive cubical Kiriko Lanterns—representing prayers for departed souls. Haze candle-making, using wax from the Rhus succedanea tree, is another enduring tradition that reflects how communities adapted to seasonal agricultural cycles. Geotourism plays an active role in sustaining the local economy and cultural landscape. Walking trails such as the Kyushu Olle Shimabara Course immerse visitors in the peninsula’s scenic beauty and traditional culture. Partnerships with farmers and fishermen offer geo-tours that connect agricultural and marine practices with the volcanic heritage of landmarks such as Mt. Fugen.",“Coexistence of an active volcano and human beings”,ha,45952.0,127833,326.0,False,https://bioportalstprod.blob.core.windows.net/portal-media-public/GP/ASJP09/image/main/ASJP09_main.jpg,https://www.youtube.com/watch?v=YJAr4kIL6kk,http://www.unzen-geopark.jp/en/,"32.74, 130.255",https://www.unesco.org/en/iggp/unzen-volcanic-area-unesco-global-geopark
31c74ede-3bac-5185-94e5-1028d410748e,ASCN29,Wangwushan-Daimeishan UNESCO Global Geopark,CN,2015-01-01,"For the more adventurous visitors, the ropeway of the Wangwushan Scenic Area offers the opportunity to observe geological relics of the Wangwushan orogeny and the Fangshan landform.Visitors can also hike on any Wangwushan national forest trails or go horseback riding on the alpine meadow area at the top of Daimeishan.The Wangwushan-Daimeishan Geological Museum, located beneath the peak of the Temple of Heaven, allows visitors to explore all aspects of the geopark’s geological heritage.","In Henan Province, Wangwushan-Daimeishan UNESCO Global Geopark is known as the “gene base of seeds in northern China”, a place of remarkable biodiversity. It is home to China’s largest macaque reserve, where more than 3,000 Taihang macaques – a gregarious Old World monkey – inhabit the forests as the spirit of the mountains. The geopark preserves a complete geological record from the Neoarchean to the Cenozoic, offering a rare opportunity to trace more than 2.5 billion years of Earth history. The Linshanyan Group, formed over 2.5 billion years ago, represents the oldest strata in the region. From this foundation, layered deposits from the Proterozoic, Paleozoic, Mesozoic and Cenozoic periods developed in sequence, capturing evolutionary events across deep time. This includes Mesozoic lakebed turbidites rich in fossils, and volcanic rocks of the Xiyanghe Group. Wangwushan-Daimeishan UNESCO Global Geopark is a key site for understanding the evolution of the North China Craton. The Tiantanshan tectonic profile displays evidence of major tectonic events between 2.5 and 1.45 billion years ago, while records of neotectonic movement reflect the formation and evolution of the Yellow River. These features provide essential insights into the tectonic processes associated with the fragmentation of ancient supercontinents such as Columbia. The park&#39;s varied terrain across Wangwu Mountain, Daimei Mountain, and the Yellow River Valley also supports more than 1,200 plant species, including Ginkgo trees over 2,000 years old, and contains over 20 types of mineral resources.","Wangwushan-Daimeishan UNESCO Global Geopark supports a diverse cultural landscape that includes both tangible and intangible heritage. Across its territory, protected sites range from the nationally recognised Yangtai Temple to municipal landmarks such as Pujia Temple and the Beiye Porcelain Kiln Site. These culturally significant areas are complemented by extensive intangible heritage, including the Shaoyuan Myth Group, and traditional practices like Daimei cloth weaving, Yellow River Chengni Inkslab carving, and Dongling tea preparation. The geopark offers a variety of thematic routes that integrate geological, ecological, and cultural interpretation. Well-marked trails such as the Xiaogoubei Rift Valley route and the Wangwu Mountain Taoist cultural route are designed to be accessible, with interpretive signage, green transport options, and ropeways connecting key sites. These routes allow visitors to experience the landscape while learning about its geological significance and cultural legacy. The geopark actively engages in climate change education and natural hazard preparedness. Through public science campaigns, educational videos, and emergency training activities, it raises awareness of regional risks such as mountain floods and supports local resilience through the implementation of Jiyuan’s disaster response protocols. These efforts underline the geopark’s role in safeguarding both heritage and community well-being.",“The oldest rocks at Wangwushan-Daimeishan are more than 2.5 billion years old”,ha,98600.0,110620,725.0,False,https://bioportalstprod.blob.core.windows.net/portal-media-public/GP/ASCN29/image/main/ASCN29_main.jpg,,http://www.geopark-wws.com/en/,"35.086, 112.195",https://www.unesco.org/en/iggp/wangwushan-daimeishan-unesco-global-geopark
07b25647-3170-5e37-a2b3-3c13600e2274,ASCN31,Xiangxi UNESCO Global Geopark,CN,2020-01-01,"In July or September, do not miss the Singing Festival of the Miao people or the Autumn Harvest Festival.Discover the world’s largest red stone forest landscape, formed from rare oxidised sediments in the mid-Ordovician, shaped by tectonic activity.Visit Furong Town to explore the Xiangxi UNESCO Geopark Museum and learn about the region’s geology, biodiversity, and Tujia and Miao cultural heritage.","Located in Hunan Province, China, Xiangxi UNESCO Global Geopark is characterised by a striking karst platform–canyon landscape with deep gorges, waterfalls, and canyons. The region is also home to the world’s largest red stone forest landscape, composed of purplish-red nodular marlite, muddy limestone, and marlite. These deposits, laid down in the platform-shoal facies of the mid-Ordovician Series, formed under rare oxidised sedimentary conditions and are structurally controlled by tectonic joints. The geopark contains a nearly complete stratigraphic sequence ranging from the Qingbaikou System to the Quaternary, offering a continuous record of geological history from the Proterozoic to the present. The area lies within a foreland basin developed on the middle and upper Yangtze Craton, which has undergone multiple phases of tectonic evolution, including the subduction of the Pacific Plate. As a result, the area features a variety of carbonate rock formations and significant structural features. Xiangxi UNESCO Global Geopark is globally recognised for its palaeontological significance. It is exceptional for hosting two Global Standard Stratotype-Section and Points (GSSPs) from the Cambrian System, which have contributed to resolving key challenges in defining global Cambrian strata. The site is also notable for the Trilobite Fossil Group of the Ordovician Period, discovered in Liexi County. These fossils provide critical insight into early marine ecosystems and the Ordovician radiation event. Among them, Asaphopsoides yongshunensis stands out as one of the largest trilobites found in China, offering strong evidence for understanding marine life in the early Paleozoic era.","The cultural heritage of the Tujia and Miao ethnic minorities is a defining feature of Xiangxi UNESCO Global Geopark. Recognised as one of the birthplaces of Wuling Culture, around 80% of the territory&#39;s residents belong to Tujia and Miao communities. These communities maintain distinct architectural styles, food traditions, and cultural practices that continue to shape daily life in the region. Cultural activities play a strong role in community identity. The Autumn Harvest Festival of the Miao people, included on UNESCO’s Representative List of the Intangible Cultural Heritage of Humanity, brings together communities in traditional dress to sing, dance, and mark the harvest season. In July, the Miao Singing Festival is another important expression of living heritage. Local oral traditions include the story of Panhu and Xinnu, a foundational myth regarded by the Miao people as part of their ancestral origins. Trails such as the Zuolong Canyon route connect geological and cultural experiences, ending in Daxiaozhai village where visitors can observe traditional Tujia life and practices.",,ha,271000.0,44510,109.0,False,https://bioportalstprod.blob.core.windows.net/portal-media-public/GP/ASCN31/image/main/ASCN31_main.jpg,,,"28.594, 109.691",https://www.unesco.org/en/iggp/xiangxi-unesco-global-geopark
213ddb48-888c-5bc0-9a73-83a6ad695bc4,ASCN32,Xingwen UNESCO Global Geopark,CN,2015-01-01,"Discover Jia’s micro-carving, a unique art form from Xingwen with the highest writing density in the world, recognised as provincial intangible cultural heritage.Visit the Xingwen Geological Museum, designed to reflect the region’s karst landscapes and ethnic heritage, including references to Miao and Bo cultures.Hike or cycle through the Stone Sea scenic area.","Xingwen UNESCO Global Geopark, located in the south of Sichuan Province, China, is known as a land of karsts—distinctive geological landforms created by the dissolution of carbonate rocks such as limestone. The geopark features striking surface stone forests, deep canyons, underground rivers, sinkholes, and a wide range of cave formations. It is one of the most significant regions in southwest China for the study of karst processes and landforms, often referred to as a natural museum and encyclopaedia of karst geology. The region is shaped primarily by Permian and Triassic carbonate rocks and exhibits a wide variety of karst features including peak clusters, peak forests, stone buds, depressions, valleys, stalagmites, stone curtains, and underground rivers. Xingwen is also notable as one of the earliest locations in China where the term Tiankeng (sinkhole) was used and researched. The Great Funnel, a vast natural depression formed by crustal movement, reaches a long diameter of 650 metres, a depth of 208 metres, and is considered one of the largest sinkholes ever recorded. Among the geopark’s most significant geosites is Tianquan Cave, the longest accessible natural karst cave in China. The tour route spans 10.5 kilometres across four levels, where visitors can observe richly developed cave features including stone flowers, stone milk, stone columns, waterfalls, terraces, and curtains. The cave provides an exceptional example of underground karst development and is an important site for both geological study and science education.","Xingwen UNESCO Global Geopark is home to both Han and Miao communities, whose cultural practices and livelihoods remain closely tied to the local environment. The region supports a mixed economy of traditional agriculture, forestry, and tourism, with hiking and cycling opportunities available in scenic areas such as the Stone Sea. Among the area’s most distinctive cultural expressions is Jia’s micro-carving, a detailed and densely scripted art form that originated in Xingwen County. Evolving from Chinese painting, calligraphy, and seal-cutting traditions, it has formed its own stylistic school. The practice has been passed down since the late Qing Dynasty and was recognised as municipal intangible cultural heritage in 2010, and as a provincial heritage item in 2011. The Xingwen Geological Museum, located within the geopark, serves as both a visitor centre and a cultural landmark. Designed to reflect the region’s major geological formations and ethnic heritage, its architecture symbolically incorporates elements of karst landscapes, such as sinkholes and underground caves. The building’s form also references the traditional hat of the Miao King and features decorative patterns inspired by the Bo people, whose cultural legacy remains visible in local hanging coffins and rock art.","“The Tiankeng Doline, a massive karst sinkhole, is a premier place for the study of karst geology”",ha,15600.0,316000,2025.0,False,,,http://www.xwgeopark.com/,"28.245, 105.085",https://www.unesco.org/en/iggp/xingwen-unesco-global-geopark
b18442e7-1fa7-51d9-90e1-5615a36a296b,ASCN34,Yanqing UNESCO Global Geopark,CN,2015-01-01,See fossilised dinosaur footprints from multiple species and the largest collection of silicified wood in northern China.Visit the Yanqing UNESCO Global Geopark Museum and Great Wall sites built directly on ancient geological formations.,"Located in the northwestern part of Beijing, Yanqing UNESCO Global Geopark spans a landscape shaped by over a billion years of geological processes. It comprises four scenic areas: Longqingxia and Guyaju in the west, Qianjiadian in the east, and Badaling in the south. The geopark lies within the broader influence of the Yanshanian orogeny and offers a rich record of tectonic, sedimentary, and palaeontological features. The region’s geological formations include carbonate rocks dating from 1.9 to 0.8 billion years ago, marked by complex ripple marks, angular unconformities, and multistage intrusive and extrusive rocks. These features provide key insights into the long-term geological evolution of the North China Plate. Notable geosites include the Liudaohe Anticline, Hongshiwan Dome, and large-scale monoclinal landforms, all formed during the Yanshanian tectonic activity. The area also contains dense fault systems, vertical strata, and karst landscapes, making it one of the most representative sites for North-China-type karst geomorphology. Fossilised dinosaur footprints and the largest collection of silicified wood in northern China provide further evidence of life during the Yanshanian period. These trace fossils include prints from theropods, sauropods, ankylosaurs, and ornithopods—some of which are not found in surrounding regions—making them a unique and valuable part of the geopark’s geoheritage.","Human activity in the Yanqing UNESCO Global Geopark area dates back 40,000 to 50,000 years, as evidenced by numerous unearthed cultural relics and stone tools. During the Warring States period, the region formed part of the territory of Northern Yan, and the ruins of the Yan Dynasty Great Wall remain visible. Sections of the Great Wall built during the Ming and Qing dynasties, now recognised as a World Cultural Heritage site, are closely linked to the region’s geological history. At Badaling, for example, the wall was constructed on exposed, wave-like surfaces of the Badaling complex rock—formed during the late Yanshanian tectonic movement—offering a clear example of the integration between geoheritage and historical culture. Supporting national sustainable development goals, the geopark combines environmental protection with education and tourism. The Yanqing UNESCO Global Geopark Museum and visitor centres focus on public outreach and education, offering clear, accessible geological information to students and the wider community. Educational materials are made publicly available, and training is offered to teachers to help them conduct geology-based learning activities.",“Where dinosaurs once walked”,ha,139800.0,100000,72.0,False,https://bioportalstprod.blob.core.windows.net/portal-media-public/GP/ASCN34/image/main/ASCN34_main.jpg,,http://www.yqdzgy.cn/,"40.563, 116.207",https://www.unesco.org/en/iggp/yanqing-unesco-global-geopark
cb3f72ec-ef7d-5182-aec2-7ddd46d1e768,ASCN36,Zhangjiajie UNESCO Global Geopark,CN,2015-01-01,"There are four scenic areas in the UNESCO Global Geopark – Zhangjiajie, Suoxiyu, Tianzishan and Yangjiajie – featuring 40 geosites of national significance and 12 of international significance.Zhangjiajie’s landscapes may feel familiar to those who have seen Avatar, the blockbuster movie that was filmed here.","Like an abandoned city in which skyscrapers were overgrown by vegetation, the rock formations of the Zhangjiajie UNESCO Global Geopark in Hunan Province of China have an eerie atmosphere. Unlike other pillar-like formations that are of karstic nature, the stone towers of Zhangjiajie, which reach heights of more than 1,000 metres, are made of quartz-rich sandstone, and the peculiar landscape is the result of many years of physical, rather than chemical, erosion caused by millennia of expanding ice in the winter and the vegetation that grows on them. The geopark is predominantly shaped by sandstone peak forest landforms, with additional features including karst caves and various water bodies. This diverse geomorphology is accompanied by a rich subtropical ecosystem. The geopark preserves many endangered animal and plant species and is considered a living gene pool reflecting the original state of the region&#39;s ancient biological environment. Since its designation, it has also played an important role in conserving geological and ecological heritage while promoting geoscience education and sustainable development.","Zhangjiajie UNESCO Global Geopark carries out a range of initiatives to promote public engagement, environmental awareness, and sustainable tourism. Cultural events such as the “Colourful Folk Customs to Welcome the New Year of the Ox” and the “Maoyan Berry Cup Tea Skills Competition” help sustain local traditions. Educational programmes include the Zhangjiajie geomorphology study tour, organised in cooperation with the Park Museum for International Museum Day, and public lectures on the park’s geological features. Scientists from research institutions and universities regularly conduct fieldwork, supported by several joint teaching and research bases. The geopark also works to enhance geoscience communication through improved interpretation systems and the distribution of educational materials, helping guides incorporate scientific knowledge into visitor experiences. Community involvement is encouraged through activities such as World Clean Day and environmental clean-ups by mountain rescue teams. Partnerships with institutions like Yangtze University further support the integration of conservation and education. The geopark also promotes public participation through outreach activities including the Wulingyuan Aerial Photography Competition.",“A living Chinese landscape painting”,ha,39800.0,55722,140.0,False,https://bioportalstprod.blob.core.windows.net/portal-media-public/GP/ASCN36/image/main/ASCN36_main.jpg,,http://www.zhangjiajieglobalgeopark.org.cn/en/,"29.342, 110.497",https://www.unesco.org/en/iggp/zhangjiajie-unesco-global-geopark
8d5e1416-b113-5a80-a0ce-1fe8a6fa1410,ASCN39,Zigong UNESCO Global Geopark,CN,2015-01-01,"Experience the Zigong International Dinosaur Lantern Festival, a centuries-old tradition that transforms the city each year with vibrant lantern displays and cultural celebrations.The Jinhua Cyathea Nature Sanctuary is home to approximately 16,000 Cyathea trees, showcasing the region's unique wild flora. This area provides an excellent opportunity for studying Zigong's paleogeography, paleoclimate, and paleoenvironment, contributing to valuable scientific research.","With a history spanning over 2,000 years, Zigong is recognised as one of the world’s oldest well salt cities. Its cultural heritage includes advanced salt extraction techniques, extensive historical records, and preserved production sites, towns, and streets shaped by the salt trade. Associations and guild halls offer further insight into the region’s historical social organisation. One of the geopark’s most prominent geosites is the Shenhai Well, which retains key relics of pit sinking, brine extraction, and salt production. Among these is the wooden derrick crown—sometimes called the “Oriental Eiffel Tower”—which reflects the region’s historic engineering achievements. Zigong UNESCO Global Geopark is also internationally renowned for its fossil record. The Dashanpu Dinosaur Fossil Site and the Zigong Dinosaur Museum house nearly 300 palaeovertebrate specimens, including complete dinosaur skeletons, rare skulls, eggs, and footprints. The museum plays a central role in scientific research and public education on Earth’s prehistoric past. The geopark lies within the Ziliujing Depression of the Sichuan syncline on the Yangtze Platform. Its geoheritage includes Jurassic terrestrial strata with rich vertebrate fossil assemblages of national and international scientific value, alongside the well-preserved industrial remains of ancient salt production.","Zigong is renowned for its Lantern Festival, which dates back over 800 years. The Chinese Lantern Museum—the only professional museum in China dedicated to lantern culture—preserves and promotes this vibrant tradition. Each year, the Chinese Lanterns Park hosts the Zigong International Dinosaur Lantern Festival, attracting large numbers of visitors with its elaborate and colourful displays. The geopark&#39;s major protected features include the Dashanpu Dinosaur Fossil Fauna, salt well geology and industrial relics, and a variety of cultural and natural heritage sites. Over the centuries, the local salt industry has contributed ten world-leading innovations in fields such as drilling technology, well construction, and resource management, forming a significant part of the region’s heritage. The geopark operates three professional museums—the Dinosaur Museum, Salt Industry History Museum, and Chinese Lantern Museum—and collaborates with local schools through the Geoscientific Popularization Education Center.",“A dinosaur site of over 150 million years old – A well-salt capital of two thousand years old”,ha,163046.0,1607000,1009.0,False,https://bioportalstprod.blob.core.windows.net/portal-media-public/GP/ASCN39/image/main/ASCN39_main.jpg,,http://www.ziggeopark.com/Page_18.html,"29.374, 104.47",https://www.unesco.org/en/iggp/zigong-unesco-global-geopark
1c4922f2-a26f-5a4f-ae94-52aacc326ad6,ASID01,Batur UNESCO Global Geopark,ID,2015-01-01,Take a sunrise hike of Mount Batur for exceptional views.Visit the subak irrigation system.Enjoy the thermal waters at Lake Batur.,"Batur UNESCO Global Geopark is located in Bali, an island in Southeast Asia that sits just west of Java, their shores almost touching. Known for its white sand beaches, crystal-clear waters, and lush tropical forests, Bali is a popular international tourist destination in Indonesia, attracting visitors with its natural beauty and vibrant culture. Bali’s volcanic origin places it on the Sunda Plate, shaped by the subduction zone southwest of its shores. The island is home to five volcanoes, among which Batur, Agung and Bratan are the most prominent. Mount Batur, despite its modest height of 1,717 meters, is one of the most beautiful in the region due to its concentric calderas, crescent-shaped lake, and the breathtaking sunrise views often enjoyed by hikers. The volcano, believed to have formed less than 30,000 years ago, features a 700-meter-tall active stratovolcano within its younger caldera, surrounded by Lake Batur and its geothermal hot springs. Part of the Pacific “Ring of Fire,” Mount Batur has erupted at least 22 times between 1804 and 2000, solidifying its position as one of Indonesia’s 127 active volcanoes. The phenomenon of double-calderas, featuring a crescent-shaped volcanic lake measuring 7 km in length and 1.5 km in width, is considered an exceptional geological feature. The uniqueness of the area’s geology of volcanic origin, endemic flora and fauna, and Balinese Hindu culture is a perfect combination of different heritages of the Earth.","The Batur UNESCO Global Geopark spans 15 villages within the Kintamani district of Bali’s Bangli Regency, where agriculture and tourism form the backbone of the local economy. Among the area&#39;s notable products and traditions are Kintamani sweet oranges, civet coffee, wooden crafts, and bamboo carvings. The Kintamani dog, a native species originating in Sukawarna Village, is another symbol of the region’s heritage. Through the geopark’s initiatives, geosites serve as hubs for conservation, education and the growth of the local economy, driven by sustainable tourism. Inhabited for more than 4000 years, the island is famous for its spectacular cultural traditions, including UNESCO World Heritage-listed dances, such as Baris, performed by the geopark’s communities. Part of the Batur UNESCO Global Geopark overlaps with the UNESCO World Heritage “Cultural Landscape of Bali Province: the Subak System as a Manifestation of the Tri Hita Karana Philosophy,” inscribed to preserve five traditional rice terraces and their water temples. The temples are the heart of a cooperative water management system of canals known as subak, dating from the 9th century.&nbsp; Efforts to mitigate disaster risks in the Batur area are integral to the geopark’s mission. Collaborating with the Center for Volcanology and Geological Disaster Mitigation (PVMBG), the geopark has developed museum visit programmes where students can learn about volcano monitoring at the observation post. Additional collaborations with the Regional Disaster Management Agency and BPSDM-Geominéba provide disaster preparedness training for students and local communities.","“In the middle of the first caldera emerges Mount Batur volcano, which has a second caldera”",ha,36640.0,94850,45.0,False,,https://www.youtube.com/watch?v=XIf3GXSW_YA,http://www.baturglobalgeopark.com/index.php/changelang/en,"-8.247, 115.343",https://www.unesco.org/en/iggp/batur-unesco-global-geopark
09cd3467-4c18-5b43-aa98-6971feec74fa,ASID09,Merangin Jambi UNESCO Global Geopark,ID,2023-01-01,"Visit Lake Depati Empat, a tectonic wonder nestled between ancient faults, featuring Pliocene-aged granodiorite and volcanic formations that showcase millions of years of geological history.Explore Goa Kristal Tiangko, a prehistoric karst cave rich in archaeological significance, where ancient tools and artefacts reveal human settlement dating back over 9,000 years.Discover the Mengkarang Formation along the riverbanks, where fossilised brachiopods, crinoids and ferns from the Early Permian period offer a glimpse into life 290 million years ago.","Situated in the central part of Sumatra Island, the Merangin Jambi UNESCO Global Geopark’s topography encompasses lowlands on the eastern side and highlands on the western side, with the highest peak reaching an elevation of 2,900 m above sea level on Mount Masurai. One of the primary geological attractions in the geopark is the Permian flora fossil deposits, which date back approximately 252 to 299 million years. These deposits originate from a remnant of Cathaysialand, a microcontinent that separated from Gondwana during the Permian period and later split into the North China and South China terranes.&nbsp; The geopark is renowned for its unique fossilised flora, the last remaining and exposed specimens of their kind in the world. The Araucarixylon fossils exist within a lacustrine sediment environment and are accompanied by leaf fossils and shallow marine Fusulina fossils. The fossils are located in stratigraphic association with volcanic products such as agglomerate and basaltic lavas, believed to have originated around 303 million years ago in the Late Carboniferous or Pennsylvanian Carboniferous period within the Karing Palaeovolcanic area. The geopark features karst caves from the Mersip Peneta Formation, dating back from the Jurassic to Cretaceous period (approximately 164 to 100 million years ago). In highland areas in the geopark&#39;s western part, lies the Masurai Complex Volcanic of the Quaternary period. This region houses the last-known caldera on Sumatra Island and in Indonesia. The Masurai Complex Volcanic is linked to the Sumatran Fault System of the Dikit segment, which has been active since the Middle Miocene era and continues to the present day. The exceptional geology found in Merangin Jambi UNESCO Global Geopark contributes to stunning scenery, which holds significant conservation importance and is recognised as part of the World Heritage designation known as the Tropical Rainforest of Sumatra, inscribed in 2004.&nbsp;","The Merangin Jambi UNESCO Global Geopark, in collaboration with local communities, is dedicated to promoting sustainable development, fostering fairness and prosperity, safeguarding cultural heritage, and promoting Indigenous knowledge, which contributes to its valuable scientific legacy. The communities within the geopark region uphold a vibrant cultural heritage, expressed through unique traditions. The Kadam Dance from Muara Madras Village incorporates ancient martial arts movements like Pencak Silat Siamang, Tiger Silat and Eagle Silat. Dating back hundreds of years, the performance symbolises discipline and moral values within the community. Dancers, wearing masks made from areca fronds and costumes of black palm-fibre and garden-inspired accessories, are accompanied by the rhythmic beats of the Gendang Dap and Gong. The geopark provides a platform for studying the past, present and future, supporting Indigenous communities who maintain traditional forests and environmentally friendly farming practices that protect water sources and soil fertility. These communities actively address climate change by developing sustainable micro-hydro energy sources.",,ha,483200.0,213288,44.0,False,https://bioportalstprod.blob.core.windows.net/portal-media-public/GP/ASID09/image/main/ASID09_main.jpg,https://www.youtube.com/channel/UC3AApvWJEY4vJOTgT0Pvt8g,https://geopark.meranginkab.go.id/,"-2.263, 102.06",https://www.unesco.org/en/iggp/merangin-jambi-unesco-global-geopark
b659c2d6-9b9d-5050-95b6-1ef54f7fe64a,ASIR03,Tabas UNESCO Global Geopark,IR,2023-01-01,"Explore Iran's largest wildlife refuge, covering 1.5 million hectares and home to the endangered Asian cheetah. Discover diverse landscapes including sand dunes, mountains, and salt marshes, as well as rich flora and fauna such as bitter almond, wild fig, leopards, caracals, and chinkaras.Discover the ancient craft of Tabas engraving, where intricate designs are created on copper and tin using traditional burin techniques.","Tabas UNESCO Global Geopark, situated in the northwest of South Khorasan Province, has long been recognised as a transport corridor connecting the southern and western regions to the eastern and northeastern parts of Iran, thanks to its distinctive geographical location. The geopark has been referred to as Iran’s geological paradise by many geologists and researchers due to its rich geological diversity, showcasing the uninterrupted evolution of the planet from the Precambrian to the Early Cretaceous periods. It contains the most comprehensive Paleozoic succession in all of West Asia. Tabas UNESCO Global Geopark stands out from other parts of Iran for its rock outcrops from the Cryptozoic Eon (ranging from 4.6 billion to 542 million years ago) and the Paleozoic Era (542 to 251 million years ago). These exposures reflect Earth’s evolutionary history and evidence of ancient life. The geopark includes a range of outcrops from the Precambrian, Paleozoic, Mesozoic, and Cenozoic periods, alongside an impressive array of fossils and minerals. The Paleozoic rock outcrops found here form the most complete record of this geological era in Iran and West Asia. In addition to its geological significance, the geopark features picturesque valleys, hot springs, and rivers. Key geological sites of international importance include the Kalmard Box Folding, Darin Angular Unconformity, Nayband Fault, Permian–Triassic Boundary, and Cruziana trace fossils.","Indigenous peoples and local residents of Tabas UNESCO Global Geopark are closely involved in a wide range of initiatives, including the construction of local guesthouses and information points, geosite conservation, and the safeguarding of historical knowledge and intangible heritage. This collaborative approach has significantly strengthened the management and visibility of the geopark. For example, the Esfahk Local Ecolodges, located within the historical core of Esfahk village, have restored traditional houses for sustainable tourism. The Tabas Anthropological Museum, managed by the Tabas Cultural Heritage, Tourism and Handicrafts Organisation, offers a compelling exhibition on traditional ways of life and tools used in the region. One of the geopark’s main goals is to entrust the stewardship of geosites to local communities while retaining overall supervision. Geosites located in or near rural villages are therefore managed by local residents, who benefit directly from and act as caretakers of these locations. Community members actively participate in geopark meetings to plan geosite development, ensuring that cultural preservation and site conservation align with local needs and perspectives. To achieve sustainable tourism, the geopark prioritises socio-cultural, economic, and environmental factors. Local involvement is central to this strategy, ensuring that development benefits both people and the landscape.",,ha,2277100.0,72617,3.0,False,https://bioportalstprod.blob.core.windows.net/portal-media-public/GP/ASIR03/image/main/ASIR03_main.jpg,,https://www.tabasgeopark.com,"33.457, 56.534",https://www.unesco.org/en/iggp/tabas-unesco-global-geopark
89c83a94-1ffc-57c9-b16c-e29b6d1b7325,ASJP03,Izu Peninsula UNESCO Global Geopark,JP,2018-01-01,"Charming coastal towns, such as Shimoda and Atami, offer glimpses into the region’s maritime heritage with historic buildings, museums, and scenic waterfronts.The geopark is also home to ancient shrines and temples, such as those along the Jogasaki Coast and at Shuzenji Temple, providing spiritual and cultural experiences for visitors.","At the Izu Peninsula, a land shaped by time and tectonic drama, nature’s story unfolds in remarkable detail. Born far to the south, where the Tropic of Cancer cradled volcanic islands 20 million years ago, this peninsula began its journey as part of the deep ocean floor. Magma surged upward as the Pacific Plate slid beneath the Philippine Sea Plate, creating a fiery chain of submarine volcanoes. Carried slowly northward by the relentless movement of tectonic plates, these volcanic formations drifted for millennia, eventually colliding with the mainland of Japan around 600,000 years ago. Here, at the Izu Collision Zone, nature gathered all her forces, sculpting a landscape where two volcanic arcs meet—an extraordinary convergence seen nowhere else on Earth. This epic clash continues to define the peninsula’s dynamic geology, with the collision causing crustal shortening, faulting, and volcanic eruptions that shape its rugged terrain. The legacy of these forces is visible in geosites like the Tanna Fault, which unleashed the devastating magnitude 7.0 North Izu earthquake in 1930, and the Omuro Volcano, a dormant giant standing as a perfectly conical sentinel of past eruptions. The Izu Peninsula is also a pivotal chapter in the creation of the Japanese archipelago. During the Cretaceous, when dinosaurs roamed, the Japanese Island Arc was firmly attached to the Eurasian continent’s eastern edge. Volcanic activity intensified about 25 million years ago, causing the arc to break away. The arc bent into a boomerang shape, with Tokyo at its centre, and eventually, the Izu block collided with this island arc, adding its unique geological identity to the peninsula’s story. The rugged coastline, stretching for 318 kilometres, alternates between steep cliffs and serene bays, while the central mountains, crowned by Mt. Banzaburo at 1,405 metres, dominate the horizon. Suruga Bay to the west plunges to depths of 2,500 metres, while Sagami Bay to the east reaches 1,500 metres offshore, their waters shaped by deep tectonic forces and ocean currents. Rivers like the Kanogawa carve narrow paths through the volcanic debris, echoing the power of past eruptions. Every corner of the Izu Peninsula tells a story of Earth’s evolution, where the interplay of volcanic power, tectonic forces, and time itself has created a living monument to our planet’s dynamic history.","The Izu Peninsula is a vibrant hub where geological wonders, cultural heritage, and community initiatives intersect to sustain and enrich local life. Evidence of human activity here dates back 37,000 years, with stone tools unearthed in Numazu City showcasing some of the earliest examples in Japan. These tools, crafted from obsidian sourced from nearby Kouzu Island, hint at the region&#39;s ancient maritime connections. Later, during the Kofun period (200–600 CE), sites like the Kashiya Cave Tombs and Ema Cave Tombs became key cultural landmarks, reflecting the peninsula’s evolving human story. History intertwines with mythology and governance in Izu, where Minamoto Yoritomo, exiled to this land, launched the rebellion that founded the Kamakura feudal government in the twelfth century. Centuries later, the region played a pivotal role in Japan’s modernisation, highlighted by the Nirayama Reverberatory Furnaces, a key site of Japan’s Meiji Industrial Revolution. These mid-nineteenth-century melting furnaces, crafted from Izu’s distinctive soft stone, remain a testament to the region’s industrial heritage, now celebrated through collaborations with Izunokuni City and the geopark’s own cultural programmes. Izu’s geological riches also shaped its material culture. The peninsula’s quarries yielded both &quot;Izu hard stone,&quot; used in castle walls, and &quot;Izu soft stone,&quot; integral to storerooms, ovens, and decorative stonework. These stones travelled far, even forming parts of Edo Castle. Alongside its geological wealth, the area harboured valuable gold deposits, with mines like Toi Gold Mine now preserved as historic sites. The intangible heritage of Izu is equally compelling. Festivals and rituals deeply tied to the land and its natural forces continue to define the region’s cultural identity. The Mishima Taisha Shrine honours Mishima Daimyojin, a deity historically invoked to calm volcanic eruptions. Meanwhile, the Kawakanjo Festival, held annually at the Kano River, commemorates lives lost in the devastating 1958 typhoon, blending reverence for nature with community resilience. Agricultural traditions thrive alongside these cultural practices. The method of cultivating wasabi, passed down for over 130 years, reflects a harmony with nature, relying on minimal agrochemicals and preserving the purity of the land. Mount Amagi, with its abundant rainfall and groundwater springs, remains central to this heritage, supporting wasabi cultivation and sustaining the rich biodiversity of the peninsula.",“Land in motion”,ha,202700.0,667234,326.0,False,https://bioportalstprod.blob.core.windows.net/portal-media-public/GP/ASJP03/image/main/ASJP03_main.jpg,https://www.youtube.com/watch?v=aqnCIKYehfI,https://english.izugeopark.org/,"34.889, 138.942",https://www.unesco.org/en/iggp/izu-peninsula-unesco-global-geopark
c3475d39-5481-5dc3-92b5-6d2d2b6d793b,ASKR01,Cheongsong UNESCO Global Geopark,KR,2017-01-01,"Visit the Flower Stone Ecotrail, a 1.1 km route featuring outcrops of spherulitic rhyolite—also known as Flower Stone—a rare geological formation that reveals the cooling and stagnation processes of shallow rhyolitic magma bodies.Explore the Sinseongri Dinosaur Footprints Experience Field, offering fossil excavation activities, dinosaur models, and an educational geological steppingstone inspired by the Copper Coast UNESCO Global Geopark in Ireland.Discover the striking Yongchu Gorge on Juwangsan Mountain.","Enclosed by a mountain range, Cheongsong UNESCO Global Geopark is located in the central eastern area of the Republic of Korea far from the ocean. “Cheongsong” is derived from “Cheongbo” and “Songsang,” meaning “green treasure” and “pine tree ecology,” respectively. Located in the eastern margin of the Eurasian tectonic plate, below which the Pacific Plate is being subducted, the geopark’s geology is highly influenced by this tectonic frontier and home to rock units formed deep in the crust, as a result of magma uplift and crystallisation, or by a combination of high pressures and temperature. Cheongsong UNESCO Global Geopark belongs to the Kyongsang Basin, the biggest sedimentary basin in the Republic of Korea.&nbsp; The area presents igneous, metamorphic and sedimentary rocks, formed from the Precambrian period through the Cenozoic period. Distinctive features demonstrate the interaction between the rhyolitic volcanic activity and water which formed the Cheongsong spherulitic rhyolite and the Dalgi Mineral Spring Site respectively, two representative geosites of the area. Rhyolitic lava has a higher silica content than the average volcanic rock. This abnormal mineralogical content caused the hot lava to cool down in spheres of dark and light layers, resulting in a unique and beautiful type of rock, spherulitic rhyolite, locally called the Flower Stone.&nbsp;","The geopark is home to the Seokguram Grotto, a hermitage that forms part of the Bulguksa Temple complex and is inscribed as a UNESCO World Heritage site. Carved into the granite slopes of Mount Toham and established in the 8th century, the grotto houses a statue of the Buddha facing the sea in the bhumisparsha mudra position. The geopark actively supports cultural heritage and traditional craftsmanship in the region. Historical sites such as the Antique House of Songso contribute to cultural tourism, offering opportunities to experience traditional accommodation and events such as the Cheongsong Cultural Festival and Concert. The region is also home to renowned community masters in traditional crafts, including papermaking, porcelain, and traditional singing. Their expertise helps sustain cultural traditions and bridges historical practices with contemporary artistic expression.",“Cheongsong: a green treasure”,ha,84606.0,24459,31.0,False,https://bioportalstprod.blob.core.windows.net/portal-media-public/GP/ASKR01/image/main/ASKR01_main.jpg,,http://csgeop.kr,"36.367, 129.054",https://www.unesco.org/en/iggp/cheongsong-unesco-global-geopark
6c747851-7815-5d7f-9e1f-7370248a1d8b,ASKR04,Mudeungsan UNESCO Global Geopark,KR,2018-01-01,"Explore Damyang Gamagol Valley, where volcanic landscapes of dacite and rhyolite create a striking natural environment.Visit Juknokwon Bamboo Garden, a 160,000-square-metre park featuring natural bamboo forests, ecological exhibits, and scenic trails. From the observatory, enjoy panoramic views of Damyangcheon Stream, the historic Gwanbangjerim Forest, and Metasequoia Road, home to trees over 300 years old.Discover the roots of Gasa literature at pavilion sites such as Soswaewon and Hwanbyeokdang in the Mudeungsan area. These historic locations reflect the region’s long-standing literary tradition, blending classical poetic forms with folk rhythms and inspiring generations of Korean scholars.","Mudeungsan UNESCO Global Geopark is located in the southern part of the Korean Peninsula near the city of Gwangju. It is centred around Mount Mudeung, a prominent granite mountain rising to 1,186 metres, overlooking Gwangju and the surrounding lowlands. The geopark is a heavily forested area within the Mudeungsan National Park. The climate, influenced by the mountain terrain, is warm and temperate, with significant rainfall throughout the year. Mount Mudeung was formed by volcanic activity during the Cretaceous period, approximately 87 million years ago. The geopark includes 20 geosites spanning seven distinct geological periods. These include five large colonnades of Mudeungsan Tuff shaped by ancient eruptions, extensive block streams and cryoplanation surfaces formed by periglacial processes, and talus slopes with distinct microclimatic environments. Other features include dinosaur footprints and trackways, as well as diverse geological and geomorphological formations such as scenic cliffs and waterfalls. A notable geological feature is the Gwangju Uchiwa-shaped Rock Formation—a large, fan-shaped eroded sandstone formation known for its distinctive shape and size. It is a popular destination for both visitors and geology enthusiasts.","Mudeungsan has preserved its rich cultural heritage thanks to the active engagement of local residents who have long valued and protected the natural environment. In the 1990s, a grassroots conservation movement emerged to safeguard the area. Mount Mudeung is affectionately known as the “Mother Mountain,” reflecting the deep respect and emotional connection the local community holds for this natural landmark. Numerous temples are nestled within the scenic landscape of Mudeungsan, which features volcanic colonnades, steep cliffs, block streams, caves, and waterfalls. Among these, Muryangsa Temple—located on the western foothills of Mudeungsan and first established in the 7th century—is one of the region’s oldest and most significant temples. The Buncheong celadon pottery technique also developed on Mount Mudeung, using the region’s naturally weathered, coarse soils. Unlike traditional pottery clay, the surface was decorated with white kaolin to enhance quality. Clean water, abundant forests, and mineral-rich soils created favourable conditions for pottery production, leading to the spread of kilns throughout the region. The technique became a defining feature of local craftsmanship. Mudeungsan watermelons are recognised as a GEOfood product of the geopark. Grown at altitudes above 500 metres for over 400 years, they are shaped by the region’s distinct geology and climate. Today, nine farms in Geumgok Village collaborate to preserve this agricultural tradition as part of the area’s living heritage.",“Mt Mudeung stands tall in the centre of a spiritual route through the Honam region”,ha,105136.0,1556778,1522.0,False,https://bioportalstprod.blob.core.windows.net/portal-media-public/GP/ASKR04/image/main/ASKR04_main.jpg,https://www.youtube.com/watch?v=Ax0fN6-oEHo,http://geopark.gwangju.go.kr/index.php/site/eng,"35.2, 126.92",https://www.unesco.org/en/iggp/mudeungsan-unesco-global-geopark
c1ab0a9a-49ad-5d8c-85d3-c3fdb2172a54,EUNO03,Trollfjell UNESCO Global Geopark,NO,2019-01-01,"During the annual Nordland Regatta each June, the four-oared bindalsfæringen, the Viking boats, are shown sailing on the Bindalsfjord.See petroglyphs at Vistnesdalen and soapstone quarries at Talvik that trace coastal settlement back to the Stone Age.","The world’s northernmost UNESCO Global Geopark is also the mythical land of the trolls and the immemorial homeland of the indigenous Sámi people. The extraordinary landscape of Trollfjell Geopark, a vast territory dominated by water and thousands of small islands, skerries, fjords, exposed crystalline rocks, but also a rare boreal rainforest, has sparked the imagination of the local populations for centuries. They believed that the stone mountains along the coast, unfriendly to humans, were in fact living creatures that chased beautiful maidens. The trolls, as they are known have inspired dozens of legends, some related to the geopark’s geosites. An example is Torghatten, a stone promontory with a unique feature: it is pierced from one side to the other. The hole on the iconic landmark, one of Norway’s most popular tourist attractions, revered by kings who carved their names on its walls, was formed by marine abrasion of a cave created during periods of higher sea level during the last 2-3 million years. For long periods, the waves, frost and salt eroded the hard granite rock until the caves on either side met and became one. Local legends, however, have a much more interesting explanation in which the hole was created by an arrow during a spectacular quarrel amongst the trolls.&nbsp;&nbsp; Trollfjell UNESCO Global Geopark displays a 600-million-year-long geological history with chapters of closing oceans, the collision of continental plates, mountain building and erosion. In this period two events were of great importance: the shrinking and closure of the ancient Iapetus Ocean, with the creation of the Caledonian mountain chain, granitic batholiths and uplifting of the oceanic crust that formed the Leka Ophiolite, a rare geological occurrence; but also, the several Ice Ages of the last 2.6 million years. The latter left a glacially sculpted landscape and, along the coast, a sub-horizontal plateau, one of the world’s best-developed strandflat, with numerous islands and shallow seas and up to 60 km wide. One of the best ways to explore the strandflat is by kayak allowing the diverse birdlife of the region to be observed undisturbed.&nbsp;","The Trollfjell UNESCO Global Geopark is dedicated to raising awareness about the cultural heritage of the South Sámi people, an Indigenous group with deep ties to the region. This includes highlighting Sámi cultural monuments and intangible heritage such as traditional reindeer herding, which has shaped the landscape and identity of the region for centuries. Though reindeer herding ceased in the mid-20th century within the geopark boundaries, herds continue to migrate seasonally in nearby areas, including the Jillen-Njaarke and Voengelh Njaarke reindeer grazing districts. The Trollfjell UNESCO Global Geopark boasts a cultural heritage spanning over 11,000 years, beginning with the earliest human settlements on the Vega Islands. The Vega Archipelago, a UNESCO World Heritage Site, is home to the eider duck and an ancient way of life based on fishing and the sustainable harvesting of eider down, a tradition that has continued for more than 1,500 years. With evidence of human settlement from the Stone Age onwards, the islands are home to small fishing villages, quays, warehouses, eider houses built for ducks to nest in, lighthouses and beacons. Hundreds of cultural monuments within the geopark offer a window into the evolution of coastal communities, including Stone Age petroglyphs at Vistnesdalen, soapstone quarries at Talvik, and remains of historical mining operations such as the Brønnøy Kalk Quarry, which provided essential resources for tool-making and construction. A current project at Stein Recreation Area in Sømna focuses on interpreting the historical significance of water mills and water-powered operations. This area was once a hub for agricultural processing and early industrial activities, and the geopark is developing interpretive panels and directional signage to guide visitors through its history.","“Trollfjell Geopark aims to provide world-class activities and thrills based
 on the unique geological history and localities in the area”",ha,1008200.0,13362,8.0,False,https://bioportalstprod.blob.core.windows.net/portal-media-public/GP/EUNO03/image/main/EUNO03_main.jpg,,,"65.453, 11.799",https://www.unesco.org/en/iggp/trollfjell-unesco-global-geopark
8f404234-78fb-5c5a-8bc7-e2f277d59eac,ASKR05,Jeonbuk West Coast UNESCO Global Geopark,KR,2023-01-01,"Sample local flavours rooted in the geopark’s coastal environment, where fresh seafood from the sea and tidal flats features in dishes such as seafood porridge, kalguksu (chicken noodle soup), and seasoned vegetables, followed by desserts made with wild mulberries and black raspberries.Join the Masil Walking Festival in May, where participants of all ages explore coastal geosites with geopark guides. The walk combines geological insights with cultural and historical heritage, concluding with local food experiences.From April to October, visit the Gochang Ecotourism Market, held each weekend at the Gochang Dolmen Site, offering local crafts, agricultural products, and traditional snacks.","The Jeonbuk West Coast UNESCO Global Geopark presents 2.5 billion years of well-exposed geological history in the western part of the Republic of Korea. The area is already internationally recognised through multiple UNESCO designations: as a natural and cultural World Heritage site (Gochang, Hwasun and Ganghwa Dolmen Sites), a biosphere reserve (Gochang Biosphere Reserve), and a Ramsar site (Gochang and Buan Tidal Flats) for its exceptional coastal wetlands. The vast tidal flats, interspersed with volcanic features and islands, offer a journey through geological time. Known in Korean as getbol, the Gochang tidal flats are among only 19 coastal wetland areas worldwide with a tidal range greater than 5 metres (macrotidal). With mud layers reaching up to 40 metres in thickness and forming over the last 8,500 years, this site holds one of the thickest Holocene sediment records globally, preserving a rich archive of environmental change since the beginning of the Holocene epoch, 12,000 to 11,500 years ago. Along the coastline, an unusual volcanic feature is the presence of peperite—a rock formed by the interaction of hot magma with wet, unconsolidated sediment. This site provides key geological evidence of synsedimentary volcanism, with distinctive lithofacies and internal textures shaped by magma fragmentation and steam explosions. The geopark is also home to important fossil sites. The dinosaur egg site at Gochang includes the holotype for Faveoloolithidae, the key specimen used to define this type of dinosaur egg. It provides evidence of colonial nesting behaviour in a repeated sedimentary environment.","Jeonbuk West Coast UNESCO Global Geopark preserves a rich cultural heritage, including one of the highest concentrations of dolmens in the world, some dating back to the 3rd–4th century BCE. The Gochang Dolmen Site demonstrates early communities’ understanding of local geology, as they selected and shaped rhyolitic tuff and feldspar porphyry blocks, often naturally fractured by volcanic activity. Beyond the dolmens, the region&#39;s historical depth is reflected in celadon kiln sites from the Goryeo Dynasty (918–1392 AD) and temples nearly 2,000 years old. These cultural assets are actively promoted through geopark initiatives that integrate geological heritage with local traditions, encouraging sustainable tourism and education. The geopark supports local communities through the development of geovillages. In Gochang, Geovillage Hoam—located near the Dolmen Site and Ungok Wetland—features eco-friendly lodges designed by local residents, serves locally grown food, and offers guided geotrail tours and clay craft experiences. In Buan, Geovillage Yuyu near Jeokbyeokgang offers geo-eco tours and traditional cuisine while preserving Buan’s Silkworm Farming system, designated as a Korean Important Agricultural Heritage System. Visitors can learn about silk production and explore mulberry-based products at the Buan Mulberry Promotion Hall. Through these efforts, the geopark ensures that tourism contributes directly to local livelihoods and cultural preservation.",,ha,189300.0,107594,57.0,False,https://bioportalstprod.blob.core.windows.net/portal-media-public/GP/ASKR05/image/main/ASKR05_main.jpg,,http://jwcgeopark.kr/,"35.568, 126.494",https://www.unesco.org/en/iggp/jeonbuk-west-coast-unesco-global-geopark
8a022868-8423-541b-ae25-e7de2abc0998,ASTH02,Khorat UNESCO Global Geopark,TH,2023-01-01,"Explore the Cuesta landscape shaped by Mesozoic rock formations and Himalayan uplift, creating two distinct parallel ridges across the geopark.Visit the petrified wood sites of Chaloem Phra Kiat and Mueang, revealing fossilised trees dating back millions of years.Experience cultural heritage through the Sikhio Tai Yuan Indigenous community’s weaving and building traditions, and the Rueankorat-Chalermwatana folklore project.","Khorat UNESCO Global Geopark, located in Nakhon Ratchasima, Thailand, is recognised as a significant palaeontological site, earning the title of Paleontopolis (City of Ancient Life). Its fossil record spans from 16 million to 10,000 years ago, showcasing an extraordinary diversity of prehistoric life. Among its most remarkable discoveries are fossils of dinosaurs, ancient elephants, and other vertebrates, as well as extensive deposits of petrified wood found in the Chaloem Phra Kiat and Mueang districts. The geopark has been internationally recognised through the scientific classification of several new fossil species discovered in its territory. Notable examples include Khoratosuchus jintasakuli, a prehistoric crocodile, and Sirindhorna khoratensis, a newly identified dinosaur species. These findings underscore the importance of Khorat as a key site for vertebrate palaeontology. Geologically, Khorat UNESCO Global Geopark is underlain by Mesozoic rock formations, primarily the Khorat Group, Maha Sarakham, and Phu Thok formations. These consist of sandstone, conglomerate, siltstone, shale, claystone, and rock salt. The uplift of the Himalayas 65 to 55 million years ago led to the folding and elevation of these rock layers, shaping the current plateau and basin structure. This geological evolution contributed to the formation of two distinct rows of cuestas in the western and south-western regions of the geopark, lending the area its distinctive topography. The Early Cretaceous Khok Kruat Formation has yielded an abundance of fossilised reptiles, including three new species of iguanodont dinosaurs, as well as a carcharodontosaurian theropod dinosaur, a crocodile, and a turtle. In the eastern part of the geopark, fluvial deposits from the Neogene to the Quaternary period have preserved fossils of rare prehistoric mammals, including an ancient orangutan, an anthracothere, and a hornless rhinoceros. These discoveries are complemented by an extensive collection of fossilised plants, with ten genera of ancient elephants identified among the 55 known globally, along with more than 20 other mammal species. The exceptional diversity of mammalian fossils from the Miocene to Pleistocene periods is considered the primary geological highlight of the geopark. With its parallel ranges of cuestas and extensive fossil record, Khorat UNESCO Global Geopark stands as a crucial site for understanding the region’s geological and palaeontological history, solidifying its reputation as Cuesta and Fossil Land.","The Khorat UNESCO Global Geopark is deeply intertwined with the Thai Khorat culture, encompassing the region’s distinctive language, traditions, and musical heritage. The geopark fosters strong connections between geological heritage and cultural identity, as seen in its integration of geosites with historic and religious landmarks, such as the Khao Chan Ngam Cave and Prehistoric Paintings and the Sikhio Sandstone Historical Quarry and Phanom Wan Stone Sanctuary. The geopark has taken an active role in preserving cultural traditions, particularly in collaboration with the Sikhio Tai Yuan Indigenous community, where efforts have been made to record traditional weaving, construction methods, and other intangible heritage elements. The Rueankorat-Chalermwatana Project showcases local folkloric traditions, including traditional building techniques and the Khorat song style. The major economic activity is agriculture, including the cultivation of rice, cassava, and sugar cane, and the raising of cattle, pigs, and chickens. Nakhon Ratchasima is a regional highway and railway transportation centre. In the city centre of Nakhon Ratchasima and the surrounding district cities, the majority of the population is engaged in industry, commerce and services.",,ha,316738.0,741239,234.0,False,https://bioportalstprod.blob.core.windows.net/portal-media-public/GP/ASTH02/image/main/ASTH02_main.jpg,https://www.youtube.com/channel/UCTrQAR2vOpVwVqLKGQQmWUw,https://www.khoratgeopark.com,"14.925, 101.875",https://www.unesco.org/en/iggp/khorat-unesco-global-geopark
911fbc4b-8e92-53a7-a0aa-5c1a8ef8b1b0,EUDE03,Swabian Alb UNESCO Global Geopark,DE,2015-01-01,"Explore Kolbingen Cave, the only show cave in the south-western Swabian Alb, where thousands of years of geological activity have created extraordinary dripstone formations.Experience the Swabian-Alemannic carnival, an Intangible Cultural Heritage tradition celebrated with elaborate wooden masks, local parades, and centuries-old customs unique to the region.Discover castles perched on limestone cliffs, including Hohenzollern Castle and Lichtenstein Castle, alongside significant Celtic heritage sites such as the Heuneburg and the Heidengraben.","The Swabian Alb UNESCO Global Geopark covers a 220-kilometre-long mountain range south of Stuttgart, shaped by gentle hills, juniper heaths, woodlands and river valleys. Its most striking feature is the Albtrauf, a steep escarpment marking the northern edge of the plateau, home to clifftop castles such as Lichtenstein, Reussenstein and Hohenneuffen, and waterfalls like Gütersteiner and Sirchinger. The region’s limestone was formed during the Jurassic period, between 200 and 145 million years ago, when the area lay beneath a warm, shallow tropical sea. Fossils from this time, including ammonites, sharks, and marine reptiles, are abundant. A notable site is the Ofterdingen Ammonite Pavement, where a 200-million-year-old seabed is exposed in the streambed of the Steinlach River. Near Nusplingen, the finely layered limestone preserves remarkable detail—from fish and frogs to feathers and leaf veins—offering a rare window into Jurassic life. The geopark is also rich in karst landscapes, with over 50 caves open or accessible to visitors. Sites such as Wimsen and Falkenstein Caves reveal underground worlds of stalactites, mineral formations, and clear pools. The region also records more dramatic events: two meteorite impacts around 15 million years ago, including the Steinheim crater, still visible today.","The Swabian Alb is shaped not only by its geological history, but also by a rich and layered human presence. Caves throughout the region offered shelter to Palaeolithic communities and were sites of cultural expression, evidenced by the oldest known art sculptures and musical instruments. The geology also influenced settlement patterns and resource use, from Stone Age flint extraction to early Celtic iron smelting. Volcanic chimneys with water-retaining basaltic fillings provided rare access to freshwater, leading to the emergence of villages around rain-fed basins known as “Hühlen.” The region hosts three UNESCO World Heritage sites: the “Caves and Ice Age Art”, the “Upper Germanic-Rhaetian Limes”, and one component of the “Prehistoric Pile Dwellings around the Alps.” Castles built on fossil reef cliffs, Celtic oppida - large, fortified settlements - such as Heuneburg and Heidengraben, and medieval towns like Reutlingen and Bad Urach reflect a long continuum of cultural adaptation to the land. Traditional land use practices also contribute to cultural continuity and landscape stewardship. Intangible heritage recognised nationally includes the Köhlerhandwerk (charcoal burning), transhumant herding systems of southern German pastoralism, and Streuobstanbau (traditional orchard cultivation). These practices, rooted in centuries of local knowledge, sustain biodiversity, conserve cultural landscapes, and continue to play a role in regional identity and economy.",“Few places in the world were ever home to as many volcanoes as the Swabian Alb 200 million years ago”,ha,619100.0,1400000,217.0,False,https://bioportalstprod.blob.core.windows.net/portal-media-public/GP/EUDE03/image/main/EUDE03_main.jpg,,http://www.geopark-alb.de/en/,"48.382, 9.501",https://www.unesco.org/en/iggp/swabian-alb-unesco-global-geopark
11ec2e97-81aa-56d3-9a13-1d7b8254e28f,EUA101,Karawanken / Karavanke UNESCO Global Geopark,"AT,SI",2015-01-01,"The historic Podzemlje Pece Mine, with over 800 km of tunnels, can be visited by taking an old mining train, by mountain bike, or even by kayaking the flooded galleries 700 m below the surface.'The Castles of King Matjaž' is a unique snow-castle-building competition, taking place on the last weekend of January in the region of Koroška, Slovenia.One of the longest mountain-biking flow trails in Europe – the Petzen Flow Country Trail, an 11 km journey starting at 1,700 m above sea level.","Depending on how one looks at it, geography can either divide or connect. In the cross-border Karawanken–Karavanke UNESCO Global Geopark, Austrian and Slovenian communities decided that their common geological heritage was one of many reasons to come together. Right on the border between Austria to the north and Slovenia to the south, the limestone peaks of the Karavanke/Karawanken mountain range, aligned in an east–west direction, follow one another like a long queue of caravans. The range, with a total length of 120 km, is one of the longest in Europe and the geopark lies right at its centre. Covering a timespan of more than 450 million years, from the Ordovician to the Miocene, most of the mountainous landscape is a direct result of the collision between the African and Eurasian tectonic plates that gave rise to the Alps. The tectonic forces squeezed, twisted and changed the composition of the sedimentary rocks deposited millions of years earlier at the bottom of a warm ocean called Tethys. In the process, intense volcanism gave rise to the Smrekovec and Olševa/Ouschewa volcanoes. Later, glacial, fluvial and karstic processes shaped the landscape into what it is today. When hiking on the highest peaks of the Karavanke, one can still find the remains of sea snails, sea lilies and even ichthyosaur bones—evidence of life in the ancient Tethys Ocean. The geopark features several peaks over 2,000 m, and forested areas that form part of the European Natura 2000 network of protected habitats for rare and threatened species.","The geopark is defined by its rich mining heritage and long-standing ironworks tradition, which have shaped the region’s development both in the past and into the present. Today, visitors and scientists are drawn to the area by the abundance of minerals found in historic mines, its exceptional natural resources and the unique stories of its people. The Podzemlje Pece mine is one of only five areas worldwide to host a specific type of lead–zinc ore. It was in operation for nearly 350 years, until its closure in 1994. At its peak, the mine employed over 2,000 people. Its tunnels extended for more than 800 km through the Mežica Valley. To preserve this technical, natural and cultural heritage, it was transformed into a tourist mine and museum in 1997, and can now be visited by mining train, by bike, or even by kayak through its submerged galleries. The Obir dripstone caves in Bad Eisenkappel (Železna Kapla) were discovered by chance in 1870 when miners opened a new gallery in search of lead–zinc ore. Delicate stalactites—some as fine as silk thread—hang above crystal-clear waters in this karst system, which stretches for more than 800 m and resembles the entrails of a gigantic sea creature. The Hemmaberg–Juenna Museum opens a window onto one of Europe’s oldest pilgrimage routes. Twenty years of archaeological excavation have uncovered evidence dating back to the Ostrogoths, a Roman-era Germanic people. Among the discoveries is a recently unearthed burial ground. The geopark offers a wide range of geo-experiences and educational programmes. Interpretive panels provide geological context, while schoolchildren benefit from hands-on learning designed to foster a deeper connection with the region’s geological and cultural heritage.",“Secrets written in stone”,ha,106700.0,53000,50.0,True,,https://www.youtube.com/watch?v=iefdjBxpfqk,https://www.geopark-karawanken.com,"46.544, 14.734",https://www.unesco.org/en/iggp/karawanken/karavanke-unesco-global-geopark
63d79d2b-e1df-53e1-8dad-0e2fe1216d41,EUCZ01,Bohemian Paradise UNESCO Global Geopark,CZ,2015-01-01,"Explore the lowland landscapes of Czechia’s first Protected Landscape Area, home to deer, wild boar, foxes, and protected bird species like the peregrine falcon.Follow the 119 km Golden Path trail linking rock towns, castles, river gorges, and historic battlefields.Discover local legends that connect gemstones, mountain spirits, and jewellery-making, brought to life through the geopark’s narrative trails.","With a geological record spanning an impressive billion years of Earth&#39;s history, the Bohemian Paradise Geopark territory holds evidence of remarkable events that have shaped the planet. From its origin near the South Pole to its present location, the landscape reveals signs of monumental geological events, such as the collision of two vast continental masses: Laurentia (now North America) and Gondwana (now Africa). The area also preserves traces of the later fragmentation of the supercontinent Pangea, accompanied by intense volcanic activity. Within the geopark, numerous monogenetic volcanoes—volcanoes that erupted only once—stand as testimony to these ancient geological processes. These are accompanied by a suite of internationally significant features, including columnar jointing, volcanic tubes, and above all, intricate mineral veins that reveal treasures such as quartz, agates, and jaspers. Another striking feature of the geopark is the presence of so-called rock towns, with examples including the Prachov Rock Cliffs, Klokočí Rocks, and the Příhrazy Rocks. These awe-inspiring sandstone formations have been sculpted over time by water into towering structures reminiscent of abandoned castle turrets. Over the centuries, dense pine forests have grown around these formations, creating a natural labyrinth where water flows from the summits, feeding streams and waterfalls below.","Known for its jewellery tradition, medieval castles, and sandstone rock towns, the Bohemian Paradise UNESCO Global Geopark is where remarkable landscapes and rich geological history converge. The quartz, agates, and jaspers formed by ancient monogenetic volcanic eruptions have supported a renowned jewellery industry with a heritage spanning over three centuries. As a result, Turnov, a medieval town founded in 1250, has become the centre of Czech jewellery-making craftsmanship. Bohemian Paradise features a dense network of well-maintained and clearly marked hiking and cycling trails. The most famous is the 119 km Golden Path of the Bohemian Paradise, which connects the sandstone rock towns, the Jizera River canyon—navigable by boat—and several castles and palaces across the region. Another trail recounts the history of the Prussian-Austrian War of 1866. Geology and storytelling are deeply intertwined in the geopark. East of Turnov lie the Kozákov Mountains, long associated with legends; one such tale speaks of goblins dwelling deep in the mountain, teaching the people of Turnov how to work with precious stones. These mythical gnomes are said to have polished and ground gems under the watchful eye of the righteous king of the gnomes, Garnet. The Jizerské Hory Mountains also hold their own legend—where, in a dense forest of beeches and oaks, a dark-red ruby is said to have appeared in the Jizera River as a sign of the love between Petr and Leontýnka. These and ten other legends have been curated by the geopark into a narrative trail, offering visitors an immersive journey where geology and imagination come together.",“A more than 300-year-old stone-cutting tradition links many small workshops to the natural geology of the region”,ha,83300.0,162230,173.0,False,https://bioportalstprod.blob.core.windows.net/portal-media-public/GP/EUCZ01/image/main/EUCZ01_main.jpg,https://www.youtube.com/watch?v=kwZopddOr6M,http://www.geopark-ceskyraj.cz/en/,"50.549, 15.285",https://www.unesco.org/en/iggp/bohemian-paradise-unesco-global-geopark
803858fa-5b6a-5f41-8805-07eea66f2052,EUA301,Novohrad-Nógrád UNESCO Global Geopark,"HU,SK",2015-01-01,"Explore the region’s medieval castles, such as that of Fülek and Hollókö.Discover fossilised remains of 17-million-year-old habitats at the Ipolytarnoc Fossils Nature Reserve.Marvel at the columnar basalt outcrop formations of Somoska, where solidified lava created stunning geological features.","Shared between Hungary and Slovakia, the Novohrad–Nógrád UNESCO Global Geopark is one of the few cross-border geoparks. It showcases a remarkable geological history spanning the last 30 million years. Situated at the northern edge of the Pannonian Basin—a vast sedimentary basin formed during the Miocene (23 million years to 2.58 million years)— the region’s geology captures the opening of this basin and the tectonic processes that followed.&nbsp; At Somoska, visitors can marvel at a striking columnar basalt outcrop, created when lava solidified inside the vent of a volcano thought to have been active during the Pliocene or Pleistocene periods. Nearby, the Bone Ravine exposes 3.3-million-year-old sediments containing fossilised remains of dozens of mammals, many related to modern-day species like tapirs, elephants and rhinoceroses.&nbsp;&nbsp; The Ipolytarnoc Fossils Nature Reserve, often referred to as a &quot;prehistoric Pompeii,&quot; preserves 17-million-year-old habitats destroyed by a volcanic ash cloud. This lagerstätte site, a term used to describe a location with exceptionally well-preserved remains, features fossils of extinct animals, such as the Amphicyonids (bear-dogs), along with thousands of leaf impressions, shark teeth and petrified trees. These extraordinary finds are protected within a state-of-the-art museum, which enhances the visitor experience.","The Novohrad-Nógrád UNESCO Global Geopark represents a unique cross-border collaboration, where geotourism drives economic growth while preserving the region’s geological and cultural treasures. The people of the geopark have made great efforts to preserve and present the many sites of cultural heritage, such as the area around Hollókő, particularly its Old Village with traditional Palóc folk architecture. This important centre of the Palóc people’s folk art and living traditions has been recognised as a UNESCO World Heritage Site for its exceptional preservation of a traditional settlement and representation of rural life before the agricultural revolution. The region’s fossils have inspired local legends, attributing their petrified forms to the magic of a cruel wizard. According to folklore, touching the petrified trees could grant wishes to those pure of heart, or curse those with ill intent by turning their hearts to stone. Fossilised shark teeth were believed to be the tongues of birds silenced by the wizard’s curse. This captivating blend of science and storytelling highlights the geopark’s unique ability to preserve both geological wonders and cultural traditions. The geopark actively promotes education and raises awareness about the value of both natural and cultural heritage. It focuses on harmonising the natural and cultural landscapes by maintaining geosites, developing new ones, and creating interpretive infrastructure such as study trails and paths for hikers, bikers and horse riders. Additionally, the geopark supports landscape revitalization programmes, particularly in wet habitats, and contributes to the European Landscape Convention’s national initiatives, ensuring sustainable management of the territory.",“Ancient world without borders - geoscientific and other natural values”,ha,161900.0,160000,94.0,True,https://bioportalstprod.blob.core.windows.net/portal-media-public/GP/EUA301/image/main/EUA301_main.jpg,https://www.youtube.com/watch?v=JQLkYU78ZNU,http://www.nogradgeopark.eu/,"48.062, 19.723",https://www.unesco.org/en/iggp/novohrad-nograd-unesco-global-geopark
5fe17c01-7298-5848-9859-e98d0fed22c1,EUAT02,Ore of the Alps UNESCO Global Geopark,AT,2015-01-01,"Visit historical mines such as Larzenbach/Hüttau, St. Veit im Pongau, and Mitterberg.Hike the Copper Trail and enjoy the beautiful alpine landscape.Attend the spectacular nocturnal procession of terrifyingly clad Krampus figures and Perchten elves during Advent.","In the Austrian alpine region, the Ore of the Alps UNESCO Global Geopark, also known as Erz der Alpen, follows the course of the Salzach River southward. Once the most important prehistoric copper mining area in the region, its mining legacy is celebrated today through several visitable mine shafts and a hiking trail offering breathtaking views. Most of the geopark lies within the Alpine Greywacke Zone, a band of metamorphosed sedimentary rocks dating back 485 to 300 million years, which forms the geological basis of the region’s copper mining tradition. During the last ice age, the area was covered by the Salzach glacier, with only peaks and ridges above 2,000 metres free of ice—giving the mountains their rounded appearance. The only range that rose above the ice was the majestic Hochkönig, a 2,941-metre limestone massif and landmark of the geopark. It is home to a permanent glacier, the Übergossene Alm, a remnant of the Little Ice Age of the 16th to 19th centuries. Until the 19th century, ships navigated the Salzach River—named after the German words Salz (salt) and Aach (running water)—transporting salt mined from the region. When the glaciers retreated, a new landscape emerged, with valleys filled by debris flows, slides, and rockfalls. The slopes of Fritztal, largely composed of till, offer some of the best examples of these post-glacial formations, including the distinctive ice-age “earth pillars” near Hüttau. The deeply incised valley, cut into soft greywacke bedrock, separates the Hochkönig range in the west from the Hochgründeck mountain in the east. These alpine ranges are cloaked in dense forests of conifers at higher altitudes, and beeches, maples, oaks, and spruce at lower elevations. Deer, chamois, and marmots are common sights, while alpine meadows support traditional pasture and dairy farming.","The copper ore of the Mitterberg–Mühlbach region has been mined since prehistoric times. The so-called Tauerngold—the “gold of the Hohe Tauern” mountain range—was the most valuable mineral resource of the Middle Ages. While mining has now ceased, the region’s connection to its geological heritage endures. Sustainable tourism within the geopark raises awareness of nature and geosciences, notably through programmes focused on environmental education and urban mining. The Copper Ore Trail links the visitor centre in Bischofshofen with museums and significant mines across the geopark’s villages, nestled beneath the imposing Hochkönig Massif. Along the trail, visitors encounter remnants of ancient mining, impressive geological outcrops, cascading waterfalls, steep rock faces, and deep ravines. The route connects the four communities of the Ore of the Alps UNESCO Global Geopark: Bischofshofen, Mühlbach am Hochkönig, St. Veit im Pongau, and Hüttau. Each December during Advent, the region comes alive with the dramatic Krampus and Perchten processions. This centuries-old pagan tradition sees young men donning animal hides, carved wooden masks, and clanging cowbells, roaming the streets in organised nighttime parades. The Bischofshofen parade takes place annually on the evening of 4 December.","“A wide diversity of geology, nature, culture, wellness, culinary experiences and memorable moments”",ha,21100.0,17554,83.0,False,https://bioportalstprod.blob.core.windows.net/portal-media-public/GP/EUAT02/image/main/EUAT02_main.jpg,,http://geopark-erzderalpen.at/,"47.385, 13.169",https://www.unesco.org/en/iggp/ore-alps-unesco-global-geopark
7bdaed4a-53bf-5fed-85ca-8063763ffdb2,EUAT03,Styrian Eisenwurzen UNESCO Global Geopark,AT,2015-01-01,"Take the 900-metre-long wooden footpath for views of the immense Palfau Wasserloch Gorge.Walk the Lynx Trail, a 200 km path with 11 stages taking you through three internationally recognised protected areas.","In the very centre of Austria, amid the Northern Calcareous Alps, the Styrian Eisenwurzen UNESCO Global Geopark showcases mountains up to 1,000 metres, the broad valleys of the main rivers Enns and Salza, and the deep gorges of their tributaries. The Styrian Eisenwurzen UNESCO Global Geopark is rich in caves, sinkholes, underground streams and dolines. Its standout feature is the largest gypsum cave in Europe, the 350-metre Kraus Cave, known for its small gypsum crystals and stalactites. This natural spectacle was formed by thermal, sulphur-rich waters flowing through carbonate rocks and transforming them into gypsum, a soft sulphate mineral. This water still flows from a spring at the bottom of the gorge, now contained between concrete walls. Opened as a show cave in 1882 by Franz Kraus, it was the first cave in the world to be illuminated by electric light. The region is world-renowned for the outcrops that enabled geologists to define a specific stage within the Triassic Period (251–201 million years ago). The Anisian Stage, named after the Enns River where limestones outcrop, was studied in the late 19th century by Wilhelm Waagen and Carl Diener. Using ammonite fossil assemblages found in the area, they identified this stage as distinct from older and younger geological periods. This global time-marker, now referred to as a stratotype, defines the period between 247 and 237 million years ago.","With just over 5,500 inhabitants, the Styrian Eisenwurzen UNESCO Global Geopark is a region of idyllic villages, green valleys, and mountains covered in spruce and fir, home to lynx, foxes, ibex and chamois. Countless tributaries flow from the high mountains to the valleys, where, particularly in the communities of Wildalpen, Palfau and Gams, the geopark supports the conservation of orchards growing old and rare varieties of apples and pears. In some of these rivers, strong water flow allows for high-adrenaline experiences such as rafting, canyoning and kayaking. The Upper Styrian region, where the geopark is located, has been a centre for mining and iron ore processing for centuries. At its peak in the 1950s, it was the largest iron ore mining region in Central Europe, with up to 5,000 miners. This long and rich heritage, inscribed on UNESCO’s Intangible Cultural Heritage list since 2018, has been passed down through generations in the form of dances such as the Eisenerz Miner’s Dance, songs, traditional miners’ workwear, and initiation rites like the Ledersprung, which involves jumping over a leather miner’s apron. Today, this heritage can be explored along the Styrian Iron Trail, which links 18 municipalities. The 100-kilometre trail includes numerous historical sites and museums that tell the story of the region’s centuries-old mining, metallurgical and industrial traditions.",“The gypsum-bearing Kraus Cave of Gams was the first cave in the world to have electric light installed for the public in 1892.”,ha,63300.0,5595,10.0,False,https://bioportalstprod.blob.core.windows.net/portal-media-public/GP/EUAT03/image/main/EUAT03_main.jpg,,http://www.eisenwurzen.com/,"47.592, 14.772",https://www.unesco.org/en/iggp/styrian-eisenwurzen-unesco-global-geopark
261868ef-75d4-5157-ad57-5ad308862140,EUBE01,Famenne-Ardenne UNESCO Global Geopark,BE,2018-01-01,"The 14 km Han Cave can be accessed via a vintage tram and features a beautifully curated museum.Explore picturesque towns like Durbuy, known as ‘the smallest city in the world’, and its surrounding castles.Try the world-famous Trappiste de Rochefort beer, brewed at the Abbey of St. Remy.","The Famenne-Ardenne UNESCO Global Geopark lies in Wallonia, southern Belgium—a French-speaking region known for picturesque medieval towns, castles, and craft beer made by monks. The geopark offers more: fascinating caves, preserved forests, and ancient history. Three distinctive units divide the landscape: to the north, the Famenne, a large depression with schistose substratum characterised by hay meadows and wet grasslands; in the south, the Ardennes, a vast sandstone plateau from which several rivers flow; and the Calestienne, a central calcareous region where water has carved numerous karstic features. These geological formations date from the Paleozoic era (541 to 251 million years ago), when sandstone, limestone, and clay were deposited in a marine environment depending on climate and continental proximity. These deposits were folded during the Hercynian mountain-building event (around 295 million years ago) and later flattened during the Meso-Cenozoic. The Ardennes are composed of Lower Devonian sandstones (419 to 393 million years old), forming a distinct relief in the southern part of the geopark known as the Ardennes Plateau, which includes the region’s highest elevation at 560 metres. The central Calestienne consists of Middle Devonian limestones (393 to 383 million years old), perforated with karstic channels and marked by cliffs. Finally, the northern schists of the Famenne depression date to the Upper Devonian (383 to 359 million years ago), and also include synclines of Carboniferous limestones (359 to 331 million years ago). This juxtaposition of rock types creates a contrasting landscape directly tied to the underlying geology. The geopark is renowned for its underground world of caves and sinkholes. The caves of Han, Rochefort, and Hotton are internationally recognised not only for tourism but also for their value to scientific research. The 14 km Han Cave, accessed by vintage tram, includes a beautifully curated museum.","The educational role of the geopark, in close collaboration with scientific research across the territory, is key to improving understanding of geological systems and their interactions with the atmosphere, biosphere, and hydrosphere. This approach supports sustainable management and valorisation of the territory’s geological heritage—scientific and touristic alike—including the stewardship of underground resources. The region’s rich cultural and archaeological heritage is showcased through key sites. The Megaliths Museum in Wéris is devoted to the Neolithic period, highlighting the cultural, spiritual, and ceremonial significance of megaliths—large stone structures often used for religious or funerary purposes. The area also preserves important Roman heritage. One of Northern Gaul’s largest Roman villas can be visited at the Malagne-Rochefort Archaeopark near Rochefort town centre. The geopark also holds more recent historical significance. The rolling hills of the Ardenne Massif were the site of the 1914 Battle of the Ardennes, where German forces defeated the French with nearly 60,000 casualties. Today, the geology of the region underpins diverse activities, including tourism, sport, and local industries. A well-marked trail network allows visitors to explore the geopark on foot, linking geosites and some of Belgium’s most picturesque villages—such as Ny, Sohier, and Wéris—as well as several medieval castles, including the celebrated Castle of Jemeppe. For those seeking refreshment along the way, the world-famous Trappiste de Rochefort beer, brewed at the Abbey of St. Remy, offers a satisfying stop.",“The largest number of karstic phenomena in Belgium ánd in Europe”,ha,91500.0,67460,73.0,False,https://bioportalstprod.blob.core.windows.net/portal-media-public/GP/EUBE01/image/main/EUBE01_main.jpg,https://www.youtube.com/watch?v=m6ZXQGZ30BY,http://www.geoparkfamenneardenne.be/,"50.201, 5.236",https://www.unesco.org/en/iggp/famenne-ardenne-unesco-global-geopark
de2e6ade-365d-5e06-bbe0-d72158075d0b,EUDE05,Vulkaneifel UNESCO Global Geopark,DE,2015-01-01,"Visit the medieval Manderscheid Castles, which overlook the narrow valley of the Lieser River.Explore the Eifel Maar Museum in Manderscheid, offering insights into the region’s unique geological history.Join geo-active experiences including guided tours to volcanic sites, volcano-themed events, and workshops on volcanism, geothermal energy, and ecosystems shaped by volcanic activity.","Located in the northwestern part of the Rhenish Slate Mountains, the Vulkaneifel UNESCO Global Geopark is defined by its volcanic legacy, with over 350 eruption centres that have shaped its landscape. The region is particularly renowned for maar volcanoes, low-relief craters formed by explosive phreatomagmatic eruptions when groundwater contacts hot magma. Vulkaneifel’s volcanic activity occurred in two main phases: the first, between 45 and 35 million years ago, and the second beginning around one million years ago, culminating in the Ulmener Maar eruption 10,900 years ago. Many of these maar craters have filled with water or developed into bogs, offering a continuous sediment record of the last 150,000 years. These deposits provide detailed reconstructions of past climates and ecosystems, with current research extending the timeline of climate records to approximately 130,000 years, establishing Vulkaneifel as the most important climate archive for Central Europe. Paleontological discoveries, such as the well-preserved primitive horse and the world’s oldest known honey bee found in the Eckfeld Maar, contribute to the global significance of the region. These findings, along with ongoing geoscientific research, underscore the region’s importance. Geologically, the area remains active, with surface uplift continuing at a rate of about one millimetre per year.","Vulkaneifel UNESCO Global Geopark is deeply rooted in the local and regional cultural heritage, from Celtic and Roman relics to medieval castles and chapels. Sites such as the Celtic ramparts of Steineberg and Barsberg, the Roman villa complex in Duppach, and the walkable town fortifications in Hillesheim reveal the ancient layers of this landscape. Notably, the “Saviour Church” in Gerolstein stands as a symbol of the Protestant community in the early 20th century. These protected monuments serve as venues for public and private events, such as the annual medieval festival at the Manderscheid Castles. The geopark is actively engaged in supporting regional tourism and plays a key role in developing local and regional tourism strategies. Local guides, under the direction of the geopark, help enhance visitors&#39; experiences and understanding of the area. One innovative approach has been the creation of the Vulkaneifel-Pfade (Volcano Eifel Paths), a series of leisure trails designed to encourage mindfulness while telling authentic regional stories, fairy tales and myths. These trails provide hikers with an opportunity to pause, reflect, and engage meaningfully with the landscape. Local customs continue to play a significant role in the region’s tourism. The Rhenish Carnival, now part of UNESCO’s Intangible Cultural Heritage, is celebrated across the region, with vibrant parades and events attracting large crowds. Other traditional activities such as May Day celebrations, Epiphany singing, and the presence of local choirs enrich the region’s cultural offerings. Additionally, the geopark supports the Viez (apple cider) culture, with the annual crowning of the Cider Queen, who serves as an ambassador for the region, promoting local traditions and products.","“The Earth below the Vulkaneifel is still in motion, pushing the surface one millimeter higher each year”",ha,129000.0,105000,64.0,False,https://bioportalstprod.blob.core.windows.net/portal-media-public/GP/EUDE05/image/main/EUDE05_main.jpg,https://www.youtube.com/watch?v=bDDczlXvQpU,http://www.geopark-vulkaneifel.de/,"50.183, 6.774",https://www.unesco.org/en/iggp/vulkaneifel-unesco-global-geopark
5e6f7dff-c825-5266-83d9-13daf30c09a5,EUDE06,Thuringia Inselsberg - Drei Gleichen UNESCO Global Geopark,DE,2021-01-01,"Hike the 'Geo and Pleasure Trail,' starting and ending at the Arnstadt brewery, showcasing local food traditions and stunning views, with sculptures connecting the land's fertility to the famous Rostbratwurst sausage.Visit the Bromacker Fossil Site, a key European site for Permian tetrapod tracks and fossils, with significant palaeontological discoveries.Explore the GeoMuseum at Castle Ehrenstein, home to the Böttcher collection of Muschelkalk fossils and dinosaurs, and learn about the region's ancient marine life.","Thuringia Inselsberg - Drei Gleichen UNESCO Global Geopark is named after two of its most prominent features: Inselsberg, a mountain peak that rises to 916 meters, formed through the erosion of softer surrounding rocks, and Drei Gleichen, a medieval castle complex built between the 8th and 11th centuries atop the region’s mountain peaks. The region’s geological history stretches back millions of years, starting with the merging of landmasses to form the supercontinent Pangaea. As time passed, the land began to break apart, leaving behind fascinating rock formations and fossils. One of the standout sites is the Ruhla Crystalline Complex, where the ancient foundation of the region can be seen in exposed rocks. Millions of years ago, this area was surrounded by an ancient sea, creating fossil-rich reefs that were discovered in the early 19th century. The Thuringian Forest Mountain Basin, a valley nestled between mountains, contains a thick layer of rock formations from the Late Carboniferous and Early Permian periods. This area is significant not only for its fossils but also for the early study of plant life, which began here over 300 years ago.&nbsp; The youngest rocks in the region, found in the Drei Gleichen area, date back to the Triassic and Jurassic periods. This area features dramatic landscapes, including colourful badlands, shaped by the Earth’s movements. It is also home to the only site in central Germany where the boundary between the Triassic and Jurassic periods can be seen.","Thuringia Inselsberg - Drei Gleichen UNESCO Global Geopark is deeply interconnected with the cultural heritage of its local communities, preserving centuries-old traditions and fostering new research initiatives that bridge the past with the present. The region’s rich cultural heritage is visible in historical sites such as the Marienglashöhle Friedrichroda, a former gypsum mine that operated from 1778 to 1903. The mine is now a site where visitors can explore the evolution of the Thuringian Forest and learn about the 400-year mining tradition around the town of Friedrichroda. The Bromacker fossil deposit in the Thuringian Forest is also at the heart of a significant ongoing research project led by the geopark in which systematic excavations and geological studies are taking place. The aim is to enhance our understanding of early land vertebrates and their habitats. The research, conducted by a collaboration of institutions, also invites the public to witness the work firsthand, connecting community and scientific knowledge. The Metal Craft Museum, Steinbach-Hallenberg, preserves the technical and cultural history of iron processing, once the region’s most important industry. Through interactive exhibits, visitors can learn about local dialects, traditions, flax processing, and the farming lifestyle that intertwined with metal crafts. The museum vividly depicts the working conditions of past centuries and celebrates the community’s heritage.",,ha,72510.0,720056,73.0,False,https://bioportalstprod.blob.core.windows.net/portal-media-public/GP/EUDE06/image/main/EUDE06_main.png,,,"50.832, 10.613",https://www.unesco.org/en/iggp/thuringia-inselsberg-drei-gleichen-unesco-global-geopark
7b60b906-9ba5-5775-a574-eb3dda62e2ed,EUDK01,Odsherred UNESCO Global Geopark,DK,2015-01-01,"The Ridge Trail is rich in cultural heritage, taking you past Bronze-Age burial sites such as the Verhøj, a 121 m burial mound which marks the highest point in the whole of the geopark territory.Explore richly forested areas around the Vejrhøj Arch and the Rørvig Peninsula.Learn how the geopark promotes awareness of biodiversity and geodiversity through school visits, public outreach, and restoration projects like the dead ice landscape on the Egebjerg Peninsula.","Stretching over a peninsula on Zealand Island and facing the Kattegat Sea, Odsherred UNESCO Global Geopark preserves an exceptional glacial landscape shaped during the latter part of the Weichselian glaciation, around 17,000 years ago. The ice sheet flattened the terrain, carved out glacial depressions, and deposited sediment that gave rise to the region’s distinctive topography. The most dominant landforms are three end moraines known as the Odsherred Arches. These large ridges form the spine of the geopark and are regarded as a textbook example of glacial geomorphology. Together with meltwater plains and kettle holes, they offer insight into the dynamics of the last glaciation and are considered of high scientific value by both Danish and international geologists. The Ridge Trail (Højderygstien), a seven-kilometre hiking route, follows one of the Odsherred Arches and offers sweeping views across Sejerø Bay and Lammefjord. Lammefjord is a former fjord that has been partially reclaimed for agriculture, illustrating the interaction between geological heritage and land use. Since the end of the last Ice Age, coastal and postglacial processes have continued to shape the landscape, especially along the irregular coastline of white sand beaches and in the formation of numerous lakes. This ongoing evolution of landforms adds to the scientific and educational value of the area.","Since the end of the last Ice Age, the Odsherred landscape has supported continuous human activity, with archaeological traces from multiple periods still visible today. The region is home to approximately 1,000 sites of cultural and historical interest, including one of Europe’s most significant Bronze Age discoveries: the Sun Chariot. While the original artefact is housed at the National Museum of Denmark, the Solvognens Fundsted (The Sun Chariot Site) in the geopark offers a curated visitor experience. Through a 30-minute audio-guided walk, visitors explore the landscape and an interpretive art installation that commemorates the archaeological find. The geopark integrates its rich agricultural traditions into educational programming and visitor engagement. At the Visitor’s Field, local pupils participate in guided tours to learn about traditional farming methods, particularly carrot and potato cultivation. These visits often culminate in outdoor cooking sessions, which freshly harvested ingredients. Contemporary art continues to shape the cultural identity of the region. In the early 20th century, groups of painters were drawn to the unique Odsherred light and landscape, forming what is now known as the Odsherred Painters. Their work, much of it inspired by geosites, is exhibited in the local art museum and integrated into an art history trail across the geopark.",“Feel the presence of history”,ha,35500.0,33000,93.0,False,https://bioportalstprod.blob.core.windows.net/portal-media-public/GP/EUDK01/image/main/EUDK01_main.jpg,https://www.youtube.com/watch?v=kSzpwW-bA_I,https://www.geoparkodsherred.dk,"55.863, 11.545",https://www.unesco.org/en/iggp/odsherred-unesco-global-geopark
4f298434-1d95-506e-8654-796a996a9aa7,EUES01,Basque Coast UNESCO Global Geopark,ES,2015-01-01,"Over 200 caves, along with pinnacle morphologies and poljes, bear witness to the relentless action of water over time.A guided biology tour of the Abrasion Platform provides a close look at the flysch and shows how a variety of species have adapted to live in this complex ecosystem, including starfish, octopuses, sea cucumbers, hares, and more.","The Basque Coast UNESCO Global Geopark is located in the Basque-Cantabrian Basin, west of the Pyrenees. Its geological evolution is related, therefore, with the opening and closing of the Bay of Biscay (Lower Cretaceous – Eocene), the rise of the Pyrenean Mountain Chain (Oligocene – Pliocene) and, lastly, the modelling of the landscape conditioned mainly by its closeness to the sea (Pliocene – Quaternary). During the Lower Cretaceous (115 – 105 million years ago), the geopark was under a shallow tropical sea where large deposits of limestone of reef origin formed. Today, those limestone formations from the Aptian – Albian age form the main inland terrain of the geopark, with mountains very close to the coast that exceed 600 m in height. The opening of the Bay of Biscay fractured the seafloor, giving rise to a deep basin where more than 5,000 m of pelagic sediment and flysch were deposited continuously between the Albian (110 million years ago) and the Lower Eocene (50 million years ago). The most recognisable part of this gigantic outcrop is located on Zumaia Beach, where one of the most important and well-known stratigraphic outcrops in the world can be found. This geological open book unveils ancient global crises and catastrophes that have shaped our planet. Notably, one of the layers marks the last of the five mass extinctions that have occurred throughout Earth’s history. Referred to as the K/Pg or P/E extinction event, it took place approximately 65.5 million years ago when a large asteroid struck Earth near Chicxulub, Mexico, resulting in the extinction of the dinosaurs.","The archaeological heritage of the geopark is among the best in the Cantabrian area. There are more than 40 caves containing archaeological remains from the Lower Palaeolithic to the Neolithic. Cave paintings in the Ekain Cave, a UNESCO World Heritage Site, must be highlighted, but there are many other sites of great interest with a surprisingly continuous record. They allow for a detailed reconstruction of the evolution of humans, forests, and palaeobiota in the valley during the last 200,000 years, linked to climate variations. The Nautilus Didactic and Research Classroom houses an internationally significant collection of giant ammonites in Mutriku. Developed over six years, this initiative brought together the entire ammonite collection under one roof, enhancing its scientific and educational value. Geoparkea collaborated with the University of the Basque Country to investigate the collection’s scientific importance while also working with the Mutriku City Council to develop educational programmes, making palaeontology accessible to children. Cultural heritage, particularly intangible heritage, holds great significance for both the Basque Country and the Basque Coast UNESCO Global Geopark. The Basque culture is deeply rooted, with ancestral customs, traditions, and its unique language, Euskara, serving as a key element of its intangible heritage. The conservation and promotion of this heritage are fundamental to the geopark’s strategic objectives. A recent initiative, The Enigma of the Basque Language Euskara guided tour, was developed by a well-known linguist and TV presenter in response to public interest. This tour offers visitors insight into Basque culture and language and has become a regular feature of the geopark’s annual geotourism programme. The Maritime Heritage Festival showcases the region’s seafaring traditions through live demonstrations, the construction of a traditional wooden boat, an exhibition of historical fishing artefacts, and navigation in traditional boats. The geopark’s maritime heritage is also highlighted in the Coastal Walk Georoute between Deba and Mutriku, which explores Mutriku’s historic connection to the sea through eight themed stops on an app-based tour.",“Spectacular coastal formations marking various chapters of the history of the planet”,ha,8900.0,20649,225.0,False,https://bioportalstprod.blob.core.windows.net/portal-media-public/GP/EUES01/image/main/EUES01_main.jpg,https://www.youtube.com/watch?v=xN2ytVSoI0o,http://www.geoparkea.com/?lang_code=en,"43.272, -2.33",https://www.unesco.org/en/iggp/basque-coast-unesco-global-geopark
c79c6530-7a4e-551a-ab08-fef71f4b69fc,EUES05,El Hierro UNESCO Global Geopark,ES,2015-01-01,"At Los Roques, impressive towering cliffs—formed by intense volcanic activity and subsequent erosion by the sea—showcase the island's dramatic coastal scenery and provide a glimpse into its geological history.Explore the archaeological heritage of the Canary Islands at El Julan, a significant pre-Hispanic site with architectural structures, burial caves, worship sites, shepherds' shelters, and engraved panels known as &quot;Los Letreros&quot; and &quot;Los Números.&quot;Discover other notable heritage features such as the rock engravings of La Caleta.","The smallest of the main islands in the Canary Islands Archipelago, El Hierro is the most recent volcanic island of the archipelago to emerge above sea level, 1.2 million years ago. Still in its early stages of construction, it has the greatest density of volcanoes in the Canary Islands, with over 500 open craters and another 300 covered by more recent lava flows. It is known as the “island of 1,000 volcanoes.” The island is home to the youngest active volcano in the Canary Islands, known as Volcán de Lomo Negro, which last erupted in 1793 and has remained dormant since. It also features impressive volcanic landforms, such as volcanic cones, lava flows, and craters. The most prominent of these is the El Golfo volcanic complex, which includes the El Golfo Valley, a vast semi-circular depression created by a massive landslide. El Hierro’s geological history also includes recent volcanic activity. On 10 October 2011, an underwater eruption occurred at a depth of 300 m, 1.5 km off the southern coast, adding to El Hierro’s rich geological heritage a new, still-submerged volcano called Tagoro. This geological milestone led to the implementation of a project that culminated in 2015 with UNESCO declaring the island of El Hierro a geopark. The island has three impressive amphitheatre-shaped escarpments open to the ocean, where viewpoints have been strategically placed to observe the El Golfo Valley, the arches of Las Playas, and El Julan. The presence of these amphitheatres at the junctions between each pair of the three ridges gives El Hierro its characteristic three-edged pyramid shape.","El Hierro’s cultural identity reflects its history of isolation and adaptation. The island was first settled by Amazigh or Berber communities from North Africa, who developed distinct traditions in animal herding, water harvesting, whistled language, gastronomy, and toponymy. Archaeological traces such as the geometric ideograms of El Julan and Libyco-Berber texts—the highest concentration in the Canary Islands—provide insight into this heritage. The arrival of Norman conquerors in the 15th century led to a blending of Bimbache traditions with European influences, shaping the landscape and economy. Cultural heritage includes rural stone constructions, salt flats, winepresses, and religious sites such as the Santuario de la Virgen de Los Reyes. Rock art at La Restinga, Guinea Village, and the Mirador de La Peña by César Manrique are key protected sites of interest. Three more sites—Los Carneros de Tigaday, Fiesta de la Cruz, and the Hotelito de Puntagrande, the smallest hotel in the world—have been newly recognised. El Hierro’s intangible heritage is deeply rooted in community traditions. The Bajada de la Virgen de Los Reyes pilgrimage, held every four years, is a key cultural event, alongside the shepherds’ Caracol Cave festival and the Los Carneros de Tigaday carnival. The island also preserves its unique Silbo Herreño, a whistled language once used for long-distance communication. Sustainability is central to El Hierro’s development. The island has promoted eco-tourism, focusing on scuba diving, natural pools, and an extensive certified footpath network. Gorona del Viento, its hydro-wind power plant, has made El Hierro a model for 100% renewable energy, attracting researchers and policymakers worldwide.",“The island of a 1000 volcanoes”,ha,37950.0,11298,30.0,False,https://bioportalstprod.blob.core.windows.net/portal-media-public/GP/EUES05/image/main/EUES05_main.jpg,https://www.youtube.com/watch?v=daARSc0Z7FU,http://geoparqueelhierro.es/en/,"27.749, -18.027",https://www.unesco.org/en/iggp/el-hierro-unesco-global-geopark
446dfdfd-fb5c-5257-a89c-582f4987e90e,EUES10,Molina- Alto Tajo UNESCO Global Geopark,ES,2015-01-01,"Try local traditional products such as honey from the Caldereros Range, sausages from El Pairon, truffles, or wine, promoted through fairs and local markets.Visit one of the geopark’s museums, such as the Cubillejo de la Sierra Historic Museum, the Hombrados Open Air Ethnographical Museum, or the Peñalén Mining Visitors Centre.","Molina-Alto Tajo UNESCO Global Geopark, located in the Castellana area of the Iberian Mountain Range, lies between the Ebro and Tagus rivers. The region features mountains reaching up to 1,900 metres and preserves a continuous sedimentary sequence spanning over 400 million years, recording key geological events such as the formation and breakup of Pangea. Several significant geosites highlight the region’s geological history. The Lower Palaeozoic of Checa village provides evidence of the Ordovician glaciation, shedding light on ancient climatic conditions. The Lower Triassic continental sediments of Barranco de la Hoz del Río Gallo reveal sedimentation processes from the time when Pangea was still intact. Additionally, the Fuentelsaz GSSP stratotype serves as a globally recognised reference point for studying the transition between the Early and Middle Jurassic periods. The geopark is primarily composed of Mesozoic formations, particularly from the Triassic and Jurassic periods, which cover much of the Molina region and the province of Guadalajara. These sedimentary sequences include clastic and carbonate materials, deposited under alternating continental and marine conditions. Structural features, such as northwest-oriented compressive folds, developed due to the geological forces shaping the Iberian Range. Cretaceous formations, particularly in Comarca de Molina, consist mainly of carbonate rocks like limestone and dolomite. Dispersed Neogene outcrops, though limited in extent, add further stratigraphic complexity to the region. The Shire of Molina is characterised by remarkable geodiversity, containing a well-preserved stratigraphic sequence of significant continuity. Its tectonic, lithological, and geomorphological features reflect the area&#39;s long and complex geological evolution. Additionally, the region hosts palaeontological sites with fossiliferous deposits spanning multiple geological periods, providing crucial insights into past ecosystems.","Molina-Alto Tajo UNESCO Global Geopark has a rich cultural heritage spanning from the Palaeolithic to the Iron Age, reflected in its archaeological sites, historical architecture, and traditional industries. Casares Cave, a UNESCO World Heritage Site, contains engravings from the Upper Palaeolithic and palaeontological remains from the Middle Palaeolithic. Other significant prehistoric sites include Rillo de Gallo, which preserves Neolithic remains, and the Caldereros Range, an active research site. The region also has an exceptional number of Iron Age hillforts, some of which have been excavated and turned into museum exhibits. Traditional industries such as mining and salt extraction have shaped the region’s history. The salt works of Saelices de la Sal were vital to the provincial economy for centuries. Iron ore and other metal mining, active since the Iron Age, played a significant role in local development. Intangible cultural heritage is also a key part of the geopark’s identity. Religious pilgrimages to hermitages, such as the La Hoz Virgin Loa, continue to be practised. Local festivals include the Luzón Bulls carnival tradition, and the ringing of bells in Alustante was recently recognised as an official cultural heritage practice by the regional government. One initiative includes advising schoolteachers on integrating local heritage into curricula.",“Rocks of more than 400 million years old are found next to rocks in the process of being formed”,ha,430859.0,12350,2.0,False,,https://www.youtube.com/watch?v=RClKySrDNLM,http://www.geoparquemolina.es/,"40.8, -1.992",https://www.unesco.org/en/iggp/molina-alto-tajo-unesco-global-geopark
4e2f4801-11c4-557c-bcbd-9792afefc462,EUFR03,Chablais UNESCO Global Geopark,FR,2015-01-01,"Modern history in the Chablais dates to the 19th century during the industrial era with the large-scale quarrying of gypsum, slate and building stone in the towns of Armoy, Morzine and Meillerie.From the late 19th century, until the beginning of World War I, the Lake Geneva Riviera was one of the most frequented European destinations by high society. A distinctive Art Nouveau architectural identity was established and lakefront promenades, grand gardens, thermal spa buildings, hotels, theatres and casinos were built.From the 1950s, winter sports tourism became very well established and numerous famous ski resorts such as Chatel, Morzine-Avoriaz and Les Gets are now the annual destinations for millions of visitors.","The Chablais Massif offers a rare and exemplary geological model of how the Alps were formed. Its stacked rock sequences reveal key stages in the region’s geological evolution—starting from the time when landmasses were separated, through continental drift, and culminating in subduction and continental collision processes that gave rise to the Alpine orogeny. This long and complex history has made Chablais an important reference point for geologists studying mountain formation. Later, during the Quaternary period, successive glaciations reworked the landscape, carving deep valleys and depositing vast volumes of sediment. One striking result of this glacial history is the 600-metre-thick Evian Natural Mineral Water aquifer. Visitors can learn about its formation and hydrological cycle at the spa town of Évian-les-Bains, or explore its catchment areas at geosites such as Tréchauffé and Champéillant, where rain and glacier meltwater begin their slow underground journey through the rocks. Geological processes have also shaped dramatic events in recent history. On the night of 11 March 1943, intense rainfall and unstable bedrock triggered a landslide that blocked the Brenon River, creating Vallon Lake. This newly formed lake submerged farmland and displaced families. Today, Vallon Lake, the youngest lake in the Chablais region, lies beneath the Roc d&#39;Enfer in a tranquil forested setting, with the submerged foundations of former buildings still present beneath its surface. The retreat of glaciers at the end of the Last Ice Age also left behind numerous smaller lakes and wetlands that now serve as biodiversity hotspots. These include the Chilly Marsh, fed by waters from Mont de Boisy, and the Vouas of Lyaud, home to carnivorous plants, dragonflies and grey herons.","Situated between Lake Geneva (Lac Léman) and Mont Blanc, the Chablais UNESCO Global Geopark covers a 50 km stretch of remarkable natural landscapes that have shaped the cultural and economic life of its inhabitants and attracted generations of visitors. The region’s human presence dates back to the final retreat of the glaciers, around 12,000 years ago. Notable archaeological sites include the extensive Neolithic necropolis at Genevray in Thonon-les-Bains, which contains over 220 sepulchres dated between 2850 and 1350 years BCE. Later, in the Neolithic and Bronze Age, communities built stilt houses along Lake Geneva and other Alpine lakes. The site at Tougues, with its exceptionally preserved artefacts, is part of the UNESCO World Heritage listing “Prehistoric Pile Dwellings around the Alps.” From the 12th century, Chablais became part of the Duchy of Savoy, a Franco-Italo-Swiss territory that remained under Savoy rule for eight centuries. Remnants of this era include the Castle of Ripaille on the shore of Lake Geneva, once the residence of the Dukes of Savoy. Religious orders also left a lasting mark on the territory, founding abbeys in the valleys of Haut Chablais, including the 12th-century Abbey of Abondance, which remains open to visitors today. Geotourism plays a vital role in supporting the region’s sustainable development. Excursions for the public, guide-led tours, and a coordinated network of local tourist offices promote the geopark’s values and heritage. The Chablais UNESCO Global Geopark also supports the development and visibility of local products through branding initiatives, including protected designations such as AOP cheeses and AOC wines, as well as artisanal crafts.","“Rich geological history, lots of lakes and a wealth of renowned mineral waters.”",ha,87000.0,148800,144.0,False,https://bioportalstprod.blob.core.windows.net/portal-media-public/GP/EUFR03/image/main/EUFR03_main.jpg,https://www.youtube.com/watch?v=m2D0xqeDF4o,http://www.geopark-chablais.com,"46.276, 6.571",https://www.unesco.org/en/iggp/chablais-unesco-global-geopark
738e9917-6c65-5875-bb43-deba44603001,EUGB02,English Riviera UNESCO Global Geopark,GB,2015-01-01,"The South West Coast Path runs the entire 22-mile stretch of the geopark coastline taking in Berry Head National Nature Reserve, Cockington Country Park, woodlands, and farmland.Torre Abbey holds significant archaeological value as a nationally recognised scheduled monument. Established in 1196, it is one of the finest-preserved mediaeval abbeys in Devon and Cornwall.Sit beside the Dame Agatha Christie CBE sculpture on a harbour-front bench in Torquay, unveiled in 2025 and depicting the iconic author, who grew up in the area, with her dog Peter.","Stretching over more than 100 km², from rich undulating hills down to an intricate coastline of sandy and rocky coves, cliffs, caves, sea stacks, and arches, the English Riviera UNESCO Global Geopark tells a story of more than 400 million years. It begins in the Devonian period (419–358 million years ago), when grey limestones were deposited in warm tropical seas south of the equator. During the Carboniferous period (358–298 million years ago), a collision between two continental masses created a vast mountain range. Over time, erosion exposed the underlying limestone, which can still be seen today at prominent sites such as Hopes Nose and Berry Head – the latter an internationally recognised heritage site and National Nature Reserve, home to a variety of coastal wildlife and restored Napoleonic fortifications. Around 500,000 years ago, the region had shifted further north, and flowing water played a major role in shaping the landscape, carving cave systems into the limestone. Among these is Kents Cavern, one of only two caves worldwide where three or more human species have been found. Homo heidelbergensis, Neanderthals, and Homo sapiens left behind traces here dating back over half a million years, making it one of Europe’s most significant prehistoric caves. With its accessible caverns, Kents Cavern has attracted Earth scientists for generations, including Rev’d Buckland, Charles Darwin, Alfred Wallace, and William Pengelly. Pengelly developed a pioneering method of stratigraphic recording still used in archaeology today. Torquay Museum preserves his notebooks and many artefacts discovered at the site, including the oldest human fossil found in northwestern Europe – a jawbone dated to 41,000 years ago.","The English Riviera has long inspired stories that blur the lines between history and legend. After his defeat at the Battle of Waterloo in 1815, Napoleon was held aboard HMS Bellerophon in Tor Bay. Granted permission to view the coastline, he reportedly compared its tranquil beauty to the Mediterranean shores of his homeland. In the Victorian era, the story resonated with the growing trend for coastal leisure, and the English Riviera emerged as a resort destination associated with elegance and escape. The resort towns of Torquay, Paignton, and Brixham are situated around one of England’s most scenic bays, each offering a distinct experience: Torquay’s continental charm, Paignton’s traditional seaside atmosphere, and Brixham’s maritime heritage. The area has welcomed generations of visitors and remains one of the country’s most popular holiday destinations. The Riviera continues to support the local economy through tourism, sport, culture, and cuisine. Sailing is a major attraction, with over 50 events held annually, including the Brixham Heritage Race and regattas across the three towns. The coastline also receives visits from tall ships, cruise liners, and international rallies. South Devon’s culinary reputation is equally notable, with a high concentration of organic producers and fresh seafood landed daily in Brixham, one of the UK’s busiest fishing ports. The region&#39;s most famous cultural figure is Agatha Christie, born in Torquay. With over two billion books sold worldwide, she remains a major draw. Visitors can follow the Agatha Christie Mile, explore her personal collection at Torquay Museum, and visit her former home, Greenway, now a popular attraction.",“With tales going back 400 million years and a spectacular coastline the area has much to discover and enjoy”,ha,10400.0,136000,1327.0,False,https://bioportalstprod.blob.core.windows.net/portal-media-public/GP/EUGB02/image/main/EUGB02_main.jpg,https://www.youtube.com/watch?v=c-aywFmM7Ik,http://www.englishrivierageopark.org.uk/,"50.441, -3.542",https://www.unesco.org/en/iggp/english-riviera-unesco-global-geopark
cae7ddfd-0256-58a1-bce0-435c6f9f86f6,EUGR03,Psiloritis UNESCO Global Geopark,GR,2015-01-01,"Discover traditional shepherd shelters (mitata) and learn about dry-stone building techniques that are still in use today.Hike to the summit of Psiloritis, Crete’s highest peak, and take in panoramic views shaped by ongoing tectonic uplift.Watch the bearded vultures (kokkalas) glide above Psiloritis, where the species is known to maintain one of its last viable populations in southeastern Europe.","At the heart of Crete, Psiloritis UNESCO Global Geopark encompasses the Psiloritis and Talaia Ori mountain ranges and the surrounding valleys. It presents an almost continuous rock sequence from the Permian period (around 298 million years ago) to the present, making it a key site for understanding regional geodynamics. Crete is located at the intersection of the Eurasian, African, Arabian and Anatolian plates. As the island drifts away from Europe at 3.5 cm per year and Africa simultaneously moves northwards at over 2 cm per year, intense tectonic convergence drives the uplift of Psiloritis and the fragmentation of the island. These processes have shaped a dramatic landscape of high mountains, deep gorges and active faults. The area’s limestone bedrock has led to the development of a dense karst system, with caves, dolines, sinkholes, and one vertical cave reaching over 950 metres in depth. Three major show caves—Sfentoni, with richly decorated chambers; Melidoni, with archaeological significance; and Idaion Andro, a sacred site from the Neolithic to Roman periods—highlight the region’s geological and cultural links. Distinctive tectonic folds are visible in the Vossakos Open Air Fold Museum, where a range of well-preserved structures is exposed along the road between Kato Doxaro and the Vossakos Monastery. These outcrops attract students and researchers each year and offer direct access to textbook examples of rock deformation.","Psiloritis UNESCO Global Geopark lies at the cultural and geographical crossroads of the Mediterranean. For centuries, diverse cultures have shaped the region’s identity, leaving behind a rich legacy of architecture, land use, and traditions—closely tied to the island’s geological setting. Local limestone has been central to building practices across the geopark. Dry-stone architecture reflects a deep relationship between people and their environment. A key example is the mitato—a circular shepherd shelter that typically includes a space for maturing cheese and a yard for livestock. Their form reflects a collective way of life that continues today in the mountain communities of Psiloritis. To support the preservation of this tradition, the geopark collaborates with local associations to offer dry-stone construction workshops in the village of Margarites. Led by experienced craftspeople and supported by the geopark’s scientific team, the workshops combine hands-on training with geological knowledge and field visits to key stone structures. This initiative strengthens the link between geological heritage and sustainable land use while encouraging intergenerational knowledge transfer. The geopark also includes several important archaeological sites, such as ancient settlements, sacred caves, and classical-era cities. These are integrated into educational and tourism activities, helping to reinforce local identity and connect visitors with the long-standing interaction between landscape and culture.","""That connection has endured for thousands of years I’d say, and still holds true—for me and for many others who continue to live and work in these mountains."" Nikolaos Kapsalis — Local resident and truffle hunter",ha,127200.0,42005,36.0,False,https://bioportalstprod.blob.core.windows.net/portal-media-public/GP/EUGR03/image/main/EUGR03_main.jpg,,https://www.psiloritis-natural-park.gr,"35.256, 24.811",https://www.unesco.org/en/iggp/psiloritis-unesco-global-geopark
3d8f5cfd-622d-58b4-968b-aa63232e0186,EUIS02,Reykjanes UNESCO Global Geopark,IS,2015-01-01,"The iconic Reykjanesviti Lighthouse, standing proudly on the peninsula’s edge, is a symbol of maritime heritage with panoramic views.Birdwatchers can spot a variety of species, including puffins, at the seabird colonies along the coastal cliffs. The nearby Kleifarvatn Lake is home to unique fish species, making it a popular fishing destination.Reykjanesbær showcases traditional Icelandic architecture and local culture.Photos courtesy of © H0rdur (Photos 1-3).","Reykjanes UNESCO Global Geopark, located in southwest Iceland near the capital, Reykjavik, is a dynamic landscape where new crust is constantly being created. Volcanic eruptions and earthquakes, the most recent occurring in the 14th century, are part of the region&#39;s geological story. The Reykjanes Peninsula features a rift volcanic system with a fissure swarm that stretches across the land, forming volcanic craters, lava fields and fissure eruptions. As one of Iceland’s most active volcanic regions, Reykjanes also boasts remarkable geothermal activity, including hot springs, geysers and mud pools. The Gunnuhver mud pools offer visitors a unique encounter with the region&#39;s geothermal activity. Located near Reykjanes Lighthouse, Gunnuhver is named after a female ghost, Gunna, who, according to legend, terrorised the area until a priest trapped her, causing her to plunge into the boiling mud pools. These pools form when steam from a boiling geothermal reservoir condenses and mixes with surface water, creating acidic conditions due to the presence of carbon dioxide and hydrogen sulphide, that transform fresh lava into clay. Among the Gunnuhver group, the largest mud pool spans an impressive 20 meters and boils vigorously, offering visitors a mesmerising glimpse of the Earth&#39;s power. The Reykjanes Peninsula, a geologically young part of Iceland, represents the volcanic counterpart of the North Atlantic Ridge. This is where two tectonic plates, the North American and Eurasian, diverge at a steady rate of 2.5 cm per year, resulting in a fascinating interplay of geological forces that continuously reshape the landscape. Recognised as one of the IUGS 100 Geological Heritage Sites, it stands as a remarkable testament to the planet&#39;s ever-changing nature.","Reykjanes UNESCO Global Geopark fosters strong partnerships with local communities and educational institutions, creating a foundation for sustainable development and geotourism. Educational initiatives include the development of materials for all school levels, with the aim of raising awareness about the region’s geological heritage while promoting environmental stewardship. Collaboration between municipalities, local governments, and international partners supports the geopark’s mission of engaging residents and visitors in its core principles of sustainability and cultural preservation. &nbsp; The geopark is home to unique cultural heritage sites that provide glimpses into Iceland&#39;s early history. At the Vogar í Höfnum geosite, remnants of one of the oldest settlements on the Reykjanes Peninsula, dating back to the 9th century, have been discovered. These ruins, believed to be from a longhouse, may have served as an explorer’s outpost akin to Nordic buildings found in Newfoundland. Another fascinating site is Staðarborg, an isolated circular sheep shelter constructed with flat lava rocks. This roofless structure, over two meters high and several hundred years old, stands as a testament to the ingenuity of early Icelandic settlers. &nbsp; For nature enthusiasts, the cliffs of Hafnaberg, located south of the old fishing hamlet of Hafnir, attract bird watchers to observe marine species nesting in this striking habitat. The cliffs are also a popular destination for hikers, with a marked trail leading through the rugged landscape. By promoting responsible tourism and engaging local communities in its activities, Reykjanes UNESCO Global Geopark continues to ensure that its natural and cultural heritage thrives for future generations.","“It is a land-born, highly volcanic counterpart of the Mid-Atlantic Spreading Ridge”",ha,81800.0,29100,36.0,False,https://bioportalstprod.blob.core.windows.net/portal-media-public/GP/EUIS02/image/main/EUIS02_main.jpg,,http://www.reykjanesgeopark.is,"63.92, -22.328",https://www.unesco.org/en/iggp/reykjanes-unesco-global-geopark
1b21f08a-5952-5197-b252-db19f2518b5b,EUIT01,Adamello-Brenta UNESCO Global Geopark,IT,2015-01-01,"Hike to the stunning Lake Mandrone, a glacial gem nestled at 2,409 m in a serene plain below the ‘Mandrone-Città di Trento’ mountain hut.Try and catch a glimpse of the majestic Alpine Ibex, a species of goat antelope reintroduced to the Adamello-Brenta Geopark between 1995 and 2000, now thriving in its natural habitat.","Comprising the whole territory of the Adamello-Brenta Nature Park, the Adamello-Brenta UNESCO Global Geopark unravels the intricate evolution of the Alps. This geopark is a testament to the region’s geological wonders. With its crowning glory, the breathtaking Brenta Dolomites, it boasts dramatic vertical walls, sharp spires, and deep valleys, which were awarded UNESCO World Heritage site status in 2009 due to their scientific significance and striking landscapes. One such peak is the Corno di Cavento. At a height of 3,402 m, it holds significant historical importance within the Adamello-Presanella Range as a battlefield between the Italian Alpini and Austro-Hungarian Kaiserjäger troops during the First World War. The territory of the geopark is marked by the convergence of the Austrian Alps and the Southern Alps, with the intersection of three structural segments. These geological units bear witness to a complex evolution dating back to the Lower Palaeozoic era, approximately 400–500 million years ago. This dynamic landscape also showcases the profound impact of glaciers and the presence of karstic phenomena both on the surface and below ground.","The Adamello-Brenta UNESCO Global Geopark offers an outstanding example of the role of geodiversity in economic development and cultural heritage through the Old Glassworks in Carisolo. During the 1800s, the Giudicarie region was home to three prominent glassworks: the Bormioli and Garuti Glassworks in Val d’Algone, the Pernici and Bolognini ‘Glass Industry’ in Carisolo, and the Venini Glassworks in Tione. These thriving industries produced glass sheets for windows and bottles as well as exquisite Bohemian glassware, exporting their products to Northern Italy and Northern Europe. The Valli Giudicarie had all the essential elements for glass production, including abundant quartz deposits vital for glass pulp, forests for fuel supply, and flowing water to power quartz mills and sawmills. The Pernici and Bolognini Glass Industry in Carisolo employed around 70 individuals, including quartz crushers, woodcutters, master glassmakers from Bohemia and Alsace, apprentices, and maintenance workers. The complex resembled a small village, including a furnace with an impressive smokestack in a grand hall, lodgings, offices, stables, a sawmill, and a quartz mill. Minerals were sourced from the Borzago and Giustino mines, transported by mule or sledge, and crushed in the mill to create the raw material for glass production. This glasswork’s activity lasted around a century and transformed an isolated community into a multicultural world. Vestiges can still be seen, such as the ruined smokestack of the Val d’Algone Glassworks and the Fabrica Cristallorum structure near Carisolo. The geological features of the geopark have profoundly shaped the lives of its inhabitants. Ancient shepherds’ huts and valuable artefacts bear witness to the knowledge and cultural heritage of the Alpine communities. The collection of old stone quarries also reflect the seamless intertwining of geological and cultural heritage. Quarries such as Malga Trivena, Scariche, and Pimont produced some of the finest stone in Trentino, widely used in the construction and decoration of palaces, churches, and monuments throughout Italy. The local architecture of Val Rendena features the use of tonalite, a stone sourced from the area.","“Different geological worlds, all together”",ha,118800.0,41603,41.0,False,https://bioportalstprod.blob.core.windows.net/portal-media-public/GP/EUIT01/image/main/EUIT01_main.jpg,https://www.youtube.com/watch?v=2KWzqdrn_gw,http://www.pnab.it,"46.156, 10.776",https://www.unesco.org/en/iggp/adamello-brenta-unesco-global-geopark
bcbd3a15-4674-5e9e-ae0d-0f31af16a452,EUNO02,Magma UNESCO Global Geopark,NO,2015-01-01,"Explore the Jøssingfjord Science Museum in Helleren, where minimalist architecture meets an immersive journey through the region’s geology, culture, and technology—making it a must-visit destination.This geopark created the GEOfood brand, an initiative that aggregates many UNESCO Global Geoparks to promote and conduct research on regional and traditional food products. The morr sausage, an old Viking staple food with a unique local flavour, is one of the honourable entries.","In Southern Norway, just a few kilometres from Stavanger, the oil and gas capital of Norway, Magma UNESCO Global Geopark’s landscape is fascinating. From above, it’s as if a giant moth was left to feed on the more than 242 000 hectares of land opening thousands of holes of all shapes and sizes. As one might expect, reality is much less fantastic but fascinating, nonetheless.&nbsp; The geopark’s landscape is mostly formed by igneous rocks that crystallised about 930 million years ago in large magma chambers ~20 kilometres below the surface. The Storeknuten, the largest layered intrusion in Western Europe and an important source of some of the minerals for the energy transition, is one of the best examples of what happens inside a magma chamber deep in the Earth’s crust. For millions of years, these rocks remained buried until tectonic movements and erosion exposed them. During the Pleistocene (2.5 – 0.011 million years ago), the region was successively covered by glaciers that ploughed and scoured the landscape, creating lakes, fjords, moraine ridges and removing the loose material. When the climate warmed and glaciers started to melt, huge volumes of water flowed across the area, deepening the existing valleys, eroding new watercourses and depositing material in lower areas. On the Vinjakula hike, a five-hour journey leads the most daring to the highest peak in Magma Geopark and through these impressive landscapes shaped by glaciers and water. The vista is breathtaking, with the valley at one’s feet, extending all the way to the sea. On one of these valleys, the Gloppeda, glacial moraines and scree served as the stronghold for Norwegian soldiers during World War II.&nbsp; On the shores of the geopark, the Roligheten provides a different perspective of the region. The path offers panoramic views of the coast from the top of the Brufjell mountain, to the white pebble beach of Sandviga, ending at the Brufjell Caves&nbsp;","The Magma UNESCO Global Geopark highlights its rich cultural heritage, spanning from the pre-Viking period to World War II, through interpretation panels, guided tours, social media, and its dedicated app. Specific initiatives, such as the Visit Mines Project, explore the cultural and natural heritage of five abandoned mines through thematic walking routes, interpretive panels, and leaflets. Similarly, the Welderden Art Cultural Centre, once the headquarters of the Titania Mining Company, has been repurposed into a community and arts hub, offering guided tours and showcasing industrial heritage. Intangible heritage is also a key focus. Projects such as the Singing Stones Project delve into the acoustic properties of certain boulders, which produce bell-like sounds when struck, connecting geology with local folklore and traditions. Another initiative, the RURITAGE Project, involves collecting local myths and stories to preserve them for future generations through booklets and interpretive materials. Sites like the serpent and Saint Olav geosite and the Tor traces at Eigerøy further emphasise the region&#39;s rich intangible heritage. Economic sustainability is addressed through innovative programmes. Many local farms, food producers, cafes, and restaurants have joined the GEOfood network, adopting more sustainable practices. The geopark also leverages the Arctic Hub Project to promote sustainable fish farming and mining, ensuring these industries reduce their environmental impact while contributing to local development. The Jøssingfjord Visitor Centre further incorporates these sustainable strategies into its interpretation of the region&#39;s titanium mining heritage.",“Moon rocks and ice age landscape”,ha,232900.0,33094,14.0,False,https://bioportalstprod.blob.core.windows.net/portal-media-public/GP/EUNO02/image/main/EUNO02_main.jpg,https://www.youtube.com/watch?v=1JMeXEN9g_s,http://magmageopark.no/en/,"58.495, 6.381",https://www.unesco.org/en/iggp/magma-unesco-global-geopark
4c717af0-b606-5b19-a64a-63e9f970e3e4,EUIT05,Madonie UNESCO Global Geopark,IT,2015-01-01,"Take a dive in the Sclafani Bagni thermal baths.Explore the Gole di Tiberio (Gorges of Tiberius), a canyon along the Pollina River that can be crossed by rubber boat, revealing unique karstic features.","Sicily, the largest Mediterranean island, is a land of contrasts. There’s a snow-topped volcano, turquoise waters bathing white sand beaches, hundreds of coves where small fishing boats appear to float in air thanks to the water’s clarity, and an immense cultural heritage spanning thousands of years. With so much to experience, it can be difficult to choose where to begin. In the Madonie UNESCO Global Geopark—some 70 km east of Palermo and stretching from the shores of the Mediterranean to the hills of the Madonie mountain range—visitors can discover all of that and more. Formed by carbonate rocks—limestones and dolomites—over 200 million years old and deposited when the region lay near the tropics, the geopark is rich in fossils from the animals that inhabited those ancient warm seas. It tells the story of Sicily’s geological evolution, the complex formation of the Apennine Mountains, and the erosional processes that shaped the karstic landscape seen today. Notable examples include the promontory of Cefalù, a limestone block full of Cretaceous fossils known as Rocca di Cefalù, and the Gole di Tiberio (Gorges of Tiberius), a narrow canyon along the Pollina River that can be crossed in rubber boats.","The Madonie UNESCO Global Geopark celebrates its cultural identity through initiatives like the &quot;Dictionary Atlas of Oral Toponyms in Sicily,&quot; as well as national literary prizes that highlight the region’s artistic and landscape heritage. Schools are actively involved through environmental and cultural competitions that nurture awareness of local history and geodiversity. Rich intangible traditions also bring the past to life. The Carvaccata di Vistiamara, celebrated every seven years in Geraci Siculo, is a thanksgiving ritual for shepherds, marked by traditional costumes, music, and the sharing of symbolic gifts like cavallucci and palummeddi made from caciocavallo cheese. The Baronial Wedding, held each year on 15 August in Petralia Soprana, re-enacts an 18th-century Sicilian wedding with a procession led by heralds, stops at ancient palaces, and traditional serenades under the bride’s balcony. Other vibrant traditions include the Targa Florio, one of the world’s oldest car races, now celebrated as a historical and cultural event, and the Dance of the Cordella, which invokes ancient agricultural rituals. These traditions not only preserve the geopark’s cultural heritage but also offer a glimpse into the enduring relationship between nature, community, and identity. Surrounding the hills near Pollina—a medieval village perched dramatically on a limestone cliff—and around Castelbuono, visitors can find one of Sicily’s rarest and most threatened traditions: manna ash extraction from the Fraxinus ornus tree. Known as the nectar of the gods, the sugary extract is harvested by cutting the bark and allowing the sap to drip. The purest form, called “manna eletta,” is collected before it touches the tree and can fetch prices of up to 2,000 euros per kilogram. It has been designated as a Slow Food Presidium in recognition of its traditional and artisanal value.",“The rich cultural heritage of Sicily is built upon the island's fascinating geology.”,ha,161800.0,60000,150.0,False,https://bioportalstprod.blob.core.windows.net/portal-media-public/GP/EUIT05/image/main/EUIT05_main.jpg,https://www.youtube.com/watch?v=uhU13lavf6w,http://www.parcodellemadonie.it,"37.891, 14.027",https://www.unesco.org/en/iggp/madonie-unesco-global-geopark
1776d118-1164-5cc0-b012-df4cfe5ec260,EUIT07,Pollino UNESCO Global Geopark,IT,2015-01-01,"Hike to the top of the region’s highest peaks&#58; Serra Dolcedorme (2,267 m), Mount Pollino (2,248 m), Serra del Prete (2,181 m), Serra del Ciavole (2,127 m), and Serra di Crispo (2,053 m).Visit the Laino Castle and historic centre and the castles of Valsinni and Castrovillari.Walk along the ancient ocean floor in Timpa della Murge, where ophiolite outcrops preserve remnants of the Tethys Ocean lithosphere.","Halfway between the shores of the Ionian and Tyrrhenian Seas, far from the tourist crowds of other Italian regions, the Pollino Massif—on the border between Basilicata and Calabria—is a well-kept secret. Its landscapes are breathtaking, and its traditions have been kept alive for centuries by local communities. The area lies within the Apennine-Calabrian-Peloritani orogenic system, one of the most tectonically active zones in the central Mediterranean, shaped by the convergence of the African and European tectonic plates. This collision generated the prominent fault system known as the Pollino Line, as well as well-preserved ophiolite suites—fragments of the Tethys Oceanic lithosphere—emplaced onto the continental plate. These can be observed in the Timpa della Murge area, where visitors can walk along what was once the ocean floor. Most of the mountain range consists of Mesozoic–Cenozoic limestone sequences, sculpted over time into caves and karstic landforms. Among these, the Romito Cave in Papasidero stands out as one of the most important archaeological sites in southern Italy. Excavations have documented human presence dating back to the Upper Palaeolithic (17,000 years ago) and revealed artefacts, burial remains, and engravings—including a depiction of Bos primigenius (wild ox), considered one of the most striking expressions of Mediterranean Palaeolithic realism. The region also contains ancient beech forests, such as those of Cozzo Ferriero and Pollinello, which form part of the &quot;Ancient and Primeval Beech Forests of the Carpathians and Other Regions of Europe,&quot; a transnational UNESCO World Heritage site spanning 18 countries. These forests are among the last undisturbed ecosystems of their kind in Europe, home to wolves, deer, otters, and dozens of bird and amphibian species protected within the Pollino National Park, which overlaps with the geopark.","Though sparsely populated today, the Pollino region lies at the crossroads of multiple civilisations and cultures—including Greek, Roman, Lombard, Saracen, Byzantine, Norman, and Spanish influences—as well as a long history of emigration. This deep heritage is reflected in local traditions such as the Festival of Saint Anthony in Rotonda (8–13 June), where two large trees are hauled by 26 decorated oxen, raised by hand, and symbolically “married”. The region’s built heritage is equally significant. The sanctuary of Santa Maria delle Armi, near Cerchiara di Calabria, was constructed in 1440 against a dramatic limestone wall. It houses precious frescoes and a silver reliquary of the “Madonna delle Armi,” believed by some to be acheiropoietos—not made by human hands. Another religious site of note is the Church of Santa Maria di Costantinopoli in Papasidero, a medieval chapel perched above the Lao River. The Thermalism Museum in Latronico, housed in a 1928 spa building and developed in partnership with the University of Basilicata, explores the area’s thermal heritage. With thematic sections on social life, food traditions, migration stories, crafts, and rituals, it presents the spa not only as a site of healing but as a social and cultural centre throughout the 20th century. Local agri-gastronomic traditions remain strong. These include the production of paddaccio cheese and baked ricotta; cultivation of unique crops like the red aubergine of Rotonda and the pepper of Senise; and traditional baking such as the bread of Cerchiara. Products like honey, jams, and the Muscat wine of Saracena contribute to a local food culture rooted in quality, traceability, and a deep connection to the land.",“The only Italian mountain range where you can glimpse three seas”,ha,192500.0,135898,78.0,False,https://bioportalstprod.blob.core.windows.net/portal-media-public/GP/EUIT07/image/main/EUIT07_main.jpg,https://www.youtube.com/watch?v=Sqs7Q07TKSY,http://www.parcopollino.gov.it/,"39.93, 16.138",https://www.unesco.org/en/iggp/pollino-unesco-global-geopark
184fdbf2-1934-56aa-94db-30e2dedbb0e3,EUIT12,Majella UNESCO Global Geopark,IT,2021-01-01,"The “Corsa degli zingari” is a unique event where the faith and endurance of participants are tested. Held every September in Pacentro, 30 men run barefoot through steep forest paths to reach the Church of the Madonna di Loreto.Walk the Celestine Way, a footpath connecting the hermitages of Maiella from L’Aquila to Ortona, following in the footsteps of Celestine V, the hermit pope.The traditional feast of the &quot;serpari&quot; in honour of San Domenico takes place every first Sunday of May. In the days before the festival, locals collect snakes from the surrounding forests to place on the float carried during the procession.","Once a calm sea with warm waters like today’s Bahamas or Persian Gulf, the Majella Massif is now a paradise of limestone peaks from which the Adriatic can be seen, and the last stronghold of the Marsican brown bear. According to legend, Maia, one of the Pleiades nymphs, brought her wounded son Hermes to the Abruzzo mountains in search of a healing herb. Unable to save him, she buried him on the Gran Sasso, where his figure is said to be etched in the rugged peaks. Maia herself came to rest in the Majella, a few kilometres south. Known as the “motherly mountain” and one of the few in Italy with a feminine name, Majella has long provided water, pastures, and protection, and is still revered by local communities. The region’s limestone sequences, formed near the tropics in the shallow waters of the Tethys Ocean and later uplifted by the complex Apennine Orogeny, have given rise to an impressive karstic landscape. Hundreds of caves punctuate the area, such as the Grotta del Cavallone in the Taranta Valley, located on the face of a limestone cliff and accessible only by cable car. Glacial karstic plateaus, such as Quarto Santa Chiara and Femmina Morta, form vast high-altitude flatlands. The extensive limestone formations are also responsible for rare phenomena like the moonmilk concretions in Grotta Nera—a soft, white carbonate precipitate formed by water and bacteria. Once believed to be formed by moon rays, moonmilk was used in ancient China as a face cream and as an antacid into the 19th century. Due to its fragility, the cave cannot be visited, but a virtual tour is available at the local museum. Beyond its karstic formations and breathtaking landscapes, Majella Geopark is home to significant palaeontological heritage, such as the Capo di Fume geosite. This Miocene (23.03–5.33 million years ago) sequence contains an exceptional fossil record, including dozens of plant, fish, and crustacean species, as well as feathers and small mammals like the Prolagus, an ancestor of the American pika. These collections are housed and preserved in the Museo Geopaleontologico Alto Aventino in Palena.","The Maiella UNESCO Global Geopark thrives on the deep connection between its natural environment, cultural traditions, and the communities that inhabit it. At the heart of the geopark’s mission is the preservation and promotion of its unique intangible heritage. Local festivals such as the Feast of St. Anthony in Pescocostanzo and the transhumance celebrations honour centuries-old agricultural and pastoral traditions. Folklore includes stories passed down through generations about mountain spirits and rituals tied to the changing seasons. Artisanal crafts, such as Pescocostanzo’s lace-making and the creation of traditional shepherd’s tools, reflect this living heritage. The geopark actively safeguards these traditions through initiatives like the restoration of more than 800 dry-stone walls and huts, emblematic of the landscape and built using local limestone with the traditional false vault tholos technique. These structures once served as shelters and storage for shepherds and farmers. In 2023, a training programme was launched to teach a new generation of craftspeople how to restore and maintain these features, ensuring continuity of skills and cultural knowledge. The geopark also celebrates transhumance, the seasonal movement of livestock, recently recognised by UNESCO as an element of intangible cultural heritage. In Pescocostanzo, this tradition remains central to community life, highlighting the strong ties between people, animals, and the land. The geopark also promotes the restoration of hermitages along the Spirit Trail, a route that weaves together natural beauty and spiritual history, commemorating the hermits who once sought solitude in these rugged mountains. To support the local economy and foster sustainable development, the geopark collaborates with farmers and artisans to revitalise traditional practices. Cheese-making, for example, has been revived with the production of Cacio delle Morre—a local variety made using ancient methods and preserving the flavours and identity of the region.",,ha,74010.0,25120,34.0,False,https://bioportalstprod.blob.core.windows.net/portal-media-public/GP/EUIT12/image/main/EUIT12_main.png,,,"42.054, 14.058",https://www.unesco.org/en/iggp/majella-unesco-global-geopark
ed4f47bb-6e6d-57d6-b626-23d09cdf17f6,EURO01,Haţeg Country UNESCO Global Geopark,RO,2015-01-01,"Follow the “Dinosaur Valley” trail, beginning at the House of Dwarf Dinosaurs and leading to the “La Scoaba” geosite, where the first dinosaur fossils in the geopark were discovered. The trail continues to the traditional village of Ohaba-Sibișel, where granite boulders are used in dry-stone structures such as plot walls and houses.Walk the “Volcano Road” trail, starting in the centre of Densuș village and leading to the volcanic hills and the House of Volcanoes. Along the way, visitors can observe well-preserved exposures of pillow lavas.","n a land of medieval castles and legends of giants and lords of darkness, the Hațeg Country UNESCO Global Geopark lies at the foothills of the Southern Carpathian Mountains. This rural region, surrounded by natural parks, is world-renowned for its dwarf dinosaurs—the most important element of its geological heritage. The geopark is located in a tectonic basin formed by the collision of tectonic plates at the end of the Cretaceous period, followed by tectonic subsidence linked to the closure of the North Tethys Realm. Jurassic to Pleistocene sedimentary rocks overlie a basement of Precambrian–Paleozoic metamorphic and magmatic formations. Paleogeographic reconstructions indicate that the Hațeg area was part of an archipelago during the Late Cretaceous. Quaternary glacial features, old quarries, and a former copper mining site are also part of the region’s geological heritage. The dwarf dinosaur fossils of the Hațeg Country UNESCO Global Geopark, found in Upper Cretaceous fluvial and lacustrine deposits (100–66 million years ago), are extremely rare. They represent more than ten dinosaur species, including a large pterosaur with a wingspan of 12 metres and eggs with preserved hatchlings. Their small size is attributed to insular dwarfism, a result of evolving in the isolated environment of Hațeg Island, once located in the Tethys Sea. This phenomenon—known as island syndrome—describes the morphological, physiological, and behavioural differences observed in species on islands compared to their continental relatives. A recent addition to the group of Transylvanian dwarf dinosaurs is Transylvanosaurus platycephalus, or the flat-headed reptile from Transylvania.","Picturesque landscapes and glacial mountain lakes form the backdrop to a long human history, stretching from the Paleocene through Roman Antiquity and the Middle Ages to the present day. The area is renowned for its historical and cultural sites, reflecting more than 4,000 years of continuous human presence. Among the most significant are the ruins of the ancient Roman capital of the Dacia province, Sarmizegetusa Ulpia Traiana. The region also features numerous medieval churches and fortresses, as well as remains of more recent castles, all contributing to a rich cultural heritage. The UNESCO Global Geopark carries out a wide range of activities in education, public awareness, land use planning, and nature conservation, encouraging both research and learning. The geopark serves as a subject of a master’s programme and as a case study in the online European Seminar in Sustainable Development. Explorers Clubs have been established in 12 schools, and the Volunteers for Geoparks programme encourages youth engagement in local projects. Small information museums and geo-trails, developed in partnership with local associations and communities, help promote geological heritage. Traditional crafts and local products—including brandy, cheese, and meat—are also supported, in cooperation with the Women’s Association, as part of a broader strategy to promote geotourism and ecotourism in the region.",“Large biodiversity and preserved rural life”,ha,112400.0,35436,31.0,False,https://bioportalstprod.blob.core.windows.net/portal-media-public/GP/EURO01/image/main/EURO01_main.jpg,,http://en.hateggeoparc.ro/,"45.523, 22.899",https://www.unesco.org/en/iggp/hateg-country-unesco-global-geopark
95cfa1b2-4d82-5cbb-b79b-c93a99f763bc,EUPT05,Terras de Cavaleiros UNESCO Global Geopark,PT,2015-01-01,"Experience the Wild Boar Gastronomic Route, held annually on the last weekend of January, as local restaurants present traditional dishes featuring this regional speciality.Visit the Olive Oil Museum &quot;Solar dos Cortiços,&quot; housed in a former schist and granite olive press in the village of Cortiços. Restored in 2005, it preserves the history of olive oil production, which ceased at the site in 1953.Discover the Royal Filatory of Chacim, a rare example of the industrialisation of sericulture in Trás-os-Montes, illustrating the historical cultivation of silkworms and the process of silk extraction.","In northeastern Portugal, in the region known as Trás-os-Montes—literally &quot;Beyond the Hills&quot;—much of the territory remains rural, and many people continue to live off the land. In this most remote part of mainland Portugal, Terras de Cavaleiros UNESCO Global Geopark is a predominantly rural area where century-old traditions are still very much alive. Located within the Iberian Massif, the geopark contains geological relics that offer insight into Earth’s history prior to the Variscan orogeny, a 350-million-year-old mountain-building event triggered by the collision of Euramerica and Gondwana to form the supercontinent Pangaea. One example is the Lagoa Gneiss, a 500-million-year-old metamorphic rock formed through the high-pressure transformation of granite. This formation provides evidence of a small ancient continent—Armorica—that existed before Pangaea. The geopark also offers a rare surface observation of the Conrad and Moho seismic discontinuities, which are boundaries within the Earth&#39;s crust that affect the propagation of seismic waves. Typically found at depths of around 20 kilometres, marking the transition between the middle and lower continental crust, these structures can be studied at the surface in Terras de Cavaleiros UNESCO Global Geopark—an exceptional geological occurrence.","The Carnival of Podence, also known as Entrudo Chocalheiro, is a distinctive seasonal ritual that marks the transition from winter to spring. At its centre are the Caretos, recognised by UNESCO as Intangible Cultural Heritage of Humanity. Historically a rite of passage for young men, the performance involves masked figures dancing around women while wearing cowbells—a practice possibly linked to ancient fertility rites. The Caretos wear tinplate or leather masks and costumes covered with colourful wool fringes and bells. While traditionally male, the ritual now includes women and children, adapting to contemporary social contexts. In a region facing depopulation, the Caretos de Podence Carnival has gained international recognition and plays a vital role in preserving local identity. Another significant initiative is the revival of Ceifa and Malha (the Harvest and the Mesh) in Morais, a community activity that highlights agricultural traditions and seasonal food rituals. These events contribute to a deeper understanding of the region’s cultural roots and reinforce the value of intangible heritage. The geopark works with local communities through a network of museums and interpretive centres that celebrate the region’s natural and cultural heritage. These include the Careto’s House, the Royal Spinning of Chacim, the Honey and Beekeeping Museum, and the Sacred Art Municipal Museum, among others. These centres serve as spaces for education, cultural exchange, and the promotion of local traditions, offering insight into the history, craftsmanship, and customs of the region.",“Different portions of rock stacked like pages in a book”,ha,70000.0,14252,22.0,False,https://bioportalstprod.blob.core.windows.net/portal-media-public/GP/EUPT05/image/main/EUPT05_main.jpg,https://www.youtube.com/watch?v=7jEKxD-rQmQ,http://www.geoparkterrasdecavaleiros.com/,"41.55, -6.9",https://www.unesco.org/en/iggp/terras-de-cavaleiros-unesco-global-geopark
fa1423f3-b997-553b-b742-498a1bc50b44,LABR01,Araripe UNESCO Global Geopark,BR,2015-01-01,"The Padre Cícero Museum, located at the Colina do Horto Geosite, explores contemporary and historical faith and popular culture.The Memorial do Homem Kariri focuses on archaeological and anthropological themes, including Indigenous heritage, cave paintings, and lithic artefacts discovered in the territory.","In the Brazilian “sertão”, an arid land known for legends and exuberant folk festivals celebrated with music, food and dance, Araripe UNESCO Global Geopark is an oasis. Tropical savanna meets the Atlantic Ocean and rainforests where, millions of years ago, pterosaurs soared across the skies. Like a stone wall meant to protect the neighbouring state of Pernambuco, the headland of the Chapada do Araripe, a red sandstone plateau, is without doubt the most striking feature of the geopark. Below it is a vast flatland extending almost to the sea. The geopark is located entirely within the Araripe Sedimentary Basin, which originated from the breakup of the Pangea supercontinent, forming Africa and South America. It spans over 9,000 km², making it the largest inland basin in northeast Brazil. The basin includes the entire Chapada do Araripe, a striking red sandstone plateau, below which lies a vast flatland extending almost to the sea. Formed by alluvial deposits mainly from the Jurassic–Cretaceous period (160–60 million years ago), the region’s unique conditions have led to the exceptional preservation of numerous high-quality fossils. At the Pedra Cariri geosite, an ancient lake with tranquil waters, researchers have reconstructed the environmental conditions of a 112-million-year-old ecosystem thanks to the abundance and variety of fossils. The site has yielded dozens of fish and plant species, as well as a remarkable diversity of well-preserved insect remains including crickets, wasps, ants, cockroaches, termites, beetles, butterflies, flies, mosquitoes and others. The Araripe region (derived from the ancient Tupi word ararype, meaning ‘in the river of the macaws’) is a meeting point of the caatinga, an exclusively semi-arid Brazilian biome characterised by cacti, thick-stemmed plants, thorny brush, and arid-adapted grasses; and the cerrado, a vast ecoregion of tropical savanna considered by the World Wildlife Fund to be the richest savanna ecosystem in the world. The geopark hosts the Araripe-Apodi National Forest Park, a conservation area of more than 38,000 hectares that protects one of the last strongholds of the Atlantic rainforest and its critically endangered endemic species. These include the Araripe manakin bird, known locally as the ‘little soldier of Araripe’ for its red crown resembling a military helmet, and the freshwater crab Kingleya attenboroughi.","In the confluence of the backlands of Ceará, Pernambuco, Paraíba, and Piauí States, the region is densely populated and home to some of the most original cultural products and events in Brazil. This is the result of the mixture of settlers who brought with them handicrafts, music and gastronomy, preserving samples of popular culture. Examples include cordel literature—printed booklets or pamphlets containing folk novels, poems, and songs—considered one of the least altered continuations of Western traditions of popular literature. The exuberant festivities of Pau de Bandeira in Barbalha town are recognised as intangible heritage of the State of Ceará, and the Festas Juninas (June Festivals) celebrate Catholic saints Peter and John with thousands of people gathering for food, music and dance. Based on the historical and cultural identity of the people from Cariri, the Environmental Education and Interpretation Centre of the geopark was created in 2010 to provide an integrated understanding of the historical, cultural, socio-environmental, palaeontological and natural aspects of the geological sites.",“The Araripe UNESCO Global Geopark holds one of the largest deposits of fossils from Lower Cretaceous in Brazil and in the world”,ha,378900.0,539145,174.0,False,https://bioportalstprod.blob.core.windows.net/portal-media-public/GP/LABR01/image/main/LABR01_main.jpg,https://www.youtube.com/watch?v=k9Y97dEaTho,http://geoparkararipe.org.br/,"-7.284, -39.467",https://www.unesco.org/en/iggp/araripe-unesco-global-geopark
e8a1fbe9-e7b4-5ec0-8cb0-dc28f5353f1a,LABR02,Southern Canyons Pathways UNESCO Global Geopark,BR,2022-01-01,"Canyons can be visited from the high ground or through the valleys. The best known are the trails of the Itaimbezinho Canyon, Fortaleza Canyon, Malacara Canyon, Rio do Boi Trail, and Tigre Preto Trail.When touring the towns, visitors will find options such as traditional gaúcho barbecue prepared in a fire pit, seafood dishes, restaurants specialising in meat and pasta, as well as tasty homemade food.","The territory of the Caminhos dos Cânions do Sul UNESCO Global Geopark is divided into two areas: the Serra Geral, carved by hundreds of kilometres of deep canyons and stretching from Paraguay to Argentina and Uruguay, across the states of Paraná, Santa Catarina, and Rio Grande do Sul; and the Coastal Plain, a flat stretch of land by the Atlantic with so many freshwater lagoons that there is nowhere else in the world that matches it. The Caminhos dos Cânions do Sul geological history has its origins in the supercontinent Gondwana, an immense landmass that existed between 550–180 million years ago, extending between the South Pole and the equator, and that was one of the components of Pangea, an even larger supercontinent. In the interior of this supercontinent, a wide sedimentary basin existed where more than 7 km of sediments accumulated over 300 million years. The eastern flank of that ancient basin is where, today, the Caminhos dos Cânions do Sul UNESCO Global Geopark resides. Around 150 million years ago, during the period in which the Atlantic Ocean was forming and the large landmasses were breaking up into smaller continents, massive volcanic eruptions took place, generating one of the largest basalt provinces on the planet. These events raised the sediments, forming the plateaux which, at a later stage, were carved by flowing water into deep canyons, such as the Itaimbezinho Canyon—a geosite accessible via a short hike. This geosite is considered one of the best records of that break-up event. But there’s more than canyons in the geopark. At the Toca do Tatu, visitors can enter the den of a prehistoric mammal, the Mylodon—a giant sloth extinct for more than 10,000 years. These paleoburrows, as they are called by geologists, were used by prehistoric communities—probably ancestors of the Mbya Guarani Indigenous people who still inhabit the region—who left their mark side-by-side with those made by the claws of the animal that could reach up to 4 metres tall. The paleoburrows can be visited on the Portal do Palmiro Trail and the Três Barras Paleoburrow Trail.","The geopark carefully preserves and showcases its rich cultural heritage, integrating it into educational and tourism initiatives. Significant cultural geosites, such as the Nossa Senhora Aparecida Sanctuary in Mampituba and the São Domingos Church in Torres (recognised as regional heritage), highlight the area&#39;s history and traditions. Historical artefacts, including household utensils from Italian immigration, are displayed in museums and interpretation centres, accompanied by well-researched narratives. Local guides and staff are trained to deliver these stories, ensuring authenticity and engagement. Intangible heritage is equally prioritised. Traditions such as tropeirismo (cattle-driving culture), gaúcho folklore, mate herb techniques, and Indigenous customs are preserved and showcased. Local crafts, dialects, and gastronomic practices are incorporated into exhibitions like those at Portal do Palmiro, fostering a deep connection between visitors and the region&#39;s cultural landscape. Partnerships with Indigenous communities, such as Nhu Porã, have facilitated the sale of handicrafts through platforms like the ‘Casa da Terra’ in Torres. These collaborations support livelihoods while preserving traditional knowledge. Tourism has been a vital sector in the region. By linking geological heritage with cultural and natural assets, the geopark diversifies the tourism offering. Initiatives such as interpretive panels at Torres beaches and geosite signage ensure that geotourism complements the region&#39;s popular &quot;sun and beach&quot; destinations, attracting a broader audience. Education is central to the geopark&#39;s mission. Through initiatives like the &quot;Turma do Geoparquito&quot; comic series, didactic boxes, and hands-on activities, the geopark fosters awareness among schoolchildren and the wider public about geodiversity and heritage conservation. Digital platforms, including the &quot;Geocast&quot; podcast, further amplify outreach.",,ha,283100.0,74120,26.0,False,https://bioportalstprod.blob.core.windows.net/portal-media-public/GP/LABR02/image/main/JOARES_FURLANETTO_7.JPG,https://www.youtube.com/GeoparqueC%C3%A2nionsdoSul,https://canionsdosul.org/,"-29.027, -49.995",https://www.unesco.org/en/iggp/southern-canyons-pathways-unesco-global-geopark
f9de1b0a-484d-5b6a-8418-6bd86beb18a3,NACA03,Percé UNESCO Global Geopark,CA,2018-01-01,"The geopark offers many other seaside geosites, such as Cap Barré – The Three Sisters, Cape Mont-Joli, or Cape Blanc, a majestic cliff with a lighthouse that offers views to Percé Bay and Rocher Percé in the distance.Hikers can enjoy a well-maintained network of 18 km of trails, and discover geosites, lookouts offering breathtaking views, and a beautiful forest that changes colours throughout the year.","Percé UNESCO Global Geopark is at the heart of a large mountain belt, the Appalachians, which extends along the Atlantic slope of North America and took shape over a period of 350 million years, between the end of the Precambrian (around 600 million years ago) and the end of the Palaeozoic (around 250 million years ago), through successive phases of folding, fracturing and uplifting that ended in the formation of Pangea, in a process resembling the wrinkles created by pushing two pieces of cardboard together. However, the supercontinent did not last long and soon began to fragment. The newly formed continental plates drifted apart and a new ocean—the Atlantic—was born. Geologists believe that the Appalachians, which have their twins in the Scottish Highlands and the Anti-Atlas Mountains of Morocco, might once have been as tall as the Himalayas but were eroded to the modest heights of today. In the Percé UNESCO Global Geopark, relics of this mountain belt can be seen at the Logan Park geosite, right in Percé’s centre, in the form of Cambrian folded rocks (489–501 million years ago). The geosite includes a commemorative plaque in honour of Sir William Logan, founder and first director of the Geological Survey of Canada, who pioneered geological research in the region. Claude Aubry, Canadian author, described Rocher Percé as a “monstrous giant; pierced through by an immense eye” that changes colour according to the moods of the sea. Rocher Percé (the Pierced Rock) is an 88-metre-tall sheer rock formation that emerges from the sea in a multitude of colours depending on the sun and the tides. The monolith, considered an icon of Quebec and featuring one of the world’s largest natural arches located in water, is formed by vertical limestone strata. Within these layers, over 150 species of fossils from the Devonian period (419–358 million years ago) have been identified, including brachiopods, trilobites, dalmanites, corals and marine worms. During low tide, a four-hour window allows visitors to walk beneath the arch.","Percé UNESCO Global Geopark is located on the territory of the Mi’gmaq Nation, one of the First Nations peoples of Canada. The region is shaped by Indigenous traditions and spiritual heritage, and Mont Sainte-Anne is recognised as a sacred site for the Mi’gmaq, holding deep cultural and spiritual significance. Trail names in Percé UNESCO Global Geopark are translated into the Mi&#39;gmaq language, an initiative carried out in close collaboration with the Micmac Nation of Gespeg. This provides a tangible and respectful step towards revitalising an endangered Indigenous language. Launched during the International Year of Indigenous Languages, the initiative contributes to the preservation of Mi’gmaq and reflects the ongoing partnership between the geopark and local Indigenous communities in advancing cultural recognition and reconciliation. Educational activities such as guided hikes, on-site animation, and the immersive Tektonik multimedia exhibition help visitors engage directly with geological processes and local landscapes. From the Club of Apprentice Scientists to interactive experiences at the Suspended Glass Platform, the geopark’s education programme fosters public understanding of Earth sciences through hands-on learning and storytelling.",“Rocher Percé is the starting point in a journey to learn more about 500 million years of Earth's history”,ha,55500.0,3095,6.0,False,https://bioportalstprod.blob.core.windows.net/portal-media-public/GP/NACA03/image/main/NACA03_main.jpg,https://www.youtube.com/watch?v=DDp_2rYs_iE,http://geoparcdeperce.com/,"48.567, -64.353",https://www.unesco.org/en/iggp/perce-unesco-global-geopark
34cf7007-593c-5946-810e-52a8260554fe,NACA04,Stonehammer UNESCO Global Geopark,CA,2015-01-01,Witness the power of tides in the Reversing Rapids.Walk through 400 million years of Earth’s history in the Fundy Trail Parkway.Kayak on the numerous lakes of the region.,"Seen from above, the Stonehammer UNESCO Global Geopark territory is clearly marked by the wide estuaries of the St. John and Kennebecasis rivers, which join just north of the capital of the geopark, Saint John, and by countless lakes of every shape and size scattered throughout the undulating landscape—a result of the erosive action of glaciers. The geology of the Stonehammer UNESCO Global Geopark presents a relatively continuous geological record of almost one billion years of Earth history, from the Late Precambrian (around 1,000 million years ago) to the last ice age (approximately 25,000 years ago), with only a few periods missing. The oldest rocks are marbles around one billion years old, which form some of the prominent higher landscape features, including the rock ridges responsible for the “Reversing Rapids” near the mouth of the Saint John River. Here, the strong rising tide of the Bay of Fundy, amplified by the narrow gorge, forces the flow of water to reverse against the prevailing current in a spectacle of whirlpooling waters. The steel bridge that connects the two sides of the gorge is a passage between two continental fragments that collided millions of years ago to form the supercontinent Pangea. South of the bridge, rocks were formed during the Cambrian period (542 to 490 million years ago) in what is now northern Africa, while on the north side, the light grey marbles of Precambrian age (750 million to 1.2 billion years ago) were formed in what is now South America. These marbles contain fossils of algae and cyanobacteria known as stromatolites—evidence of some of the earliest lifeforms on Earth.","Stonehammer UNESCO Global Geopark is located on the traditional, un-surrendered and unceded territory of the Wolastoqiyik, Peskotomuhkatik, and Mi’kmaq peoples. As one of the first regions of North America to be colonised, most of the Indigenous populations traditionally found here were displaced. Today, the region is home to many diverse First Nation, Inuit, and Métis peoples. The geopark features thousands of archaeological sites representing this Indigenous presence, dating back over 13,500 years. In Saint John, Fort La Tour is a Provincial Historic Site with a new interpretive centre. It is an archaeological site containing the remains of a 17th-century fortified fur-trading post as well as a mid-to-late Moorehead tradition cemetery, approximately 4,000 years old. The people of the Susquehanna and Maritime Woodland periods—ancestors of today’s Wolastoqiyik, Mi’kmaq, and Passamaquoddy Indigenous peoples—used the Menaqesk (Saint John) area from around 4,000 to 400 years ago. The site served primarily as an important ceremonial, gathering, and trading area for the Wolastoqiyik, though Mi’kmaq and Passamaquoddy peoples would also have used the area. Because of its strategic location and importance to First Nations, Portland Point was selected in 1631 by Charles de Sainte-Étienne de La Tour, Governor of Acadia, for his fortified trading post. From this location, La Tour controlled the largest and richest river in Acadia, establishing one of the earliest centres of French fur trade with Indigenous peoples. Its position at the mouth of the Saint John River gave control over access and movement into the interior of what had become New France. Traditional foods include Indigenous cuisine such as bannock, Acadian specialties like pets de sœur and poutine, and local delicacies such as lobster.",“Stonehammer combines a billion years of a relatively continuous geologic record with a long history of study”,ha,250000.0,120000,60.0,False,https://bioportalstprod.blob.core.windows.net/portal-media-public/GP/NACA04/image/main/NACA04_main.jpg,https://www.youtube.com/watch?v=nZI_MGM46Z4,https://www.stonehammergeopark.com,"45.381, -65.955",https://www.unesco.org/en/iggp/stonehammer-unesco-global-geopark
5630ec8f-f03b-5838-890c-9dfc2861ca86,ASCN41,Yimengshan UNESCO Global Geopark,CN,2019-01-01,"Visitors to Yimengshan UNESCO Global Geopark can enjoy natural hot springs, with some reaching temperatures of 45°C, popular for relaxation and health benefits.The Yunmeng Pearl Museum spans over 3,000 square metres and explores the relationship between biology, geology, water systems, and cultural landscapes.Walk through the peaceful Yunmeng Lake National Wetland Park.","Yimengshan UNESCO Global Geopark is located on the uplift belt along the eastern coast of China, near Jinan City, the capital of Shandong Province. Over time, a diverse range of geological landscapes has formed here. It is home to one of Asia’s largest kimberlite-type diamond mines, which has yielded up to 1.8 million carats of diamonds. Still, the real gems of the region are the castle-shaped rock formations that rise above the horizon, known locally as ‘Daigu.&#39; Yimengshan sits on the Luxi Block, west of the Tanlu fault zone. The Archean massive intrusive rock series found here offers researchers a unique window into the early evolution of Earth’s crust in northern China. One notable example is the naturally occurring ‘money stone’—a porphyritic ultrabasic rock formed through hydrothermal alteration of ancient intrusive rocks.","Yimengshan UNESCO Global Geopark lies within a predominantly agricultural region, where traditional farming and tourism form the backbone of the local economy. The nearby city of Jinan—known as the “City of Springs” features an extensive underground water system which system which flows into the Daming Lake and bursts to the surface in 72 hot and cold springs. The geopark is also home to multiple sites of cultural heritage, including the Zhou dynasty Wanshou Palace, the Xialou Pavillion which Confucius is said to have once visited, the 1,500-year-old Marshal tree, the Manglianggu Battle Monument, and various other renowned temples. The region’s rich intangible cultural heritage is also actively protected. Feixian stitch work and handmade rough cloth represent centuries-old textile traditions, while other crafts include rotating wooden toys, Cangshan clay sculpture, and the making of red grass wine. Liuqin drama and the Five Major Tunes of southern Shandong are officially recognised forms of national intangible heritage, still practiced and celebrated today.",,ha,180476.0,641400,355.0,False,,,,"35.725, 117.975",https://www.unesco.org/en/iggp/yimengshan-unesco-global-geopark
771cd119-15f7-569e-a837-a407d603fbc4,ASCN46,Wugongshan UNESCO Global Geopark,CN,2024-01-01,"Join thousands at the annual Wugongshan International Camping Festival, featuring mountain biking, student field trips, and the Guinness World Record for the longest line of tents.Walk through alpine meadows and granite peak forests formed across hundreds of millions of years of geological evolution.Take part in tea garden and orchard tours that showcase the link between traditional agriculture and the region’s unique landscape.","Wugongshan UNESCO Global Geopark is located at the junction of three cities—Pingxiang, Yichun, and Ji&#39;an—in the west of Jiangxi Province, eastern China. The geopark is situated within the interior of the South China Block, south of the suture zone between the Yangtze and Cathaysia blocks. It has experienced multiple tectonic events since the Neoproterozoic period. The area is characterised by striking geological landscapes, including Jurassic (ca. 201–145 million years ago) granite “stone forests,” alpine meadows growing on weathered Silurian (ca. 444–419 million years ago) granitic gneiss, and ring-shaped hot springs. These diverse features are linked to a standout geological structure: a Mesozoic granite dome developed on a Precambrian basement and Early Paleozoic granite foundations. The clear vertical zoning of this granite dome—from high-altitude meadows and peak forests to steep waterfalls and hot spring belts—creates a distinctive multi-level geological landscape. This spatial diversity, combined with the well-preserved heritage and long tectonic history, makes Wugongshan a geopark of high international significance for scientific research and geotourism.","Wugongshan UNESCO Global Geopark has developed a wide range of initiatives to strengthen connections between local communities and the landscape through geotourism and cultural heritage. The annual Wugongshan International Camping Festival—organised since 2008—has become a flagship event attracting both domestic and international visitors. It features outdoor activities such as mountain biking, climbing, student field trips, and bonfire carnivals. In 2018, the festival set a Guinness World Record for the longest line of tents. Agricultural tours of tea gardens and orchards also offer immersive experiences, particularly during harvest seasons. Wugongshan holds deep cultural and spiritual significance. It is recognised as a sacred site for Taoism, Buddhism, and Confucianism, with over 100 recorded religious sites, including the ancient Gexian, Wangxian, Chongying, and Qiusi altars—some dating back over 1,700 years. Yangshan Qiyin Temple is associated with the founding lineage of one of Buddhism&#39;s seven schools, and additional sites such as Guanyin Temple and Shengfo Zen Forest reflect the area’s longstanding spiritual traditions. Wugongshan is a centre for rich intangible cultural heritage, including music, folk art, and traditional crafts. The region is home to nine nationally recognised practices such as the Tea Picking Opera and Nuo Cultural Mask carving. Nuo culture in particular is rooted in more than 1,000 years of history and encompasses temple rituals, dance, and carved masks.",,ha,147100.0,0,0.0,False,,,,"27.533, 114.175",https://www.unesco.org/en/iggp/wugongshan-unesco-global-geopark
56d324a9-c784-557c-863d-2d486dc8171e,ASCN47,Xingyi UNESCO Global Geopark,CN,2024-01-01,"Marvel at the Wanfenglin karst landscape, where more than 20,000 sharp peaks stretch across the horizon.Discover the “Xingyi fauna” fossil site, offering rare insight into marine life from over 240 million years ago.","Located in Guizhou Province, Xingyi UNESCO Global Geopark is a geological treasure trove with imposing natural scenery such as the Malinghe River Gorge, bursting with over 100 cascading waterfalls during periods of heavy rain. The Wanfenglin site displays more than 20,000 karst peaks stretching as far as the eye can see, and was selected as one of four scenic areas in China to appear on a national postage stamp in 2013. The geopark is world-famous for the exceptionally preserved &quot;Xingyi fauna&quot; from the late Ladinian Age (approximately 242 to 237 million years ago). These marine reptile and fish fossils provide a rare glimpse into the evolutionary transition of marine life from nearshore habitats to the deep ocean. It is the only known fossil site preserving the full turnover of marine reptiles from the Ladinian to the Carnian Age (ca. 237 to 227 million years ago). The Triassic strata in Xingyi are notable for their completeness and the clear distribution of platform, foreslope, and basin sedimentary facies zones. These records offer valuable insights into how marine ecosystems adapted to global sea level changes and volcanic activity during a pivotal time in Earth’s history.","Xingyi UNESCO Global Geopark is home to diverse ethnic minority groups, including the Buyi, Miao, Yi, Hui, Gelao, and Shui. The Buyi people are predominant in the region and are recognised for their craftsmanship in weaving, batik printing, brocade work, and embroidery. To help preserve this cultural knowledge, the geopark hosts Buyi and Miao Cultural Training Courses, supporting intergenerational transmission of traditions while creating income opportunities linked to the tourism sector. There are many recognised forms of intangible cultural heritage in the region, including Bayinzuochang and Leyou (music), the Chabai song festival, the high platform lion dance, and traditional Buyi garments. Cultural expression is supported through training seminars, traditional product promotion, and performances of music and dance. Community engagement is central to the geopark’s management. In Shangsheng Village, a development model combining “tourism + agritainment + homestay” has transformed livelihoods, enabling residents to run restaurants, homestays, and cultural businesses. The Wanfenglin Nostalgic Market is held regularly to showcase local products and traditions. Current projects in the geopark include the Wanfu Qixing Bee Farm cooperative, which supports individuals with disabilities and their families through the production and sale of honey, and the Lüyuan Flower Base, a centre focused on research, cultivation and education related to orchids and other endangered plant species. There are over 2.5 million orchid seedlings and 50,000 endangered plants in the database.",,ha,145600.0,0,0.0,False,,,,"25.006, 104.891",https://www.unesco.org/en/iggp/xingyi-unesco-global-geopark
257858b4-9ad0-5de0-ba29-159d8ae60c27,EUA501,Schelde Delta UNESCO Global Geopark,"BE,NL",2024-01-01,"Visit one of over 100 drowned villages—the highest concentration in Europe. Traces of these lost settlements prompt reflection on the fragility of human life in the face of climate change.Explore the Watersnood Museum, housed in the original caissons used to seal the dikes after the devastating 1953 North Sea Flood.Join a beer walk or tasting at one of the many small local breweries across the border.","The Schelde Delta UNESCO Global Geopark is a living storybook of Earth’s history, spanning 50 million years. Here, the forces of geology, tides and human activity have shaped a unique landscape that stretches across northern Belgium and the southern part of the Kingdom of the Netherlands. Located at the southern edge of the North Sea Basin—where it transitions into the London-Brabant Massif surfacing in central Belgium—the geopark has experienced uplift in the south due to the collision of the African and Eurasian plates. Over millions of years, this process has gradually tilted horizontally deposited stratigraphic units towards the north-northeast. The cumulative Paleogene, Neogene and Pleistocene thickness increases from near-zero just south of the geopark boundary to almost 1 km at its northeastern edge. This entire area has been repeatedly exposed to marine transgressions and regressions as a result of climatic shifts. The transitional setting of the geopark allows ancient geological layers—near-ubiquitous Pleistocene and pre-Quaternary units—to be exposed, eroded, and traversed by more recent fluvial deposits from the Scheldt and its tributaries. These geological features have shaped not only the landscape but also human activity. Around 2,000 years ago, the Romans began draining peatlands to create farmland, making use of the fertile soils deposited by these natural processes. However, this also increased the region&#39;s vulnerability to flooding—a challenge that remains urgent today as sea levels rise. Holocene peat and tidal clastics have formed a seal over some of the best-preserved and most thoroughly studied prehistoric landscapes in northwestern Europe. The international significance of the Schelde Delta UNESCO Global Geopark lies in its dynamic interplay of tectonics, climate, sedimentation, fluvial and tidal forces, sea level fluctuations, and human intervention. These interactions have left geological, morphological and cultural-historical traces—reminders of human vulnerability and lessons from the past with relevance for the future.","The geopark hosts an extraordinary Climate Living Lab and uses a multifaceted narrative that interweaves geological and human history to raise awareness of the region’s vulnerability to climate change. “The geopark shows on a small scale what the effects of climate change and sea level rise are worldwide,” observes local photographer and artist Rem van den Bosch through his installations and interventions. The geopark uses leisure as a space where people can encounter the past effects of climate change and be inspired by the resilience of their ancestors. This approach has strong local support and reinforces existing strategies by highlighting the area&#39;s underlying geological and geographical coherence. One ongoing conservation project aims to resurrect the lost medieval town of Reymerswael, submerged in 1530 due to peat excavation. The project combines coastal defence, water-quality improvement and ecological enhancement of the Eastern Scheldt, demonstrating the geopark&#39;s integrated approach to environmental preservation. As a transnational geopark, Schelde Delta focuses on fostering cooperation and dialogue between the Netherlands and Belgium—two neighbouring countries that share a language but have distinct cultural identities. The geopark highlights how the landscape transcends borders, offering a shared foundation for mutual support and collaboration. Partners on both sides are increasingly engaging in joint initiatives. A regional participation group connects volunteers across the geopark, encouraging the exchange of knowledge, ideas and inspiration.",,ha,546700.0,1500000,0.0,True,,,https://scheldedelta.eu/en,"51.368, 3.918",https://www.unesco.org/en/iggp/schelde-delta-unesco-global-geopark
c47d8188-b6a6-5c49-bd11-306de0ce3619,EUDK03,The South Fyn Archipelago UNESCO Global Geopark,DK,2024-01-01,"Walk the 30-kilometre coastal trail Kyststien across Ærø island, passing scenic landscapes from the southern to the northern end.Taste locally brewed beers and learn about the brewing process during a guided tour at Ærø Bryggeri.Enjoy the annual meatball festival, &quot;Frikadellefesten,&quot; in Lohals, featuring music, local food, and the unofficial Meatball World Cup.","The South Fyn Archipelago UNESCO Global Geopark in the central and southern parts of Denmark encompasses both terrestrial and marine zones, tracing nearly 800,000 years of geological history. The landscape is shaped by successive glaciations during the Pleistocene, which left behind a rich tapestry of glacial landforms, interglacial sedimentary sequences, glaciotectonic structures, and Holocene coastal development. Geologically situated in the transition zone between the ancient Precambrian Baltic Shield and the Paleozoic sedimentary basins of the Northwest European Craton, the geopark displays a broad range of geodiversity. From deep-seated Proterozoic–Mesozoic rocks to exposed marine Paleogene sediments and varied Quaternary deposits, the area provides a comprehensive view of northern Europe&#39;s geological evolution. The South Fyn Archipelago itself comprises 55 islands and islets emerging from a spectacular submerged glacial landscape. While each island is distinct in its cultural and ecological characteristics, all share a common maritime history shaped by the region’s geological and coastal dynamics.","According to Laura J. Storm, islander and volunteer on the Island Council, the geopark “cultivates a spirit of community and collaboration among the islands.” This shared identity is supported by the geopark’s strong focus on sustainable development, environmental education, and the preservation of the marine ecosystem, which is increasingly under threat from climate change and biodiversity loss. The area has a long agricultural tradition, and the island of Fyn has historically been known as “The Garden of Denmark.” Today, the geopark supports local food production through a network of small-scale farms and producers, creating opportunities for collaboration among business owners committed to the region’s sustainability and identity. Environmental education plays a central role in community engagement. Each year, 500 students from schools within the geopark take part in a citizen science programme aboard the Schooner Fylla, a century-old three-masted vessel built in the archipelago. Students work alongside researchers and educators from the University of Aarhus and the Kend Dit Hav (Know Your Ocean) initiative, collecting oceanographic data, studying marine life, and directly witnessing the impacts of climate change, such as oxygen depletion and biodiversity loss in local waters. The programme is fully integrated into school curricula, ensuring that the geopark’s values reach young people across its territory.",,ha,273300.0,128601,0.0,False,,,https://www.geoparkoehavet.com/,"55.308, 10.576",https://www.unesco.org/en/iggp/south-fyn-archipelago-unesco-global-geopark
ae1e9b58-9446-5236-9ca1-50cff2d15c48,EUES17,Calatrava Volcanoes. Ciudad Real UNESCO Global Geopark,ES,2024-01-01,"Explore the Calatrava La Nueva geo-route, featuring maars, magmatic volcanoes and active carbonic springs (&quot;hervideros&quot;), showcasing key volcanic formations of the geopark. The route concludes at the Calatrava La Nueva fortress, an iconic cultural landmark atop a Paleozoic quartzite ridge in an Appalachian-style relief.Visit the famous Almadén Mine, the world’s largest mercury deposit and a UNESCO World Heritage Site, where deep-seated volcanic activity created an unparalleled mineral resource.","Calatrava Volcanoes. Ciudad Real UNESCO Global Geopark is a landscape shaped by over 600 million years of geological history, where multiple phases of volcanic activity have left a lasting imprint on the region. The geopark’s rich geological heritage is evident in three key sites of international importance: the Almadén Mining Site, the Puertollano Carboniferous Site, and the Campo de Calatrava Volcanic Region. Together, these areas provide a unique record of the interactions between geological processes, ecosystems, and human societies. The Almadén Mining Site, a UNESCO World Heritage Site, contains the world’s most significant mercury deposit, formed by Silurian-aged volcanic activity (450–420 million years ago). This site has been mined for over 2,500 years, making it the only mercury mine globally to have been exploited from Roman times to the present day. The concentration of mercury is linked to a Surtseyan submarine eruption that altered the composition of the region’s crust, creating a resource of unparalleled metallogenic importance. The Puertollano Carboniferous Site, often referred to as the &quot;Palaeobotanical Pompeii of the planet,&quot; preserves an exceptional record of plant and animal life from 300 million years ago. Volcanic eruptions during the Carboniferous period coincided with the formation of coal deposits, and fine layers of volcanic ash within these sequences have allowed for the remarkable preservation of fossils. This site is recognised as one of the most significant fossil deposits in the world. The Campo de Calatrava Volcanic Region, active between 7.4 and 0.7 million years ago, is the most extensive volcanic field of its kind on the Iberian Peninsula. It is notable for its Strombolian and hydromagmatic eruptions, which formed numerous volcanic cones and the most significant maar lake system in continental Europe. The presence of carbonic springs, &quot;boiling pools,&quot; and CO₂-rich fountains provides ongoing evidence of deep-seated magmatic activity beneath the region. This recent volcanism has shaped the area&#39;s biodiversity, hydrology, and human settlements.","The long coexistence between humans and the volcanic landscapes of Calatrava Volcanoes. Ciudad Real UNESCO Global Geopark has shaped settlement patterns, economic activities, and cultural traditions. The region’s fertile volcanic soils have historically supported agriculture, while its igneous rocks have been widely used in construction. Throughout history, communities have depended on the land’s natural resources—from the mercury mines of Almadén, active for over 2,500 years, to the coal deposits of Puertollano, preserved within volcanic ash layers. The area’s cultural heritage dates back to the Palaeolithic, with continuous human settlement influencing the landscape. Archaeological sites from the Chalcolithic, Bronze Age, and Iberian periods include fortified settlements, rock art, and burial sites. Roman influence is particularly evident, with remains of settlements, roads, and mining operations still visible today. Medieval and Modern Age fortifications, such as Calatrava La Vieja and Calatrava La Nueva, highlight the historical importance of the region as a strategic crossroads on the Iberian Peninsula. The region’s intangible heritage is deeply tied to religion, pastoralism, and literary history. Religious festivals, traditional transhumance routes, and the herding of Merino sheep continue to shape local customs, while traditional crafts such as embroidery and lacemaking are passed down through generations. The area is also known as the land of Don Quixote, with landscapes immortalised in Miguel de Cervantes’ famous novel.",,ha,438371.0,225374,0.0,False,,,https://geoparquevolcanesdecalatrava.es/,"38.827, -4.188",https://www.unesco.org/en/iggp/calatrava-volcanoes-ciudad-real-unesco-global-geopark
3eb21c5a-9981-5e3b-b03b-0157d135cb60,EUFR08,Armorique UNESCO Global Geopark,FR,2024-01-01,"Walk the heathlands of the Monts d’Arrée to reach Montagne Saint Michel and its chapel, with views over ancient peaks once as high as the Himalayas.Step into 19th-century rural life at the Kerouat Ecomuseum and visit the nearby linen-bleaching kanndi of Rozonoual.Discover over 400 sea caves along the Crozon Peninsula, the highest concentration in France—by foot or by kayak.","From the vertical cliffs of the Crozon Peninsula to the windswept Arrée Mountains, the Armorique UNESCO Global Geopark offers a journey through over 500 million years of Earth history. Located at the western edge of France along the Atlantic coast, the geopark encompasses part of the Armorican Massif, including formations from the Upper Neoproterozoic (Ediacaran) to the Paleozoic era. These include deformed sedimentary and plutonic rocks, shaped by episodes of volcanic activity, metamorphism, and the intrusion of granitic plutons and magmatic dykes. The landscape reflects a time when the region formed part of an ancient sea, whose sediments were later uplifted into mountains that reached altitudes comparable to the modern-day Alps. Today, this geological legacy is visible in a wide variety of features, including the expansive Brest Bay—the largest in Europe at 180 km wide—and the granitic chaos of Huelgoat forest, where massive boulders bear witness to long-term erosion and tectonic activity. Together, these sites highlight the region’s exceptional geodiversity and the deep connections between natural history and human settlement.","In Armorique UNESCO Global Geopark, local communities maintain a strong sense of identity shaped by maritime, mountain, and peninsular traditions. The region is home to a rich intangible heritage recognised internationally, including storytelling, traditional games, and seasonal foraging practices. The fest-noz is a festive gathering centred on collective Breton dance and music. These events, along with the wearing of traditional embroidered costumes at religious and cultural ceremonies, continue to bring communities together across generations.&nbsp; Stone has long defined both the physical and cultural landscapes of Armorique. Archaeological remains—including the 14,500-year-old engraved slate tablets of the Rocher de l’Impératrice and the 4,500-year-old megalithic alignments at Lagatjar—testify to a long-standing relationship between people and the mineral environment. Local legends often emerge from this deep connection to place. In the Monts d’Arrée, the marshes of Yeun Elez were believed to be the gates of the underworld, while in Huelgoat, a giant’s wrath is said to have created the dramatic granite chaos of the forest. Today, educational walks and multilingual resources, including materials in Breton, help schoolchildren engage with this living heritage. Pedagogical resources exist with titles such as ‘Let the stones speak! What secrets do they reveal?’&nbsp;",,ha,158700.0,104298,0.0,False,,,https://www.geopark-armorique.fr/,"48.349, -4.087",https://www.unesco.org/en/iggp/armorique-unesco-global-geopark
089cbfac-58f0-542b-8da9-93ea0a63ecce,EUGR09,Meteora Pyli UNESCO Global Geopark,GR,2024-01-01,"Perched atop towering sandstone pillars, the six Byzantine monasteries of Meteora, a UNESCO World Heritage Site since 1988, showcase remarkable post-Byzantine frescoes and offer insight into centuries of monastic life.Explore unique geological features, from the slender column of Adrachti Rock to the honeycomb-patterned tafoni formations near Kalambaka, shaped by millennia of erosion.Experience the annual Mushroom Festival in Kalambaka, featuring wild mushroom tastings, truffle hunting, seminars and cultural events celebrating the region’s culinary heritage.","The Meteora Pyli UNESCO Global Geopark, located in the Thessaly region of mainland Greece, is home to some of the most striking geological formations in the country, including the towering Meteora sandstone columns that reach heights of up to 300 meters. These impressive rock formations, composed of molasse sediments, were shaped over millions of years through tectonic forces, erosion and weathering. Originally deposited in the Middle Hellenic Trench, a massive sea basin extending from Thessaly to Albania, these sediments were transformed as the area underwent uplifting and faulting over 5 million years ago. This process formed the isolated rock towers and steep ravines seen today. Perched atop these &#39;columns of the sky&#39; are the iconic Byzantine monasteries, constructed between the 13th and 16th centuries. They are adorned with 16th-century frescoes, which mark a key stage in the development of post-Byzantine painting and offer an insight into the region&#39;s rich religious history and artistic heritage. Four distinct geological units define the region’s structure: the metamorphic basement of the Pelagonian zone; the sequence of oceanic sediments and ophiolites of the Subpelagonian zone; the pelagic sediments of the Pindos zone; and the post-alpine sequence of the Mesohellenic Trough. Together, these layers illustrate the complex geological history of the area. In the western part of the geopark, the Pindos mountains offer a haven for biodiversity and outdoor enthusiasts with rugged peaks, alpine meadows, lush forests and meandering rivers. Trekking through the region&#39;s unique terrain, visitors can encounter rare plant species, including the Chalcedonian lily (Lilium chalcedonicum) and the endemic chasmophyte Centaurea kalambakensis which thrive in the area&#39;s distinct microclimates.","The geopark offers a range of educational programmes in collaboration with organizations like the Pertouli Trikala Environmental Education Center, focusing on topics such as climate change, sustainable forestry and local biodiversity. These programmes engage students through interactive activities, field trips, and partnerships with universities, fostering a deeper understanding of the region’s natural and cultural heritage. The Prehistoric Cave of Theopetra, located just 4 km from Meteora, is a significant archaeological site. Continuously used for over 130,000 years by Neanderthals and Homo sapiens, the cave provides a glimpse into early human survival, showcasing stone tools, pottery, and even the oldest known man-made structure on Earth. Its location, offering access to water, food, and raw materials, highlights its importance to early inhabitants of the area. Beyond its historical sites, the geopark supports eco-tourism, with hiking trails, climbing routes, and community-led initiatives that preserve local traditions. The Chestnut Festival in Kastania, held in November, offers visitors a taste of local hospitality with free chestnuts, traditional products and traditional dancing.",,ha,240954.0,41991,0.0,False,,,https://www.meteorapyligeopark.gr/en/,"39.67, 21.5",https://www.unesco.org/en/iggp/meteora-pyli-unesco-global-geopark
8cf0ae39-74e2-5e78-8e06-196dbcfd678c,EUIT13,MurGeopark UNESCO Global Geopark,IT,2025-01-01,"&lt;ul&gt; &lt;li&gt;Explore the Bauxite Mines of Murgetta Rossa in Spinazzola, where red earth deposits rich in iron and aluminium oxides colour the karst landscape—once a key site for mineral extraction and now restored as a national geosite.&lt;/li&gt; &lt;li&gt;Follow the “From Belvedere to Belvedere” ecotourism itinerary through Alta Murgia’s most scenic geological sites, from rock churches and caves to panoramic limestone quarries and the hidden Castle of Garagnone.&lt;/li&gt; &lt;li&gt;Discover Alta Murgia’s rich biodiversity, with over 1,500 spontaneous plant species—including endemic orchids, fairy flax, and cardoncello mushrooms—thriving in its unique steppe habitat shaped by deep karst aquifers.&lt;/li&gt; &lt;/ul&gt;","Located in Italy&#39;s Murge Highlands, MurGEopark offers a remarkable glimpse into Earth&#39;s geological past. The region preserves a rare, stable portion of the Adriatic Plate—an ancient continental plate caught between the African and European plates—shaped over millions of years by tectonic processes that continue today. Known as “the almost lost continent,” this undeformed sector of the plate contains one of the most complete successions of the Apulia Carbonate Platform, a vast peri-Tethyan limestone platform dating back to the Cretaceous period. The geopark’s geological diversity is reflected in its contrasting landscapes: the elevated Alta Murgia zone and the adjacent Premurge area, where deep marine foredeep deposits of the Plio-Quaternary period are exposed due to regional uplift. These formations, usually buried and deformed in mountain belts, can be studied here in situ. The surface landscape is shaped by karst processes, marked by sinkholes, caves, and &quot;lamas&quot;—wide furrows formed by water erosion. Two exceptional paleontological sites add to the park’s uniqueness: a Neanderthal skeleton encased in cave speleothems and one of the largest known dinosaur tracksites in the world, preserving around 25,000 footprints.","The natural geological wealth of the area is intertwined with its cultural heritage. Traditional stone sheep pens, known as jazzi, dry stone walls, ancient farmhouses, and tratturi (transhumance routes) reflect the deep connection between the land and its people. As one resident shares: &quot;In this land, people have a unique way of life, shaped by a close connection between the wild and the rural.&quot; MurGEopark fosters sustainable development and local pride through initiatives aimed at enhancing the region’s geological, natural and cultural heritage. One such initiative, the &#39;Basket of the Murge,&#39; supports cooperatives for producers of high-quality, ecologically sustainable products that tell the story of the territory, blending its unique flavours and geology. Products include coratina olives, burrata, pecorino cheese and cardoncello mushrooms. The geopark has had a transformative impact on local communities. Once facing demographic decline, residents now feel renewed pride and identity, shaped by their connection to the geological story of the Adriatic Plate—an “almost lost continent.” The geopark’s candidacy and designation have sparked numerous bottom-up initiatives, including GEO-eVent, a participatory programme involving municipalities, schools, businesses and associations. Over 40 events have taken place across the geopark, including themed itineraries, workshops, cultural performances, astronomy walks and horseback geo-trails, all designed to showcase and celebrate the region’s geodiversity. In parallel, the geopark has supported circular economy and biodiversity projects through a competition for sustainable local initiatives. Two winning start-ups are now underway: Hygrolana Altamurana – nature-friendly pellets, which transforms sheep wool waste into organic soil-enriching pellets, and Parchigiani – the resistance of biodiversity – which promotes pollinator conservation through ecological education and local engagement.","""In this land, people have a unique way of life, shaped by a close connection between the wild and the rural"" — Local resident",ha,255000.0,,,False,https://bioportalstprod.blob.core.windows.net/portal-media-public/GP/EUIT13/image/main/Jazzo_PH_Domenico_Martinelli.jpg,,https://www.murgeopark.com/,"40.94, 16.42",https://www.unesco.org/en/iggp/murgeopark-unesco-global-geopark
9f4cc9f7-7d37-5323-bf94-5566a5475b98,ARSA01,North Riyadh UNESCO Global Geopark,SA,2025-01-01,"Climb Khashm Al-Hussan Mountain, the highest point in North Riyadh Geopark, and take in panoramic views from this remarkable natural landmark.Visit Al Jeraisy Castle, an ancient fort linked to the Jeraisy family.Discover a unique Tea Museum, where a private collection of teas from around the world by a local resident has been transformed into a cultural space celebrating global tea traditions.","At the foothills of Tuwaiq Mountain, in the heart of the Arabian Peninsula, North Riyadh UNESCO Global Geopark is a striking landscape of geological, ecological and cultural significance. The iconic Tabletop Mountains, with their flat-topped peaks and steep escarpments, are central to the geopark’s geomorphological heritage. These features result from long-term erosion processes shaped by contrasts in rock hardness over millions of years. Jurassic to Cretaceous marine limestone formations—dating from approximately 201 to 66 million years ago—offer a valuable record of past environments. Rich in fossils, including shelled marine animals and corals, these sediments provide insight into the evolution of marine life in passive margin environments sensitive to climate and sea level change. The exposed rock units are also directly related to the petroleum reservoirs that underpin Saudi Arabia’s economy, making the geopark a natural classroom for understanding both geological processes and petroleum systems. Another highlight is the Obaitharan Valley—or Wadi Obaitharan—a lush, protected reserve that plays a vital role in sustaining the region’s water supply and offers panoramic views of the surrounding mountains. The valley is also home to ancient coral reef systems, contributing to its importance as an educational and conservation site.","At the heart of the geopark lies the village of Thadiq, which traces its history back to tribal settlements over 370 years ago. Its flourishing oasis embodies the deep connection between the region&#39;s people and their natural environment. The geopark actively supports local communities and sustainable development. A key example is the transformation of Ghamra Village, a community-led initiative that evolved from a modest tourism camp into a thriving visitor destination following the geopark’s establishment. Increased recognition brought by the geopark has boosted visibility and demand, enabling the village to expand operations, create new jobs, and broaden its offerings. Visitors can now experience camping, hiking, stargazing, ATV rides and guided tours to key geosites such as Mamlahat al Qasab and the Sand Dunes. The site also includes a small geological museum and offers traditional activities like folklore performances and bonfires. Local initiatives in the geopark provide visitors with a unique opportunity to engage with local communities through cultural experiences and the region&#39;s renowned hospitality.&nbsp; Through the “geoproducts” initiative, the geopark also promotes sustainable agriculture, showcasing local products like dates and honey, strengthening the market visibility of local farmers.","I contributed my local knowledge of geologically and environmentally significant sites and helped guide scientific teams through the hidden stories of this land. Local communities must be at the heart of such projects, as our story is best told in our own voice.— Abdullah bin Ibrahim Al-Eisa, native resident",ha,322100.0,,,False,https://bioportalstprod.blob.core.windows.net/portal-media-public/GP/ARSA01/image/main/2._Oasis.jpg,,https://ksathadiqgeopark.ncvc.gov.sa,"25.28, 45.79",https://www.unesco.org/en/iggp/north-riyadh-unesco-global-geopark
dcf8175b-a812-56e6-95e9-c3a2ed4028b5,ASKR06,Danyang UNESCO Global Geopark,KR,2025-01-01,"See the iconic Dodamsambong Peaks, three cone-shaped limestone pillars rising from the river, shaped over time by water and weathering.Take part in outdoor activities like paragliding, hiking, and sightseeing that highlight Danyang’s dramatic geological and mountainous landscapes.Visit Suyanggae Exhibition Hall to discover archaeological artefacts from the Palaeolithic era.","Located at the heart of the Korean Peninsula, Danyang UNESCO Global Geopark lies along the Baekdu Daegan mountain range and showcases remarkable geological diversity. The landscape features folds and thrusts within 1.87-billion-year-old granite gneiss, alongside limestone, quartzite, shale, and sandstone from the Palaeozoic and Mesozoic eras. These rocks record a complex tectonic history spanning three major geological events that are superimposed in this region, making it a key site for understanding the geological evolution of East Asia. The sedimentary sequences in Danyang provide valuable information on ancient marine environments, while the middle Darriwilian carbon isotope excursion—recorded here for the first time in the Sino-Korean Craton—offers a globally recognised reference point for correlating rocks of Ordovician age. Research conducted on the region’s limestone caves has contributed to knowledge of large-scale palaeoclimate variation in East Asia and has strengthened awareness of cave conservation. Additionally, fossil evidence in the Hari area represents the first discovery of a mass extinction event from the Permian period in terrestrial sediments in East Asia. With a balanced distribution of igneous, metamorphic and sedimentary rocks, and a well-preserved sequence of geological layers—excluding only the Devonian—Danyang provides a rare window into both regional and global Earth history. The area also contains features such as karst topography, unconformities with a 1.2-billion-year gap, and fossil-bearing formations, all of which form the basis for a network of geosites that support geotourism and public understanding of Earth sciences.","Today, Danyang UNESCO Global Geopark attracts visitors with a range of recreational and educational opportunities. Hiking trails, cruise tours along the Namhan River, and panoramic views from the Mancheonha Scenic Observation Deck offer ways to engage with the region’s striking topography. The area is also home to the Republic of Korea’s largest paragliding facility, providing aerial views of the geopark’s diverse landscape. The region is known for its distinctive variety of garlic, cultivated on limestone terraces. This local product has become a popular souvenir and reflects the close relationship between agriculture, geology, and community identity in Danyang. Education is a central pillar of the geopark’s activities. An annual environmental programme encourages students to take part in conservation initiatives, including clean-ups at key geological sites. In collaboration with the Sobaeksan Observatory, the geopark is also developing integrated astronomy and geology education programmes. These aim to position Danyang as a national hub for school field trips and educational tourism, strengthening local engagement with the region’s geological heritage.",,ha,78100.0,,,False,https://bioportalstprod.blob.core.windows.net/portal-media-public/GP/ASKR06/image/main/mt.Sobaekseason_Spring.jpg,,http://www.danyanggeopark.org,"36.98, 128.43",https://www.unesco.org/en/iggp/danyang-unesco-global-geopark
62e7b955-692c-5f73-b20e-b2e0247c33d3,ASVN04,Lang Son UNESCO Global Geopark,VN,2025-01-01,"Try local specialities made with star anise, one of the region’s most extensively grown crops, supported by Lang Son’s mineral-rich soils and covering more than 34,000 hectares.Explore the Na La cave system in Van Quan district, where visitors can navigate glittering stalactites, underground streams, and narrow passages that reveal thousands of years of geological formation.Hike to the Na Duong basin, an extraordinary site preserving tropical fossils from 40–20 million years ago, offering rare insights into ancient ecosystems and mammal migration across Southeast Asia.","Set within the rugged limestone peaks of northern Viet Nam, Lang Son UNESCO Global Geopark tells a remarkable story of shifting seas, volcanic eruptions and evolving ecosystems. The geopark is a natural archive, preserving evidence of life’s evolution through the ages. Its oldest rocks reveal traces of an ancient seabed, once home to trilobites – marine creatures that resembled large woodlice – and graptolites, early sea animals that lived in colonies. As the sea receded, it left behind layers of shale, sandstone and limestone, and volcanic landscapes emerged. The geopark lies at a geologically significant crossroads, where two ancient continental fragments once collided around 245 million years ago. This tectonic collision shaped much of the region’s landscape and formed part of the broader geological structure of Southeast Asia. The area contains a nearly continuous sedimentary record stretching over 245 million years, helping researchers reconstruct past environmental changes and tectonic events. One of the geopark’s most remarkable geological sites is the Na Duong Basin – a natural depression that formed during later tectonic rifting around 56 to 34 million years ago. The fossils preserved here reveal a lush tropical ecosystem of ancient forests, swamps and lakes. Vertebrate and invertebrate fossils provide key insights into how mammals and other species moved across the region, making this site internationally significant for understanding biodiversity and evolution in Southeast Asia. The geopark’s dramatic limestone landscape, shaped by the region’s subtropical climate, features extensive karst formations and cave systems.","The geopark is home to diverse ethnic groups including the Kinh, Nung, Tay and Dao peoples, who uphold unique languages, crafts and traditions. Central to the region’s spiritual life is Đạo Mẫu, the worship of Mother Goddesses, a syncretic belief system that honours deities associated with different realms of the universe—heaven, earth, mountains, forests and water. Recognised by UNESCO as Intangible Cultural Heritage, Đạo Mẫu rituals often include hầu bóng (spirit mediumship), an empowering performance combining music, dance and storytelling that continues to shape the cultural identity of local communities. Lang Son’s rich intangible heritage is also reflected in Then singing, a spiritual musical tradition likened to a fairy rhythm, and the use of the Dan Tinh, a traditional gourd lute. These forms of expression are passed down through generations and remain part of everyday life and seasonal festivals, where traditional dress and customs are proudly displayed. The interweaving of geological and cultural heritage makes the geopark not only a site of natural importance but also a living cultural landscape.",,ha,484900.0,,,False,https://bioportalstprod.blob.core.windows.net/portal-media-public/GP/ASVN04/image/main/Dong_Lam_Magic_Valley.Photographer_Nguyen_Minh_Duc.jpg,,https://langsongeopark.com.vn,"21.86, 106.77",https://www.unesco.org/en/iggp/lang-son-unesco-global-geopark
9d14a43f-a051-53a6-8f34-938fee2db42b,LAEC03,Tungurahua Volcano UNESCO Global Geopark,EC,2025-01-01,"Learn about geothermal processes, volcanic gases, and thermo-medicinal waters at Puela Hot Springs, a geosite combining therapeutic benefits with geological education and scenic surroundings.Visit the GeoAmigo Cafeteria “Casa del Volcán,” owned by local resident, where local identity is celebrated through ancestral dishes and volcanic-themed cuisine using ingredients from nearby farmers.Explore Las Caras Tourist Complex, where petrified roots and ancestral carvings revealed after 2006 volcanic activity are now part of community-led tours, horseback rides, and volcanic mud treatments.","Located in the Ecuadorian Andes, Tungurahua Volcano UNESCO Global Geopark displays a geological history spanning over 417 million years, shaped by volcanic eruptions, tectonic uplift, and glacial activity. The landscape features deep canyons, crystal-clear rivers, icy waterfalls, and towering rock walls carved over millennia. At its heart rises the imposing Tungurahua Volcano—still active and a key site for volcanological research. Beneath its surface, magma heats underground water, creating mineral-rich thermal springs that have long been treasured for their therapeutic properties. The geopark spans five cantons across Tungurahua and Chimborazo provinces—Baños de Agua Santa, Patate, Pelileo, Guano, and Penipe—where its creation has supported sustainable development through conservation, education, local production, and community-based tourism. The region also bears witness to a dramatic seismic past. Major earthquakes in 1797 and 1949 devastated towns such as Guano, Pelileo, and Patate, leaving a legacy of resilience that continues to shape the territory. Baños de Agua Santa, located at the foot of the volcano, endured a series of eruptions between 1999 and 2016, during which the community became internationally recognised for its effective risk management and recovery efforts. Today, Baños thrives as a centre of innovation and diversified livelihoods, with a vibrant adventure tourism industry, agroecological farming, and geotourism initiatives playing key roles in the local economy.","The geopark&#39;s cultural richness is reflected in the traditions of the Salasaca and Puruhá Indigenous peoples, who preserve their identity through distinctive clothing, music, dance, and ancestral storytelling. A cultural icon of the Puruhá people and ambassador of the geopark was Baltazar Ushca, widely known as “the Last Iceman of Chimborazo.” From childhood, he upheld the ancestral tradition of harvesting ice from the mountain’s glaciers, shaping a living legend that remains part of the region’s cultural heritage and symbolising the deep connection between people, place, and nature. The intersection of geological heritage and cultural identity is also visible in innovative sustainable development initiatives. One notable example is the GeoAmigo Cafeteria “Casa del Volcán,” owned by local resident Indira Medina. The café celebrates local identity and cuisine with a volcanic theme inspired by Tungurahua, using ingredients from nearby farmers and serving ancestral dishes with a contemporary twist. Another example is the Las Caras Tourist Complex, where visitors can explore petrified tree roots and carved rock faces attributed to the ancestral Killuyakus people. Discovered by Manuel Rosero after volcanic activity in 2006, the site is now managed by local residents who offer educational tours, horseback rides, and volcanic mineral mud treatments. The Guamag Protected Forest conserves 207 hectares of forest near Sangay and Llanganates National Parks, providing educational programmes, guided tours, and eco-friendly accommodation that strengthen environmental awareness and conservation in the region.","The geopark is our window to the world. Through it, we share our history, knowledge, and the importance of preserving our environment. — Myriam Masaquiza, Salasaca community entrepreneur and leader.",ha,239700.0,,,False,https://bioportalstprod.blob.core.windows.net/portal-media-public/GP/LAEC03/image/main/Volc%C3%A1n_Chimborazo_WILLIAM_TIBAN_.jpg,,https://geoparquevolcantungurahua.com/geopark-tungurahua-volcano,"-1.33, -78.42",https://www.unesco.org/en/iggp/tungurahua-volcano-unesco-global-geopark
92c416b0-bb15-5755-8b55-f78a81b91fd8,ASCN50,Changshan UNESCO Global Geopark,CN,2026-01-01,"Changshan UNESCO Global Geopark, located at the junction of the Yangtze and Cathaysia massifs along the Jiangshan-Shaoxing tectonic belt, stands out as an exceptional natural geological museum and laboratory for paleontological studies.&#160;Showcasing over a billion years of geological history, the mountainous landscape has a subtropical monsoon climate and is rich in biodiversity, featuring evergreen broad-leaved forests and a complex terrain sloping from the north and south towards the centre.","The geopark preserves well-developed stratigraphic sequences and abundant, diverse fossils, which support global biostratigraphic studies, providing key insights into early life evolution and long-term tectonic processes.","Changshan boasts a history of over 1,800 years, and today around 300,000 people from nine ethnic groups live in the area, contributing to the stewardship of the region’s cultural and natural heritage. Cultural heritage is closely intertwined with the region’s landscape, as Changshan was an important link in the Maritime Silk Road, and during the Song Dynasty it was an important traffic artery which became renowned for its flourishing literary scene. The continuous study of Song poetry with over 4,000 recorded poems reflects the people’s deep connection to the land. The land continues to support local livelihoods, with the strata of the geopark meaning the soil contains a high content of nutrient elements beneficial for agriculture. Changshan is known in China as the hometown of citrus changshan-hayou and tea-oil camellia, and the geopark actively encourages the development of this characteristic agriculture, playing on its local advantages and bringing shared prosperity to the local community.",,ha,104310.0,300000,288.0,False,https://bioportalstprod.blob.core.windows.net/portal-media-public/GP/ASCN50/image/main/Bamianshan_Mountain_1.jpg,,,"28.5685, 118.5951",https://www.unesco.org/en/iggp/changshan-unesco-global-geopark
e41548a5-8a6e-5e62-9483-92b95a3a03ad,EUGR10,Nisyros UNESCO Global Geopark,GR,2026-01-01,"Nisyros UNESCO Global Geopark, located in the southeastern Aegean Sea at the heart of the Dodecanese island group, encompasses the volcanic island of Nisyros and its surrounding islets.This compact geopark is remarkably diverse, shaped by one of the youngest and most active volcanic systems in Greece, and features one of the best-preserved calderas in the Aegean.","The geopark presents a natural open-air geological museum, including the Stefanos hydrothermal crater, one of Europe’s largest and most accessible, alongside a series of hydrothermal craters, fields, lava domes, volcanic cones, and submarine volcanic centres. These features make Nisyros a natural laboratory for studying active volcanism, geothermal systems, and the evolution of young volcanic islands within the Hellenic Volcanic Arc.","Ecologically, the geopark hosts a diversity of habitats, with its volcanic soil supporting endemic and rare plant species, while terraced landscapes, dry-stone walls, and small-scale agriculture reflect long coexistence between people and nature. Villages such as Nikía and Mandraki preserve volcanic-stone architecture, and monasteries like Panagia Spiliani highlight spiritual heritage. In Nisyros, geology and human history are inseparable, and the geopark has encouraged the community to participate in heritage preservation through collaborations with local schools and research institutions, encouraging the next generation of environmental stewardship. Visitors are drawn to Nisyros for its cultural authenticity, with vibrant traditions of festivals, music and gastronomy very much still alive.",,ha,48100.0,987,2.0,False,https://bioportalstprod.blob.core.windows.net/portal-media-public/GP/EUGR10/image/main/15_13uL9WN._View_of_Nikia_Village_-__Elisavet_Nikoli.jpg,,https://nisyrosgeopark.gr/,"36.576, 27.1012",https://www.unesco.org/en/iggp/nisyros-unesco-global-geopark
54ed2d61-4baa-5274-a940-60fdd8636f06,EUIE03,Joyce Country and Western Lakes UNESCO Global Geopark,IE,2026-01-01,"The rocks and landscapes of Joyce Country and Western Lakes UNESCO Global Geopark tell a story that spans 700 million years, linked to the mountain-building event of the Grampian-Taconic Orogeny (a major period of mountain formation over 450 million years ago).","This has created great geodiversity in the park, displaying a wide range of igneous, sedimentary and metamorphic rocks, and a rich fossil record. It is also home to Ireland’s only fjord at Killary Harbour. Limestone terrains in the east have developed extensive karst and epikarst systems, including the Cong isthmus, where you can find one of the world’s fastest flowing spring complex and multiple cave systems.","Around 60% of the geopark lies in a Gaeltacht area where Irish is a living language for home, education, business, and social life, making Joyce Country and Western Lakes the first UNESCO Global Geopark on the island of Ireland to include a Gaeltacht area. Irish is deeply embedded in local culture and has influenced the language of science itself, with terms such as “drumlin” derived from the Irish “droimainn”, now used internationally in glaciology. Communities across the region continue to participate in music, storytelling, crafts and cuisine, helping to keep the Irish language and associated cultural practices alive, such as Gaelic football, handball and traditional basket making using locally grown willows, with the geopark promoting sustainable development by supporting local businesses to keep the area’s intangible heritage alive.",,ha,154000.0,20000,13.0,False,https://bioportalstprod.blob.core.windows.net/portal-media-public/GP/EUIE03/image/main/Rainbow__JCWL_Geopark.jpg,,https://joycecountrygeoparkproject.ie/en/,"53.563, -9.459",https://www.unesco.org/en/iggp/joyce-country-and-western-lakes-unesco-global-geopark
50ba9842-41c2-5e35-a8d4-d6276e9abf35,ASJP11,Miné-Akiyoshidai Karst Plateau UNESCO Global Geopark,JP,2026-01-01,"Miné-Akiyoshidai Karst Plateau UNESCO Global Geopark features a diverse landscape of mountains, valley plains, and the Akiyoshidai karst plateau, known for its dolines and extensive limestone caves.&#160;The plateau’s grasslands, shaped by centuries of traditional burning, support unique limestone-adapted flora and fauna.","The Akiyoshidai Karst Plateau, a key feature of the Miné-Akiyoshidai Geopark, is formed from the Akiyoshi Limestone, offering an 80-million-year record of marine ecosystems. This limestone, along with the fossil-rich Mine Group, preserves evidence of terrestrial life on land after the Permian extinction around 250 million years ago, including recently discovered plant and insect species. Nationally significant geological heritage includes skarn copper deposits formed by magma interacting with limestone around 100 million years ago, with this copper historically used in the Great Buddha of Nara, which is part of the UNESCO “Historic Monuments of Ancient Nara” World Heritage Site.","The geopark lies within a “satochi satoyama” zone, a transition area between wilderness and urban spaces, rich in biodiversity and agricultural heritage. Historically, the economy centred on agriculture, forestry, and mining. While coal mining declined about 50 years ago, limestone mining continues, alongside a copper mining festival. Today, modern manufacturing and tourism is supported by the region’s unique natural and cultural landscape. In this way, the geopark links Earth science with local culture, with sustainable tourism initiatives leading to economic development in the area, the geopark running educational programmes, and local universities conducting scientific research on the land.",,ha,47264.0,20992,44.0,False,https://bioportalstprod.blob.core.windows.net/portal-media-public/GP/ASJP11/image/main/Grass_harvesting_in_Akiyoshidai_Min%C3%A9-Akiyoshidai_Karst_Plateau_Geop_f5RuO8c.jpg,,https://en.mine-geo.com/,"34.2095, 131.2525",https://www.unesco.org/en/iggp/mine-akiyoshidai-karst-plateau-unesco-global-geopark
dda10d95-492f-5065-97fe-0362ded0d36e,ASMY03,Lenggong UNESCO Global Geopark,MY,2026-01-01,"Lenggong UNESCO Global Geopark, located in Perak, Malaysia, is nestled between the Titiwangsa and Bintang mountain ranges.&#160;Its diverse landscapes include river terraces, limestone hills, and granite peaks.&#160;The region's tropical climate fosters dense rainforests rich in biodiversity, including endangered and endemic species like the Malayan tiger and Lenggong rock gecko, while limestone forests host rare plant species.","The Lenggong Geopark also highlights outstanding geological heritage, including the Lawin Tuff, evidence of ancient volcanic activity linked to the supercontinent Gondwana, and granitic magmatism tied to major global tectonic collision. The region hosts rare granites, major faults such as Bok Bak, and suevite formed by a meteorite impact around 1.8 million years ago, as well as the thickest Toba super-eruption ash deposit outside Sumatra, left by one of Earth's most powerful volcanic eruptions about 74,000 years ago.","The population is ethnically diverse, including Orang Asli Indigenous Peoples. Agriculture, aquaculture, and tourism are key economic drivers, with the region known for freshwater fish, cultural heritage, and preserved forest ecosystems supporting unique wildlife and traditional livelihoods. The geopark includes the Lenggong Valley, a UNESCO World Heritage Site with one of the world’s longest archaeological sequences, where stone tools, burial sites, and ancient settlements reveal a deep history of human adaptation to changing environments. Community-led initiatives and partnerships with researchers and educational institutions promote geotourism, heritage conservation, and traditional knowledge, ensuring that local people benefit from increased visitation while safeguarding both archaeological and natural sites.",,ha,224800.0,61039,27.0,False,https://bioportalstprod.blob.core.windows.net/portal-media-public/GP/ASMY03/image/main/Kampung-Beng-5.jpg,,https://v2.lenggonggeopark.com/en/,"5.2267, 101.0934",https://www.unesco.org/en/iggp/lenggong-unesco-global-geopark
98ce4bdb-b8b8-5928-a638-4d2560df884a,ASMY04,Sarawak Delta UNESCO Global Geopark,MY,2026-01-01,"Located in western Sarawak, Malaysia, the Sarawak Delta UNESCO Global Geopark sits at a major geological boundary where two ancient landmasses came together more than 200 million years ago, during the breakup of the supercontinent Gondwana.","This collision shaped the foundations of Borneo and has led to the Kuching Zone suture, which is a key piece of evidence for how Southeast Asia's landmasses have shifted over time. Today, the geopark is defined by a warm tropical climate and exceptional biodiversity, supported by an extensive river delta system and a landscape that transitions from low-lying plains to higher ground inland. The area preserves a long record of Earth’s history, spanning over 250 million years, during which shifting plates and tectonic forces gradually reshaped Borneo.","Home to over 600,000 people, this geopark includes Kuching – the UNESCO City of Gastronomy, where traditional street food and kopitam culture blend with fine dining and festivals. Kuching and neighbouring towns showcase the region’s ethnic diversity and harmony, and locals partake in cultural dances, such as the Eagle dance of the Bidayuh Indigenous Peoples. Traditional agricultural, aquaculture and craft-making practices, along with more modern ecotourism practices, are supported by the region’s strong transport network which links the region nationally and internationally, meaning visitors can experience the Sarawak Delta’s rich geological history and sustainable land usage, showcasing the dynamic environment and traditions of the delta.",,ha,311200.0,609205,196.0,False,https://bioportalstprod.blob.core.windows.net/portal-media-public/GP/ASMY04/image/main/View_Kampung_Sapit__Sarawak_delta.jpg,,,"1.4622, 110.2675",https://www.unesco.org/en/iggp/sarawak-delta-unesco-global-geopark
d807db38-8b72-5642-bd59-75d47bb7f393,AFTN01,Dahar UNESCO Global Geopark,TN,2026-01-01,"Dahar UNESCO Global Geopark in Southern Tunisia becomes the third in Africa, and offers a remarkable geological record spanning the last 250 million years, highlighting the earth’s evolution.","Situated on the northeastern edge of the Saharan Platform, Dahar features well-preserved, flat rock layers from the Mesozoic Era (about 250–66 million years ago) and diverse petrographic, mineralogical, and morphological features shaped by erosion and alteration, and marks the site where the Great Rift opened around 200 million years ago, initiating the formation of the Tethys Ocean and the breakup of the supercontient Pangaea into Gondwana and Laurasia. A key highlight is Jebel Tebaga, which hosts Africa's only known marine Upper Permian outcrop, featuring marine fossils formed over 250 million years ago.","In the geopark area, agriculture and livestock shaped by arid environmental conditions form the main economic activities. Human adaptation to this challenging environment is evident in traditional water systems, oil mills, ksour (fortified granaries), and troglodytic dwellings, which link geology closely with cultural heritage and ingenious responses to scarce water and extreme temperatures. As tourism grows, supported by an improving road network and proximity to an international airport, the geopark works to provide visitors an authentic experience, exposing them to traditional crafts, food and practices.",,ha,600000.0,330000,55.0,False,https://bioportalstprod.blob.core.windows.net/portal-media-public/GP/AFTN01/image/main/Bir_Miter_.JPG,,,"33.1428, 10.3239",https://www.unesco.org/en/iggp/dahar-unesco-global-geopark
6001d590-a48b-5650-970a-d41b1827dedf,ASID10,Raja Ampat UNESCO Global Geopark,ID,2023-01-01,"Visit the prehistoric rock art of Sunmalelen in Misool, created thousands of years ago by early inhabitants.Hike the geotrail to The King's Crown, a stunning landscape where the emerald waters and karst archipelago of Wayag Islands reveal stories dating back millions of years.Embark on an underwater adventure by diving into Raja Ampat’s stunning marine world, home to 75% of the world’s reef fish and breathtaking coral reefs, earning its reputation as 'the last paradise.’","&quot;The Emerald Karst in the Equator,&quot; Raja Ampat UNESCO Global Geopark, consists of four main islands: Waigeo, Batanta, Salawati and Misool. The geopark area is home to the country’s oldest rock formation, dating back 443.8–358.9 million years to the Silurian-Devonian era, nearly one-tenth the age of the Earth. This ancient rock unit, along with overlying Mesozoic rocks that include ocean floor ultramafics, forms the foundation of the region’s karstic limestones. Notably, karst topography flourishes in both older (Eocene) and younger (Miocene-Pliocene) limestone units. The archipelagic karst formation in the geopark is believed to have been influenced by rising sea levels during the Quaternary Period, followed by ongoing karstification. This process has resulted in numerous caves, some located below sea level, making them popular diving destinations. Prehistoric cave paintings, created by inhabitants thousands of years ago, have been discovered on steep limestone cliffs and eroded coastal cavities, highlighting the deep connection between geological and cultural heritage in the Raja Ampat UNESCO Global Geopark.","Raja Ampat is rich in intangible cultural heritage in the form of dances and traditional ceremonies that illustrate the connection of local people with the natural surroundings. The Sasi Ceremony, recognised as a national cultural heritage is a remarkable example of cultural preservation in Raja Ampat. Rooted in ancestral wisdom, this traditional practice aims to sustain the populations of marine animals and plants on land, ensuring ecological balance and abundance for future generations. Sasi is carried out in distinct seasonal phases. During the Sasi Closing Ceremony, the community is prohibited from harvesting seafood or certain plants, allowing nature to regenerate. This period is followed by the Sasi Opening Ceremony, where the community comes together to celebrate and harvest responsibly. These ceremonies are not only a way to manage resources sustainably but also serve as an expression of gratitude to nature for its generous provisions. The Raja Ampat UNESCO Global Geopark was established through a collaborative effort, involving the regional government, local communities and stakeholders. The geopark&#39;s focus lies in safeguarding various Earth heritages, both geological and non-geological. Education plays a crucial role in nurturing a sense of responsibility towards the planet and its diverse treasures.",,ha,3666000.0,64141,57.0,False,https://bioportalstprod.blob.core.windows.net/portal-media-public/GP/ASID10/image/main/ASID10_main.jpg,https://www.youtube.com/rajaampatgeopark,https://www.rajaampatgeopark.com,"-0.718, 130.311",https://www.unesco.org/en/iggp/raja-ampat-unesco-global-geopark
6b3e319a-d29b-53c1-96b5-9d9fa79719e3,ASCN02,Alxa Desert UNESCO Global Geopark,CN,2015-01-01,"Discover the Mandela Rock Paintings on Mandela Mountain, with 4,234 identified artworks dating to the Xixia, Yuan, Ming, and Qing dynasties, spread across 16 km² and depicting local wildlife.Learn about the Alxa carpet weaving technique, developed over 280 years ago during the Qing Dynasty and recognised on China’s national intangible cultural heritage list.","Encompassing a vast timeline of Earth’s geological history, the geopark’s rich tapestry of landscapes ranges from granite mountains to sand deserts and wetlands. Towering at a remarkable height of 1,611 m, the Bilutu mega-dune in the Badain Jaran Desert has earned the title of Desert Everest. Surrounding this colossal dune, countless other dunes have intrigued researchers for years. Although their formation remains a subject of debate, they share an intimate relationship with the lakes nestled among them. The water stored within the dunes continuously replenishes the lakes, resulting in a fascinating correlation between the size of the dunes and the expansiveness of the lakes. Stretching between the Ningxia Hui Autonomous Region and the Inner Mongolia Autonomous Region, the Helan Mountains are a result of a series of north-northeast trending folds and faults shaped by tectonic forces. The highest peak reaches an impressive elevation of 3,556 m, making it the highest point in the Inner Mongolia Autonomous Region. Notably, the Helan Mountains act as both a geographical and climatic boundary, separating the river basins of China and serving as a barrier against the Gobi Desert, yellow sand, and frigid Siberian currents. The mountains bestow upon the surrounding Yinchuan Plain its remarkable fertility. The standout geological feature of the geopark is the stationary mega dunes of the Badain Jaran Desert, reaching staggering heights of nearly 500 m. These dunes have earned the desert the moniker Singing Sand Kingdom due to the melodic rumble emitted when the wind sweeps across their slopes. Though the exact mechanism behind this phenomenon remains a mystery, it is believed the electrifying song emerges as the wind unveils layers of sand, generating an enchanting low-pitched resonance.","The Alxa area is home to a rich cultural heritage shaped by diverse Indigenous populations and centuries of nomadic tradition. Numerous cultures have flourished here, including the Di, Hun, Serbi, Rourao, Dangxiang, Huihe, Turks, and Mongolians. Today, Mongolian and Buddhist customs continue to shape daily life. The geopark features 15 nationally recognised cultural heritage sites, including the South, North, Yanfu, and Badan Jaran Temples, as well as the ancient ruins of Black, Red, and Lvcheng cities. The Mandela Mountain Cliff Paintings, carved over 6,000 years ago, display remarkably smooth surfaces and vivid depictions of local life and wildlife. Intangible heritage plays a central role in the region’s identity. Nomadic communities have long passed down folk songs, heroic poetry, dance, music, wrestling, and horse and camel racing. These traditions are actively promoted through geopark-supported festivals and geotourism activities. Carpet weaving and camel-based crafts also reflect the area’s enduring relationship with the desert environment. The geopark collaborates with local schools and research institutions to support geo-education. Summer camps and science festivals introduce young people to desert landscapes, water resources, and fossil discoveries, helping to connect geological heritage with local knowledge and community engagement.",“An ocean of singing sand”,ha,27000000.0,250000,396.0,False,https://bioportalstprod.blob.core.windows.net/portal-media-public/GP/ASCN02/image/main/ASCN02_main.jpg,,http://www.alxageopark.org/index_e.asp,"40.278, 102.289",https://www.unesco.org/en/iggp/alxa-desert-unesco-global-geopark
638b6e95-68af-5f12-b13f-bf5c3f633dd2,EUDK02,Vestjylland UNESCO Global Geopark,DK,2021-01-01,"Explore the “Kalksporet” (Lime Trail) in Hjerm, featuring an open-air amphitheatre, interpretive panels, and audio installations on local geology.Visit Holstebro Museum to see a 1,000-year-old Byzantine jewellery piece linked to local oral traditions and scientific folklore.Discover the traditional craft of clinker-built Viking boats at the harbour in Struer, recognised as UNESCO Intangible Cultural Heritage.","In Vestjylland UNESCO Global, landscapes bear witness to a dramatic geological past shaped by repeated glaciations during the Quaternary period. The core of the geopark consists of impressive ice age landforms sculpted when enormous ice sheets covered northern Europe. During the last glacial advance, between 23,000 and 21,000 years ago, the Scandinavian Ice Sheet reached its maximum extent, spreading from the mountains of Norway down to Denmark and leaving behind the varied terrain seen today. This glacial heritage was mapped over a century ago by Danish geologist N.V. Ussing, who identified the Main Stationary Line – a marked boundary between the hilly glacial landscapes and the flat meltwater plains. These features, along with other landforms shaped by postglacial rivers, coastal processes, and the strong westerly winds of Denmark’s west coast, form a diverse and scientifically valuable landscape. The geopark contains 48 inventoried geosites, including Bovbjerg Cliff, a site of international geological importance. Other key sites are situated within eight nationally recognised areas of geological interest and five designated National Coastal Landscapes. Some of the cliffs in the geopark reveal geological deposits from both the Tertiary and Quaternary periods, further adding to the richness of the area’s Earth history. The geopark provides a comprehensive record of glacial and postglacial development, offering valuable insights into the forces that have shaped western Jutland over hundreds of thousands of years.","Vestjylland UNESCO Global Geopark supports its communities through a strong focus on education, cultural identity, and the integration of local knowledge. A wide range of interpretive trails has been developed to highlight the connections between geology, culture, and the everyday life of the region. These include the coastal trail from Trans Church to Bovbjerg Lighthouse, the “Kalksporet” (Lime Trail) with its amphitheatre-shaped viewing platform in Hjerm, and a countryside trail linking four villages, where visitors encounter geological and cultural heritage. The geopark provides educational materials and in situ interpretation across its territory, including exhibitions, guided tours, and multimedia content. The Geopark Family – a set of seven mascot characters – serves as narrators for educational films that present life in the region across time, from prehistory to the future. These resources are available in accessible language and formats designed to engage children, schools, and the wider public. Cultural heritage is closely linked to the sea and farming traditions. Initiatives include work with museums and local experts to interpret archaeological finds and folklore. In Holstebro Museum, for example, a 1,000-year-old Byzantine jewellery piece is on display, accompanied by storytelling activities rooted in West Jutland traditions. The geopark collaborates with artists and researchers to preserve and share these cultural expressions. The geopark also supports traditional skills such as clinker-built boatmaking. In Struer, the “Nordvestjysk Fjordkultur” organisation builds and maintains Viking-style boats, a practice inscribed on the UNESCO list of Intangible Cultural Heritage. Joint efforts are underway to offer public trips in the boats on the Limfjord. Demonstrations of hunting with falcons are offered in partnership with Nature Park Nissum Fjord. The technique is used both as cultural education on this tradition, and as an act of local conservation, managing populations of invasive barnacle geese.",,ha,425900.0,99993,21.0,False,https://bioportalstprod.blob.core.windows.net/portal-media-public/GP/EUDK02/image/main/EUDK02_main.png,,,"56.516, 8.144",https://www.unesco.org/en/iggp/vestjylland-unesco-global-geopark
e3063cbb-2472-50e4-8af1-1f00f9e121bf,EUGR08,Lavreotiki UNESCO Global Geopark,GR,2023-01-01,"Explore the historic mining tunnels of Lavreotiki with expert volunteer guides, who provide insights into ancient mining techniques and the region’s world-renowned mineralogical diversity.Learn about the geopark’s underwater treasures, including the vital Posidonia oceanica seagrass beds, and their role in supporting marine biodiversity.Visit cultural landmarks such as Mycenaean chamber tombs, Roman baths, and Byzantine monasteries, set within the geopark’s striking geological landscapes.","The Lavreotiki UNESCO Global Geopark is a hidden treasure, situated just 60 kilometres from Greece’s capital, Athens. The Lavrion deposit, a historically significant mining area rich in mineral resources, spans approximately 150 km². It includes primary ore mineralization of sulfides and sulfosalts, as well as native metals such as silver, lead and arsenic. The deposit consists of five interrelated styles of ore deposits, a unique feature not observed in any other known mining district. Furthermore, oxidation and water movement through these deposits over the past million years have mobilised elements to form secondary minerals like smithsonite, azurite and malachite. Nearly 12% of all known mineral species on the planet can be found here, making Lavrion the most mineralogically diverse location on Earth. The Lavreotiki Peninsula, located in southeastern Attica, is part of the East Attica sub-region and is distinguished by its unique natural landscapes. The region features fertile agricultural lands, scenic coastal zones, and significant archaeological sites. Its hilly terrain, with the highest point at 258 meters (Megali Vigla), is divided into eastern and western sections by the Legraina Valley. Key valleys, such as the Valley of Potamos—formerly linked to the Athens-Lavrion railway—and the Plaka-Adami Valley, further enhance the area’s diverse geography.","Lavreotiki has been a centre of human activity since antiquity, largely driven by its rich geological resources which were central to industry and commerce. This mining legacy is reflected in Lavreotiki&#39;s numerous cultural landmarks, which span millennia. These include Mycenaean chamber tombs, Roman villas and baths, Byzantine monasteries and architectural remnants from Venetian rule. Together, these sites tell the story of a region shaped by its geology and deeply intertwined with the development of civilizations throughout history. A standout example is the Holy Monastery of St. Paul the Apostle, located near the settlement of Upper Plaka in Palaiokamariza. This Byzantine-style monastery, with its cruciform architecture and dome, is dedicated to the Apostle Paul. It preserves the traditional fresco technique, using natural pigments ground from rocks, exemplifying the region’s intangible cultural heritage and Orthodox monastic traditions and the link between geological and cultural heritage. The geopark is home to rich biodiversity, supported by agricultural lands, covering 27.7% of the Lavreotiki Municipality, and extensive forest. One key conservation effort is led by the Environmental Educational Center of Lavrion, which runs programmes to raise awareness about biodiversity and sustainable development. One initiative focuses on the Posidonia oceanica beds, valuable underwater ecosystems critical to the region’s marine biodiversity. These programmes educate young people, aged 5–15, about protecting these habitats and fostering a healthy, sustainable lifestyle.",,ha,17687.0,25102,142.0,False,,,https://www.geoparklavreotiki.gr,"37.752, 24.014",https://www.unesco.org/en/iggp/lavreotiki-unesco-global-geopark
192e2a8d-61cd-51d1-aef8-303c1abe1e4f,LACL01,Kütralkura UNESCO Global Geopark,CL,2019-01-01,"Visit the Mapuche Indigenous Religious and Ceremonial Complex in Icalma, including the Eltuwe cemetery and Nguillantuwe ceremonial site.\Explore the house of Poeta Tellier, a renowned poet from the commune of Lautaro.Take one of the spectacular trails that wind through the slopes of glacial valleys, including the Lagunillas Trail, where relatively recent (4–2 million years ago) volcanic-sedimentary records can be observed.","From Vilcún, on the western border of the geopark, and following the S-31 to the east, it’s not long until an almost perfect conic mountain, its top covered in snow, will come into view. It’s the 3,200-metre-high Llaima Volcano, one of the most active in the country. Surrounding it is Conguillío National Park, a 60,832 ha protected area of outstanding beauty considered one of the last natural refuges in the world. The area’s conditions, with wide temperature variations that can reach up to 40°C in summer and nearly -20°C during the winter months, have nurtured a diverse forest. Araucarias—ancient conifers from the time when dinosaurs still roamed the Earth and now surviving only as relicts—are the most important species and are protected by the Araucaria UNESCO Biosphere Reserve. In the lower areas of the geopark, the Andean prairies provide communities with summer grazing areas known as veranadas. This diverse landscape and ecosystem is home to dozens of species, many of them endemic and protected, such as the monito del monte, a marsupial native only to South America and considered a living fossil; Darwin’s frog; the culpeo fox; and the quirky vizcacha. Although the geological record goes back to 300 million years ago, volcanoes and traces of volcanic activity dominate the landscape of the Kütralkura UNESCO Global Geopark. These giants are the result of an active tectonic margin, where an oceanic plate moves beneath the South American continent. This tectonic activity produces intense seismic and volcanic activity, exemplified by the Tolhuaca, Lonquimay, Llaima, and Sollipulli volcanoes. Aside from Llaima—the region’s largest and most active volcano—Sollipulli is particularly striking. This dormant stratovolcano, at 2,282 metres, features a 62 km² caldera that contains a massive glacier with more than 2 cubic kilometres of ice. But Kütralkura is not only made of volcanoes. The Malleco Lagoon in Tolhuaca National Park is a glacial relict with its own waterfall. Several trails wind through the slopes of its glacial valleys. One particularly special trail is the Lagunillas Trail, where relatively recent (4–2 million years ago) volcanic-sedimentary records can be observed.","The creation of the Kütralkura UNESCO Global Geopark is a collaborative effort led by Chile’s National Service of Geology and Mining (SERNAGEOMIN), in partnership with local organisations, Indigenous representatives, and municipal governments. At its heart are the Mapuche-Pehuenche communities, whose deep connection with the land—known as Ñuke Mapu (Mother Earth)—underpins conservation and sustainable development efforts. Their worldview, built on the principle of küme mongen (living well), emphasises harmony, respect, and balance with nature. This philosophy influences the geopark’s governance and planning, fostering a unique model that integrates ancestral and scientific knowledge. The inclusion of local women and youth ensures that Mapuche identity and knowledge are preserved for future generations. Agriculture and forestry are central to the livelihoods of the region’s communities. Traditional practices such as veranadas, the seasonal migration of livestock to high-altitude pastures, support sustainable livestock farming and help maintain the cultural identity of Mapuche families. These practices are complemented by the collection and use of piñón (Araucaria seeds), a highly nutritious local resource harvested since pre-Hispanic times and now used in food products sold year-round. Additionally, forest-based activities such as crafting with native wood and the production of honey and jams provide essential income while preserving natural resources. Cultural heritage is another vital aspect of the geopark’s work. Sites like Ruka Kuze, an ancestral ceremonial house preserved by a single family for over 200 years, represent the resilience of Mapuche traditions despite social and religious pressures. The preservation of these sites, along with local craft industries, agricultural practices, and storytelling traditions, ensures that the region’s heritage remains vibrant and relevant.","“The geopark has brought better living conditions and created an environment of respect and wisdom among communities, entrepreneurs, and institutions. It’s a privilege to live where we feel the heartbeat of the earth.” 
—Camila Jara Quilapan, a Mapuche community member and part of the geopark’s Technical Committee",ha,1207000.0,124981,4.5,False,https://bioportalstprod.blob.core.windows.net/portal-media-public/GP/LACL01/image/main/LACL01_main.jpg,,,"-38.778, -71.704",https://www.unesco.org/en/iggp/kutralkura-unesco-global-geopark
239b5021-2e84-5b9f-af35-b8f2edd1aaea,ASCN08,Guangwushan-Nuoshuihe UNESCO Global Geopark,CN,2018-01-01,"Learn about the region's geoheritage at the Guangwushan-Nuoshuihe Geopark Museum, located in Tieluba.Walk part of the ancient Micang Road, a section of the historic Shu Dao network, which has been recognised on China’s Tentative List for World Cultural and Natural Heritage.","The Guangwushan-Nuoshuihe Geopark is not only a geological heritage site with great aesthetic value but also an open-air museum and a region of high scientific importance for the study of karst and granite landforms and the geological evolution of eastern Asia. The unique landscapes of the geopark include karst peak clusters, cave deposits, granite mountains, valleys, ponds, and waterfalls. Here, visitors can observe a wide variety of fossils that accompany a complete record of the sedimentary evolution sequence along the northern rim of the Yangtze Plate. Among the many important palaeontological finds, one of the most significant is Shuotherium dongi, discovered in 1982 at Ganchang Town, which is considered one of the oldest mammal fossils in the world. Among the geopark’s highlights, the Jiaguoshan Peak Cluster stands out, and embarking on the Jiaguoshan Mountain Investigation Route is the ideal way to observe it. Located in Nuoshuihe Valley, this route offers views of the sedimentary evolution profile of the overlying strata of the Yangtze Block and several karst caves. Along the way, visitors can also explore Cambrian, Ordovician, and Permian karst caves, as well as large-scale travertine landscapes, such as Rock Falls. Beech trees grow on both sides of the road, and their leaves turn a vibrant red in autumn, adding an extra layer of beauty to the landscape.","The geopark is home to a rich and layered cultural heritage. Sites such as the Micang Ancient Path, the Bazhong Grottoes, and remnants of ancient cities from the Qin, Han, Tang, and Song dynasties reflect centuries of regional development. These are closely linked to broader traditions, including Sichuan-Chongqing culture and the legacy of the Red Army. The region is recognised as a “long river of tea and horse culture” and is considered a tangible repository of historical heritage, contributing to research on Chinese history and culture. Indigenous Ba communities continue to live within the geopark area, maintaining a strong connection to local traditions. Their folk songs and dances are still performed today, reflecting enduring cultural knowledge passed down through generations. Important heritage sites include the Red Army Stone Carving Slogans at Xiong Ancestral Temple, former battlefields, historic bridges, and other sites preserved across Bazhong City. Local institutions promote this heritage through exhibitions, educational signage, and cultural forums. The geopark also safeguards diverse forms of intangible cultural heritage. Among the most prominent are the Mountain Climbing Hymn and the Bashan Bei’erge folk songs, both nationally recognised. Traditional skills such as brewing, paper-cutting, shadow puppetry, and food processing—including bean marinating and fish preparation—are supported through performance events and the development of cultural products, contributing to local creative economies.",“Discover traces of Earth and human history along the winding Ancient Micang Road”,ha,181800.0,105177,66.0,False,https://bioportalstprod.blob.core.windows.net/portal-media-public/GP/ASCN08/image/main/ASCN08_main.jpg,,http://www.gws-nsh.gov.cn/html/en/,"32.525, 107.006",https://www.unesco.org/en/iggp/guangwushan-nuoshuihe-unesco-global-geopark
4680acc0-dda2-5c20-86ac-45c7bd3b4066,ASCN09,Hexigten UNESCO Global Geopark,CN,2015-01-01,"Explore the hallowed grounds of the Wulanbutong Ancient Battlefield, where the renowned 1690 battle unfolded, leaving an indelible mark on Hexigten Geopark's history.Step back in time at the Yingchanglu Ruin Site, once a splendid summer resort of the Yuan dynasty. This national cultural relic offers a captivating glimpse into the opulent lifestyle of ancient nobility.Discover the Hexigten granite stone forest, a rare geological formation with well-preserved granite mortars and egg-shaped landforms, known as a “museum of granite landforms.”","Nestled in the enchanting landscapes of inner Mongolia, Hexigten Geopark stands as a testament to the harmonious interplay between geological marvels and vibrant cultural heritage. The region is famous for its spruce forest, a sacred place that locals believe confers safety and peace—one of the reasons why the forest is so well preserved. The heart of the geopark is adorned by the vast expanse of the Mongolian grassland, a picturesque tapestry of rolling plains and boundless beauty known as the “backyard garden of Beijing.” Beyond its lush vegetation, the geopark is home to renowned geological heritage. Situated at the crossroads of China, Korea, and Siberia, Hexigten is intersected by the Xilimiao–Daqing Ranch Great Fault and the Wendu&#39;ermiao–Xar Moron River Deep Fault. These fault lines divide the region into three distinct areas, each bearing the imprints of well-defined tectonic events. Hexigten Geopark thus serves as an ideal destination for studying structural movements in northern China and unravelling the mysteries of our planet&#39;s geological evolution. The geopark is geographically divided into eastern and western regions, structured along the Beidashan–Mount Huanggangliang–Mount Obo–Mount Erlongshan axis. The eastern region presents a rugged mountainous terrain, while the western part is predominantly characterised by expansive plateaus. To the northeast lies the Greater Khingan Mountain, an imposing range that commands attention, while in the southern reaches, the Yanshan Mountains unfold. Finally, the southwestern region beckons adventurers to traverse the Otindag Sandy Land, one of the largest sandy areas in China, where endless dunes create a surreal landscape. The Hexigten granite stone forest represents a rare and unique geological formation. The shapes and origins of these horizontally jointed granite stone forests are seldom seen elsewhere. Mount Qingshan is home to numerous granite mortars with well-preserved evolutionary stages, and typical egg-shaped granite landforms are also highly developed. These features rival the granite peak forests of Mount Huangshan, earning Hexigten the title of a “museum of granite landforms.”","Hexigten UNESCO Global Geopark is located in the Inner Mongolia Autonomous Region of China, in an area named after a historic unit of the Mongolian army. While the majority of the population is of Han heritage, Mongols make up a significant portion of the community, alongside 14 other ethnic groups, including the Hui, Manchu, Korean, and Daur peoples. The area preserves numerous cultural relics from the Liao and Jin Dynasties, and the Mongolian community maintains distinct traditions and customs. Four cultural systems emerged from the Xilamulun River valley: the Red Mountain Culture, the Grassland Bronze Culture, the Ancient Qidan–Liao–Jin Culture, and the Mongolian Yuan Dynasty Culture. Sections of the ancient Jin Great Wall traverse the grassland, linking geological landscapes with a long human history. Today, Hexigten UNESCO Global Geopark serves as a centre for scientific education and research, hosting institutions such as the Research Centre for Quaternary Glaciers of China, the Research Centre for Granite Landforms of China, and the Teaching and Research Base of China University of Geosciences.",“The junction of mountains and desert creates a unique landscape home to a unique culture”,ha,2067300.0,248800,142.0,False,https://bioportalstprod.blob.core.windows.net/portal-media-public/GP/ASCN09/image/main/ASCN09_main.jpg,,http://www.hexigtenglobalgeopark.com/,"43.271, 117.321",https://www.unesco.org/en/iggp/hexigten-unesco-global-geopark
7bf0f349-7fc5-5303-a296-84a5d2ed6b89,ASCN17,Longhushan UNESCO Global Geopark,CN,2015-01-01,"The Tortoise Back Stone reveals a pattern resembling a tortoise shell, formed by weathering of fine-grained red sandstone.The Danxia Perforate Natural Bridge, also called Elephant Trunk Hill, was shaped by erosion into a stone arch resembling an elephant’s trunk.The region is the birthplace of Taoism, with key sites including Tianshi Mansion, Shangqing Palace, and Zhengyi Temple.","Longhushan UNESCO Global Geopark in Jiangxi Province spans nearly 1,000 square kilometres and showcases striking mountainous terrain, scenic valleys, and dramatic waterfalls. The park’s centrepiece is Longhushan Mountain, rising to 1,474 metres. It features a late-mature stage Danxia landform, with granite peaks, deep gorges, and meandering rivers that provide valuable insights into regional geological evolution—particularly erosional processes. One notable geological feature is Fairy Maiden Rock, a vertical cave formed through long-term water erosion along vertical joints. It has a distinctive funnel-like shape, narrowing at the top and widening gradually toward the base. The lower section resembles feminine contours, which has inspired the feature’s name. The geopark encompasses the integrated Longhushan, Xiangshan, and Guifeng parks, combining geological, geomorphological, ecological, and cultural landscapes. Geological vestiges in the geopark record key information about Earth’s history since the Cretaceous period (around 145 million years ago). They reveal significant events, such as the deposition of red beds, followed by tectonic uplift and erosion that produced some of the region’s most intricately sculpted landforms.","Longhushan UNESCO Global Geopark is a living centre of Taoist tradition, deeply embedded in the local landscape and cultural identity. The geopark is home to nationally protected cultural sites such as the Tianshi (Heavenly Master) Mansion, Shangqing Palace and Zhengyi Temple. Longhushan is considered the cradle of Taoism in China and remains the only site authorised to award official Taoist certificates. These are issued through events attracting thousands of Taoists from both within China and internationally. Taoist culture is made accessible to the public through exhibitions, performances, and digital outreach. Taoist musical traditions are actively preserved and promoted, including performances at international festivals. A Taoist musical drama from Longhushan has been staged in Egypt, and special products—such as musical instruments and books—are produced and sold to support the cultural economy. In addition to Taoist heritage, the geopark also protects ancient cliff tombs dating back over 2,600 years. These funerary sites of the Ancient Yue Nationality are presented with daily interpretive performances that align with the geological features of the surrounding Danxia landforms. Longhushan UNESCO Global Geopark cooperates with universities and archaeology institutes to ensure proper conservation and public understanding of these sites. The geopark also supports the transmission of local intangible cultural heritage. This includes the Yiyang Opera Tune, a nationally recognised form of traditional drama known as the “living fossil” of Chinese opera. It has been brought into communities, schools, and geotrails through partnerships with the Yiyang Opera Tune Art Protection Centre. Additionally, Taoist music of the Zhengyi tradition has been recognised as a representative national intangible heritage and remains a central element of both ritual and cultural life in the geopark.","“The Geopark is multicultural, which involves Taoism, Buddhism and Confucianism. It is where Cliff Grave culture and Taoism originated”",ha,99663.0,86000,86.0,False,https://bioportalstprod.blob.core.windows.net/portal-media-public/GP/ASCN17/image/main/ASCN17_main.jpg,,http://www.longhushan.com.cn/,"28.188, 117.192",https://www.unesco.org/en/iggp/longhushan-unesco-global-geopark
5aab8f7f-ccf9-5743-83fe-8281a7be09d6,ASJP07,San'in Kaigan UNESCO Global Geopark,JP,2015-01-01,"At Aoya Folk Museum, the charm of singing sand, the craftsmanship behind Inshu Japanese paper, and the legacy of Ama women divers are celebrated in special exhibitions that connect visitors to the area’s rich history and culture.At Genbudo Park, visitors can explore the origins of the Genbudo Cave, famed for its striking basalt formations, while interactive exhibits reveal the geological history that shaped this natural wonder.","The San’in Kaigan UNESCO Global Geopark on Japan&#39;s northern coast reveals a landscape of striking contrasts. From coves with white sandy beaches and calm crystal waters, like Takeno Beach in Toyooka or the Uradome Coast in Iwami, to the golden sands of the Tottori Sand Dunes—unique in Japan—the region offers an unexpected diversity. The dunes, stretching 16 km long, 2.4 km wide, and up to 50 m high, are formed by sand carried by the Sendai River and shaped by sea currents and winds, creating a spectacle that defies traditional images of Japan. Granite outcrops date back 70 million years to when Japan was part of the Asian continent, while sedimentary and volcanic rocks trace its rift from Asia 25 to 15 million years ago—a process that continues today. The geopark’s hundreds of bays, cliffs, caves, and rock formations narrate this ancient history through their natural beauty. The northwesterly monsoon, combined with the Tsushima Warm Current, brings heavy precipitation and snow to the mountainous areas, carving dramatic coastal landforms. This interaction of climate and geography has also created unique ecosystems like the wetlands of the Toyooka Basin. Formed by basalt from the Genbudo Cave and the poor drainage of the Maruyama River, these wetlands have become a sanctuary for the Oriental White Stork. Once extinct in the wild, the species now thrives, with over 300 individuals residing in Toyooka City, thanks to dedicated conservation efforts. The geopark not only celebrates natural heritage but also highlights how human intervention can harmonise with nature to protect and preserve it.","The San’in Kaigan UNESCO Global Geopark demonstrates a remarkable synergy between natural conservation, cultural preservation, and community engagement. Its history is deeply intertwined with the geological features of the region, which have shaped the lives, livelihoods, and traditions of its people for centuries. Ports and towns along the coast, once thriving maritime hubs, used the topography for trade, transportation, and even burial practices, as seen in the Ohnaru Burial Mounds dating back to the 5th to 7th centuries. The geopark is also a treasure trove of intangible heritage, with 11 nationally designated cultural properties, including the Kirin Shishimai Dance—a Japan Heritage-recognised folk tradition linking the region’s natural environment, landscape, and local culture. Today, the geopark continues to inspire innovative uses of its landscapes. Mountain terraces prevent landslides while serving as rice paddies, recognised as both cultural and ecological heritage. Formerly barren dunes now sustain specialty crops like Chinese shallots, and lava-carved land doubles as scenic trekking routes. These practices exemplify the harmonious relationship between the community and its environment, balancing sustainability and cultural pride. Geotourism plays a vital economic role, with approximately 65 groups offering activities such as sandboarding, snorkelling, and sea taxi tours that highlight the area’s unique geography. These ventures not only attract visitors but also involve local fishermen, small business owners, and guides, fostering sustainable economic growth and preserving the geopark’s heritage. Through its collaborative efforts, the San’in Kaigan Geopark serves as a model for community-driven conservation. Initiatives like the reintroduction of Oriental White Storks in Toyooka City exemplify the impact of local governments, citizens, and organisations working together. Regular roundtable meetings bring residents and practitioners together to exchange ideas, address challenges, and envision the geopark’s future.","“Beautiful natural environments, people live in geodiversity from the formation of the Sea of Japan”",ha,245844.0,350961,163.0,False,https://bioportalstprod.blob.core.windows.net/portal-media-public/GP/ASJP07/image/main/ASJP07_main.jpg,https://www.youtube.com/watch?v=u5VwwEpzGOk,http://sanin-geo.jp/english/index_english.html,"35.546, 134.598",https://www.unesco.org/en/iggp/sanin-kaigan-unesco-global-geopark
567bd481-048e-550f-b151-1311f1f27332,ASVN01,Dak Nong UNESCO Global Geopark,VN,2020-01-01,"Although the wet season from May to October brings daily showers and high temperatures, it is also when the geopark's waterfalls are at their most spectacular.Visit EXPLORASOUND, Viet Nam’s first museum entirely dedicated to sound, featuring musical instruments inspired by the five elements—metal, wood, water, fire, and earth—integrated with interactive technology.Walk along a preserved section of the historic Ho Chi Minh Trail, a logistical network used by the Viet Cong and the People's Army of Viet Nam during the American War, which runs through the geopark.","In southern Viet Nam, about 200 km north of Ho Chi Minh City, Dak Nong UNESCO Global Geopark covers a landscape shaped by volcanic activity and intense tropical weathering. The geopark&#39;s oldest geological formations date back to the Early–Middle Jurassic (200–163 million years ago), but it is the volcanic activity of the last 16.5 million years that defines the area&#39;s distinctive geomorphology. Fertile volcanic soils support rich agricultural traditions, including coffee, tea, and rubber plantations, while beneath the surface lie substantial deposits of bauxite—Viet Nam holds the third-largest reserves of this aluminium ore globally. Volcanism has sculpted dramatic geological features, including volcanic cave systems, craters, and waterfalls. The Nam Blang volcanic cave lava field, discovered in 2007, is Southeast Asia’s largest volcanic cave system, spanning over 10 km and including approximately 50 caves. These lava tubes were used as shelter by prehistoric communities between 6,000 and 10,000 years ago. The caves and surrounding terrain provide visible evidence of volcanic phenomena such as ash deposits, volcanic bombs, and both pahoehoe and ‘a‘ā lava flows. The geopark also features the Nam Kar volcano, a young volcanic complex comprising scoria cones, spatter cones, and lava flows. Initially mined for cement additives, operations were halted when its geological significance was recognised, and the site is now protected. Among the area’s scenic highlights is the Dray Sap waterfall—a 100-metre-wide cascade plunging 12 metres—surrounded by pristine primary forest.","Dak Nong UNESCO Global Geopark encompasses the ancestral lands of the M’Nong, Ma, and Ede peoples. &quot;Dak,&quot; meaning &quot;source of water&quot; or &quot;source of life&quot; in the M’Nong language, reflects the deep cultural connection these communities maintain with their land and waterways. Recognised in 2005 by UNESCO as part of the “Space of Gong Culture in the Central Highlands of Viet Nam”—a Masterpiece of the Oral and Intangible Heritage of Humanity—the geopark is a living repository of intangible heritage. For the seventeen Austroasiatic and Austronesian ethno-linguistic groups in the region, gongs are central to social rituals, daily life, and seasonal celebrations. These instruments are seen as a channel to the supernatural, expressing communal identity, spiritual beliefs, and cultural continuity. Through initiatives like the EXPLORASOUND museum, the geopark promotes innovative ways of engaging both visitors and communities, building awareness and appreciation of local traditions through sound and interactive cultural experiences.",,ha,476000.0,477300,87.0,False,https://bioportalstprod.blob.core.windows.net/portal-media-public/GP/ASVN01/image/main/ASVN01_main.jpg,,,"12.298, 107.778",https://www.unesco.org/en/iggp/dak-nong-unesco-global-geopark
fb1c0f1b-7a6e-5db9-87a8-a0908df95da6,ASCN19,Mount Kunlun UNESCO Global Geopark,CN,2015-01-01,"Travel on the Qinghai–Tibet Railway, the highest railway in the world and the longest to cross permafrost, which passes through the geopark.Cycle along the scenic 109 National Highway, a popular route from Nanshankou to Kunlun Mountain Pass with breathtaking views.Discover traditional Haixi Mongolian crafts and cultural practices preserved by local artisans and recognised as provincial intangible heritage.","Mount Kunlun UNESCO Global Geopark is located in the southwest part of Golmud, Qinghai Province, at the northeastern edge of the Qinghai–Tibet Plateau. The Kunlun Mountains, one of the longest mountain chains in Asia, stretch over 3,000 kilometres along the southern edge of the Tarim Basin, the Taklamakan and the Gobi Desert. This region is among the first areas of the Tibetan Plateau settled by humans. The geopark spans wide fault and glacial valleys across extremely high mountains covered by ice and snow, holding geological heritage from the Mesoproterozoic (1,600 million years ago) to the Quaternary (2.5 million years ago to present). It is particularly known for glacier landforms—such as the Jade Everest modern glacier—and earthquake relics, including a major surface rupture caused by the M8.1 Kunlun earthquake in 2001. These features offer insight into ocean–continent transitions, the uplift of the Qinghai–Tibet Plateau, and five major glaciations. Geologically, the geopark lies within the Kangxiwar–South Kunlun–Madoi–Maqin collision zone. It has undergone multiple cycles of crustal evolution marked by ocean development and land–ocean transformation. The area hosts a tectonic mix of Mesoproterozoic, Neoproterozoic, and Jurassic strata, along with evidence of intense magmatic activity. It is considered a key area for understanding the geological evolution of inland Asia and the Eurasian continent. The geopark retains rare geological relics linked to both the Palaeo-Asian and Tethyan tectonic systems. Suture zones and ophiolitic remnants preserve records of oceanic closure, crustal extension, subduction, and continental collision, making Mount Kunlun an irreplaceable site for studying large-scale tectonic processes in China and Eastern Asia.","Mount Kunlun, known as “the Ancestor of Mountains,” holds a unique place in Chinese civilisation. Regarded as the birthplace of Kunlun mythology and the origin of the Kunlun Sect of Taoism, the area continues to play a symbolic and cultural role in the national imagination. An important archaeological legacy of early human activity is preserved in the form of microliths—small stone tools—discovered at sites such as Naij Tal and Sanchakou. Other protected heritage sites include the Yematan and Wild Yak Valley cliff paintings, the Yidaogou and Sandaogou stoneware relics, and the historic Sanchahe Bridge. Intangible cultural heritage is also present in the daily lives of local communities. The geopark recognises Haixi Mongolian traditions such as the kid hair-cutting rite, folk fire-worship ceremonies, traditional weddings, and costume-making. The town of Guolemude, within the geopark, has been designated a national “Hometown of Woodcarving and Embroidery.” Local artisans continue to produce and sell traditional costumes and woodcarvings, preserving cultural practices while contributing to the local economy.","“Mount Kunlun, known as “the ancestor of mountains”, holds a special place in Chinese mythology and culture”",ha,703317.0,2300,0.3,False,,,http://www.mountkunlungeopark.com/en/index.html,"35.882, 94.026",https://www.unesco.org/en/iggp/mount-kunlun-unesco-global-geopark
7764bd1e-8209-548b-993a-b317d16b9fca,ASCN20,Ningde UNESCO Global Geopark,CN,2015-01-01,"Explore the distinctive miarolitic granite peak clusters of Taimushan, featuring stone egg landforms shaped by volcanic activity.Watch local women prepare Kanzong, a traditional She ethnic rice cake, using ancestral techniques passed down through generations.Discover the intricate art of Zherong paper cutting, crafted into unique souvenirs by local artisans.","At the heart of the Taimu and Jiufeng mountain ranges and with panoramic views of the South China Sea, the Ningde UNESCO Global Geopark is an igneous rock paradise with towering peaks of rhyolite rising above the forest. It is formed by three scenic areas – Baishuiyang in Pingnan County, Baiyun Mountain in Fuan City and Taimu Mountain in Fuding City – and is famous in the country for its waterfalls, deep pools and other coastal and island attractions. Located in northeast Fujian Province, the geopark spans mountainous and coastal landscapes shaped by complex tectonic, magmatic, and erosional processes. It lies within the Mesozoic Southeast China igneous zone, part of the Pacific volcanic rim, and features extensive Late Jurassic to Early Cretaceous dacitic–rhyolitic rocks. Among its defining features is the Taimushan miarolitic granite peak cluster. These epithermal granites, formed during crustal extension, exhibit distinctive “stone egg” landforms—some of the best-developed in southeast China. Additional granite bodies, such as the Zhuzhou outcrops, preserve a full magmatic sequence, contributing to Ningde’s value for understanding continental magmatic evolution. Ningde also holds a number of volcanic structures including Baiyunshan and Bijiaoshan dome volcanoes and the scattered volcanic fields of Yiyang. These offer insight into bimodal volcanic rock assemblages, significant for reconstructing tectonic and magmatic activity along the southeast coast. Erosion features are equally prominent. Baishuiyang Scenic Area hosts an exceptionally rare flat bedrock riverbed, while Longtingxi Canyon cuts deeply through granite terrain. The Mandarin Duck Stream Canyon showcases river incision within a well-preserved ecological environment. Streams such as Chanxi and Longting reveal groups of potholes and grooves, ideal for studying fluvial erosion. The coastal zone displays a bay with scattered beaches and a variety of sea erosion landscapes. Dayushan Island, one of the ten most beautiful islands in China and the highest island in Fujian, features central lakes and over 10,000 mu of grassland, forming a unique ecosystem within the coastal landscape.","Ningde UNESCO Global Geopark supports a broad range of cultural preservation, education and sustainable development initiatives that reflect the deep connection between its geological landscape and local traditions. The geopark is home to several nationally protected cultural relics, including the corridor bridge in East Fujian, the Fuxia building complex in Pingnan and Wu’s mansion in Fengqi. These historical sites are complemented by five nationally recognised cultural towns and villages such as Shuangxi, Xitan and Puyuan, which showcase traditional architecture and community life. Restoration and conservation projects are supported by local and national authorities, with a focus on integrating heritage protection into tourism and rural development. In She ethnic villages like Xita and Hutou, demonstration projects link geological heritage with cultural ecology and promote the protection of minority cultural identity. The region is also rich in intangible cultural heritage. It includes three elements recognised by UNESCO: the traditional wooden arch bridge construction technique, the watertight compartment blessing ship, and Zherong paper cutting. Other nationally recognised traditions include silver forging, lion dances, folk operas, marriage and haircutting customs, and the preparation of white tea and red rice wine. Local artisans continue to produce and sell traditional crafts and food products, including Fuding white tea, Fangjiashan green snow bud, Muyang honey peach, she silver jewellery and Zherong paper cuttings. These products are promoted through festivals and tourism partnerships, and partners are encouraged to use the Ningde UNESCO Global Geopark branding to support visibility. The geopark organises and hosts events such as the Ningde UNESCO Global Geopark Cultural Tourism Festival, the Peach Blossom Festival, the Fishing Tourism Culture Festival, and the “March 3” She traditional festival. These events provide platforms for promoting local products and heritage while engaging residents and visitors alike.",“The many landforms create an ornamental landscape”,ha,266034.0,727000,277.0,False,https://bioportalstprod.blob.core.windows.net/portal-media-public/GP/ASCN20/image/main/ASCN20_main.jpg,,http://www.ndwww.cn/en/,"27.149, 119.724",https://www.unesco.org/en/iggp/ningde-unesco-global-geopark
c5950f99-024d-5a47-a245-cb482135cfde,ASCN21,Qinling Zhongnanshan UNESCO Global Geopark,CN,2015-01-01,"The Shengshou Temple in Nanwutai is where ancient Chinese Emperors worshipped, monks and Taoists devoted themselves to spiritual practice, and people made pilgrimages from the Qin (221–207 BCE) to the Han (581–618 CE) Dynasties.The Lantian Ape Man Site Museum offers a wealth of material contributing to the study of paleontology, paleoclimatology, paleogeology, and Quaternary geological activities.Take a walk through alpine meadows and along clear mountain streams in Heihe, where Quaternary glacial features and cultural relics meet in a landscape shaped by ancient plate tectonics.","Qinling Zhongnanshan UNESCO Global Geopark is located in the central section of the Qinling Mountains, one of China’s most important mountain ranges. The range marks a significant natural boundary dividing the north and south of the country in terms of geology, climate, water systems, ecology, and even human culture. Situated within the Qinling composite continental orogenic belt, the geopark preserves exceptional orogenic geological heritage and Quaternary geoheritage, making it a major site for geological research. The geopark is home to the third-largest concentration of landslides in the world. These landslide relics form varied and well-preserved landforms and are of great scientific value for the study of geomorphological evolution and Quaternary geology. Also of note are the Taibai glacial relics, which provide valuable insights into Quaternary glaciations and palaeoclimatic change across East Asia. Fault activity also characterises the region’s geological significance. The northern piedmont fault, with a displacement of up to 13 kilometres, has been active since the Late Cretaceous and is considered a key site for the study of neotectonics and Quaternary geological evolution. Qinling Zhongnanshan UNESCO Global Geopark comprises six scenic areas, including the Lantian Man site, where important fossil remains of Homo erectus were discovered. The skull fossil, dated to approximately 1.15 million years ago, represents one of the earliest human ancestors found in East Asia. The Lantian Ape Man Site Museum includes a relic protection zone, a cultural relic display area, and a comprehensive service zone. It plays a vital role in scientific research on human evolution, paleoclimatology, and Quaternary-era geological processes.","Located just a few kilometres outside Xi’an, the Qinling Zhongnanshan UNESCO Global Geopark connects the region’s rich natural heritage with deep cultural and historical roots. Xi’an, once the eastern terminus of the Silk Road, was the seat of power for successive ruling dynasties including the Zhou, Qin, Han and Tang. The geopark contributes to preserving and revitalising this legacy. Religious and cultural heritage is central to the identity of the geopark. Sites such as the Shengshou Temple in Nanwutai have long served as destinations of pilgrimage and worship, with emperors, monks, Taoists and lay people alike engaging in spiritual practice from the Qin to Han Dynasties. The geopark also promotes local intangible cultural heritage, ranging from Xi’an Drums Music and Shaanxi cuisine to Huayin Laoqiang opera, puppet shows, shadow puppetry, embroidery, and folk customs. These traditions are showcased through events, exhibitions and educational initiatives. The geopark also serves as an educational hub, hosting national study trip bases and university field schools, including from Peking University and the Chinese Academy of Sciences, to promote geoscience learning through hands-on exploration.","“Abundant geological heritage sites, splendid landscapes, varieties of biological species, favourable environment and plentiful historic culture”",ha,107485.0,25633,24.0,False,https://bioportalstprod.blob.core.windows.net/portal-media-public/GP/ASCN21/image/main/ASCN21_main.jpg,,http://www.qlzns.cn,"33.911, 108.658",https://www.unesco.org/en/iggp/qinling-zhongnanshan-unesco-global-geopark
5f844321-fdc0-5b2d-b38a-d6aad483c77b,ASCN40,Jiuhuashan UNESCO Global Geopark,CN,2019-01-01,"The Jiuhuashan Global Geopark Museum tells the geological history of the park. Moreover, it is part of the Jiuhuashan Museum which has the largest comprehensive exhibition on Ksitigarbha culture and art in China.Every spring, the park is covered with rhododendrons in full blossom. In the summertime, Jiuhuashan is both beautiful and cool. And in autumn, the forests are covered with red and yellow leaves.","Jiuhuashan is part of the southeastern hills of the third step in China’s four-step terrain classification, a system used to identify regions based on topographic features. It is adjacent to the Middle–Lower Yangtze plains in the north and the mountainous area of southern Anhui in the south. Landforms within the park include middle to lower mountains, hills, and basins, with elevations ranging from 50 to 1,344 metres above sea level. With a geological history dating back to the Neoproterozoic (around 800 million years ago) and a sedimentary record spanning more than 500 million years, the region bears witness to a significant tectonic event: the collision between the Eurasian and Pacific plates during the Cretaceous period (around 140 million years ago). This collision led to the formation and upwelling of magma that gave rise to the Qingyang massif. Much of this history is visible in the geosites of Jiuhuashan UNESCO Global Geopark. Many are especially representative of the magmatic activity resulting from oceanic–continental plate collisions in East Asia. The most outstanding geoheritage features of the geopark are its dramatic granite peaks and striking geodes filled with quartz, feldspar, and purple and green fluorite crystals.","Jiuhuashan, “the mountain of the nine lotuses,” is a sacred site where, according to legend, Ksitigarbha lived for decades and attained Buddhahood in the renowned “Flesh Hall.” The area is home to numerous temples and shrines that reflect its continued religious and cultural significance, particularly among the Han community. Jiuhuashan’s Buddhist heritage is rooted in centuries of cultural exchange, notably between China and Korea, and reflects a unique integration of Chinese Confucian and Buddhist traditions. This heritage is jointly protected and maintained by local monks and residents, and is expressed in distinct Hui-style architecture and cuisine. The region is home to approximately 3,000 monks and nuns who live in over 350 temples and shrines. Among them, Qiyuansi—or Tending Garden Monastery—is the largest. Originally built during the Ming dynasty and remodelled in the Qing dynasty, it remains a centre for religious practice and Buddhist studies.",“A Model Site of Integration of Geo-landscape and Culture”,ha,13970.0,43000,125.0,False,https://bioportalstprod.blob.core.windows.net/portal-media-public/GP/ASCN40/image/main/ASCN40_main.jpg,,,"30.508, 117.817",https://www.unesco.org/en/iggp/jiuhuashan-unesco-global-geopark
92711697-c033-5d19-8ebd-7a58bbcd0917,ASCN22,Sanqingshan UNESCO Global Geopark,CN,2015-01-01,"Marvel at the iconic granite peak forest of Sanqingshan, including formations like the Oriental Goddess and Python Slithers out of Mountain.The geopark is considered to be a cradle of Gan Opera and Madeng Drama, both of which have been passed down over hundreds of years.","Sanqingshan UNESCO Global Geopark, located in Jiangxi Province, features a remarkable granite peak forest shaped over hundreds of millions of years. The region’s geological history begins around 800 million years ago, before the formation of the Rodinia supercontinent. The current landscape formed through the rapid uplift of a granite fault block, gradually shaped by erosion into a striking cluster of granite peaks. Among the most distinctive formations is the “Oriental Goddess Peak,” a granite column that closely resembles a seated figure with long flowing hair. According to local legend, this peak represents Yao Ji, the Oriental Goddess and daughter of the Queen Mother of the West. In the story, Yao Ji falls in love with a mortal woodcutter. When their union is discovered, the Queen Mother transforms the man into a python, and Yao Ji, in grief, becomes the mountain itself. A nearby formation, “Python Slithers out of Mountain,” a 128-metre-high granite column, is also linked to this tale. These legends, deeply rooted in local culture, are intertwined with the park’s geological features, offering a layered understanding of both natural history and cultural interpretation. Across the seasons, Sanqingshan’s landscape shifts with dramatic weather and light, making its geomorphology and associated stories a visible part of daily life and visitor experience.","Sanqingshan UNESCO Global Geopark is deeply rooted in Taoist tradition and Jiangnan civilisation. With over 1,600 years of history, the Sanqingshan ancient architectural complex is nationally protected and includes 238 Taoist cultural remains such as temples, palaces, stone carvings and cliff inscriptions. These are concentrated around the Sanqing Temple, forming a 2-kilometre north–south cultural axis that is a key site for cultural preservation and tourism. In terms of intangible heritage, the geopark safeguards five listed traditions, including the Yushan Zihu Lantern—an elaborate New Year custom featuring various lantern types—and the Yushan Performing Art, a form of religiously-rooted drama dating to the Tang Dynasty. The Yushan Rib Inkstone Production Technique, with a history of over 1,300 years, continues to be passed down for its historical, artistic and economic value. Promotion of this cultural heritage is an ongoing priority. The geopark invests in interpretation materials, films, educational outreach, and repair work—such as the restoration of Huaiyu Academy. It also organises events such as the Yukeng Village folk customs event, Yinjiang She Ethnic Cultural Event, and the Huaiyu Lantern Show.",“Outstanding scenery of granite peaks and pillars surrounded by clouds and rainbows”,ha,43300.0,65000,150.0,False,,,http://www.sqsdzgy.com/eng/gygk.asp,"28.91, 118.069",https://www.unesco.org/en/iggp/sanqingshan-unesco-global-geopark
a5d7e86d-3a01-548f-bb44-c7da54e80413,ASCN23,Shennongjia UNESCO Global Geopark,CN,2015-01-01,"Shennongjia is the best place in China to see golden snub-nosed monkeys.The Baishou Dance is a collective dance that incorporates singing, music and opera elements, part of the Tujia ethnic heritage.","Located in Hubei Province, the Shennongjia UNESCO Global Geopark covers over 1,000 km² in the southwestern part of the Shennongjia Forestry District. It preserves one of the most comprehensive geological records in China, spanning more than 1.6 billion years. The region documents key phases of Earth’s evolution, including continuous strata from the Proterozoic (1,600–1,000 million years ago), evidence of the Rodinia supercontinent&#39;s breakup, and sedimentary sequences of glacial origin linked to global climate change events. Particularly significant are the carbonate formations containing fossilised stromatolites—early cyanobacteria responsible for oxygenating the Earth’s atmosphere around 540 million years ago. The region’s tectonic history is equally remarkable. Shennongjia’s current mountainous landscape was formed by the folding and fracturing of rock layers as tectonic forces uplifted the area from an ancient seabed. The result is a complex terrain of alpine ridges and subalpine valleys, with thirty-two peaks above 2,500 metres and six over 3,000 metres, including the Shennongding range—the highest point in central China. In addition to its geological significance, the geopark lies within one of China&#39;s key zones for biodiversity conservation. It includes part of the Shennongjia World Biosphere Reserve, a World Heritage site, and a Ramsar Site. Each of the five subareas—Daijihu, Shennongding, Tianyan, Guanmenshan, and Laojunshan—hosts distinct ecological landscapes, from sphagnum marsh wetlands to alpine meadows and high-altitude forests. Shennongjia is the best place in China to observe golden snub-nosed monkeys and giant salamanders, alongside other endangered species such as leopards, forest musk deer and golden eagles.","The Shennongjia UNESCO Global Geopark is deeply linked to the legacy of Shennong, the &quot;Divine Farmer&quot; or Yan Emperor, who is credited in Chinese mythology with introducing agriculture and medicine. For many, visiting this landscape is akin to making a pilgrimage to the roots of Chinese civilisation. The region is home to the Tujia ethnic group, who trace their cultural heritage back over two millennia. The Tujia are known for their rich traditions in song, storytelling, and performance. Among their most celebrated expressions is the Baishou Dance—a large-scale ritual involving up to 1,000 performers. Dancers wearing traditional xilankapu brocade garments use more than 70 symbolic gestures to represent aspects of life such as farming, hunting, and courtship. The Tujia also maintain art forms such as Xiagu Shadow Puppetry, which uses handmade figures and translucent screens to recount folktales, and continue to preserve the epic poem Legend of Darkness, one of China’s important National Intangible Cultural Heritages. The poem, passed down since the Tang Dynasty (618–907), recounts creation myths and the formation of the five elements—Metal, Wood, Water, Fire and Earth.",“Roof of Central China”,ha,102272.0,25000,74.0,False,https://bioportalstprod.blob.core.windows.net/portal-media-public/GP/ASCN23/image/main/ASCN23_main.jpg,,http://www.snjdzgy.com/eindex.aspx,"31.524, 110.292",https://www.unesco.org/en/iggp/shennongjia-unesco-global-geopark
71d9a7ce-96a8-5d94-be1c-5e5e1910558d,EUPL02,Holy Cross Mountains UNESCO Global Geopark,PL,2021-01-01,"Kadzielnia geosite is a former quarry and geological reserve situated in the centre of Kielce, and is one of the most important geosites in Europe documenting the biodiversity loss seen in the geological record of the Devonian (419 – 358 million years ago).The region is home to an extensive network of caves, such as the Jaskinia Raj geosite, one of the most important paleontological sites documenting Late Pleistocene (2.58 – 0.011 million years ago) vertebrates.The Raj cave is abounding with stalactites, stalagmites, columns, draperies, curtains, ribs as well as basins and dumps, with pisoids (“cave pearls”).","In southern Poland, between Warsaw and Krakow, the Świętokrzyskie (Holy Cross) Mountains are among the oldest mountain ranges in Europe, formed during the Caledonian Orogeny, a major continental collision event in the Paleozoic era that ultimately contributed to the formation of the supercontinent Pangea. Over millions of years, the landscape has evolved, showcasing a variety of fascinating geological formations and structural features that define the geopark today. Visitors can explore diverse geological formations, including middle and upper Devonian limestone outcrops that reveal the ancient history of the region’s marine environment. The area is also home to tectonic features shaped by Caledonian, Variscan, and Alpine movements, offering insights into the dynamic geological processes that have shaped the landscape. Karst formations, representing terrestrial periods from the Permian-Triassic to the Cenozoic, are another key feature of the geopark. These formations include sinkholes, caves, and underground drainage systems that add to the area’s geomorphological diversity. Rocky limestone crags perched on hill ridges provide a dramatic contrast to the surrounding landscape, highlighting the intricate relationship between geological structures and topography. The Holy Cross Mountains UNESCO Global Geopark is home to a remarkable diversity of plant and animal life, with over 1,100 species of vascular plants—46% of Poland&#39;s flora—alongside rich populations of insects, amphibians, birds, and mammals, many of which are protected or endangered. The landscape features diverse forest habitats dominated by Scots pine, oak, fir, and beech, providing crucial ecosystems for species such as the endangered smooth snake and several Red List fish species.","The Holy Cross Mountains UNESCO Global Geopark has an important mining legacy, dating back to medieval times, that has shaped the local economy and identity. Copper and iron mining have provided livelihoods for generations, and remnants of historical mining and quarrying, such as those found at the Góra Miedzianka geosite, offer valuable insights into the development of these industries and their lasting influence on local communities. The name of the geopark is rooted in the historical and cultural heritage of the Świętokrzyskie (Holy Cross) Mountains. The name originates from the Benedictine abbey established on Łysa Góra, where relics of the Holy Cross were brought back by the Benedictines. This pilgrimage site, which was once a centre of pagan worship until the 11th century, became a focal point of religious significance in Poland and gave rise to the names Świętokrzyskie Mountains, Świętokrzyskie Region, and Świętokrzyskie Voivodeship. Beyond mining, local communities sustain their livelihoods through a variety of traditional and modern practices. Agriculture, forestry and small-scale industry provide economic stability, while tourism has become an increasingly important sector. The geopark attracts visitors with its natural beauty, cultural heritage and educational opportunities, supporting local businesses and creating employment. Cultural heritage initiatives within the geopark, such as the “Night at the Castle” event in Checiny and the activities at the Mining Heritage Museum in Miedzianka, offer opportunities for local communities to engage with their heritage while benefiting from tourism. The geopark also collaborates with local associations to preserve intangible cultural heritage, including traditional music, dances, and crafts such as those promoted by the Pottery Tradition Center in Chałupki.",,ha,52600.0,241283,479.0,False,https://bioportalstprod.blob.core.windows.net/portal-media-public/GP/EUPL02/image/main/EUPL02_main.png,,,"50.794, 20.509",https://www.unesco.org/en/iggp/holy-cross-mountains-unesco-global-geopark
fa7f8650-6113-537e-8279-cbfa1e18eebb,LABR03,Seridó UNESCO Global Geopark,BR,2022-01-01,"Seridó’s cultural heritage is diverse, and the geopark preserves the memory of ancient prehistoric peoples in more than 120 archaeological sites. The most outstanding are in the Carnaúba dos Dantas municipality, where 90 sites—particularly Xiquexique—show hunting and ritual scenes.Other cultural expressions of the region include cordel literature, mamulengos theatre, puppet performances like those of the guignol in France or the Italian pupazzi, and a strong religious heritage of Sephardi Judaism, Catholicism, Protestantism and Afro-Brazilian syncretism.","In north-eastern Brazil, where the state of Rio Grande do Norte borders its neighbour Paraíba, the Seridó UNESCO Global Geopark is in the Caatinga domain. Caatinga (&#39;white forest’ in the Tupi language) is an exclusively Brazilian semi-arid biome characterised by small, thorny trees that shed their leaves during the dry season. With only two seasons—of which the longest is dry and only a few months bring sparse rain—it is dominated by cacti such as the mandacaru (Cereus jamacaru), thick-stemmed plants, thorny brush, and arid-adapted grasses that make up the ground layer. Appropriately, the geopark adapted the Tupi word “ceri-toh”, meaning “little or no foliage, little shade,” as its name. A small part of the geopark lies within the UNESCO Caatinga Biosphere Reserve and is home to endemic mammals such as the mão-pelada (crab-eating raccoon), the brown brocket, the nine-banded armadillo, and the mocó or rock cavy—a large rodent that lives in the rocky areas of the geopark. Due to the presence of ancient igneous and metamorphic rocks, the landscape is marked by inselbergs and other landforms caused by the differential erosion of surrounding softer rock formations. The geopark’s geological record spans more than 2 billion years and documents major events such as the amalgamation of the Gondwana supercontinent—when several scattered landmasses joined together—multiple episodes of magmatism important for the formation of tungsten ore deposits, and later events that carved the landscape into canyons. The complex volcanic and subvolcanic history of the region gave rise to the largest scheelite mineralisation in South America, an important tungsten ore that can be visited in the Brejuí Mine. Located near the town of Currais Novos, the mine has operated since 1940 and remains the main site of scheelite exploitation in South America. Its importance to the region is such that Currais Novos, a town of only 45,000 inhabitants, was the first to have a cable TV operator in the North–Northeast of Brazil. In 2000, a theme park was created by the company, featuring a well-curated exhibition about the mining history of the region and the role of scheelite in the local economy, a memorial to the mine’s founder, and visits to the deactivated underground galleries. The park is currently the largest visitor attraction in the state of Rio Grande do Norte.","&quot;But beautiful to me is a grey sky With a thundering light intoning its refrain A harbinger that brings encouragement Of the rains coming to sertão&quot; When Maria Bethânia praises the incoming rain in the Brazilian Northeastern hinterland (sertão), she captures the lifeblood of a region where land and people are intertwined. Her words echo the hopes of millions who endure the sertão&#39;s cycles of drought, awaiting the life-giving rains. At the heart of this challenging yet deeply connected landscape lies the Seridó UNESCO Global Geopark. The Seridó UNESCO Global Geopark bridges its rich geological significance with the lives and livelihoods of local communities, fostering sustainable development through education, culture, and tourism. Home to over 120 catalogued archaeological sites, it preserves treasures like ancient rock paintings and engravings that reveal the lives of early populations in northeastern Brazil. Legally protected sites such as Xiquexique, Poço do Arroz, and Cânions dos Apertados stand as symbols of the region’s enduring cultural and scientific heritage. The geopark&#39;s cultural vibrancy is enriched by traditions like cordel literature, mamulengos theatre, and devotion to Nossa Senhora de Sant’Ana, which boasts over 210 years of festivity in Currais Novos. Through interpretive projects such as &quot;Os Cinco Sentidos do Geoparque Seridó,&quot; the community is engaged in understanding geodiversity through experiential learning that employs the five senses, creating strong ties between local heritage and environmental conservation. Education lies at the heart of the geopark&#39;s mission, with initiatives such as &quot;Vem Passarinhar,&quot; which connects children and adolescents with the region’s avian biodiversity, fostering environmental stewardship. The &quot;Itinerant Seridó Geopark&quot; project brings exhibitions, lectures, and workshops to different communities, promoting knowledge exchange and deeper engagement with the region&#39;s unique features. Tourism plays a vital role in strengthening local economies. The geopark’s strategies intertwine geological heritage with cultural and gastronomic traditions, offering visitors a holistic experience that supports local artisans and producers. Geoproducts, such as crafts and souvenirs linked to geological features, provide new income streams for residents, enriching both livelihoods and cultural identity.",,ha,280300.0,106369,40.0,False,https://bioportalstprod.blob.core.windows.net/portal-media-public/GP/LABR03/image/main/Getson_Lus_19.jpg,https://www.youtube.com/channel/UCGVy6DaSaf23u-IenVxx42Q,https://www.geoparqueserido.com.br,"-6.339, -36.509",https://www.unesco.org/en/iggp/serido-unesco-global-geopark
48b097d9-1ada-57c4-85f2-5e334ff39480,LABR04,Caçapava UNESCO Global Geopark,BR,2023-01-01,"Explore the Guaritas geosite, where sandstone formations and traditional sheep farms create a unique blend of natural and cultural heritage.Discover the Serra do Segredo Municipal Park, offering geo-trails and conservation initiatives for climbers, hikers, and students.Visit Fazenda Santa Marta, a rural experience-tourism destination showcasing natural wool dyeing and sustainable farming practices.","Caçapava UNESCO Global Geopark is located in the southernmost part of Brazil, within the administrative boundaries of the municipality of Caçapava do Sul. The unique physical and natural features of the territory make it an important site for investigation and teaching for a number of Brazilian universities and research groups. The geopark&#39;s mineral resources have played a crucial role in the economic development of the region, with sulfide metals and marble being mined for lime and cement products. The geology of the Caçapava UNESCO Global Geopark is characterised by the Ediacaran to Cambrian volcano-sedimentary deposits of the Camaquã Basin, which provide a complete and well-exposed record of the transition stage of the South American Platform between 600 and 500 million years ago. The Serra do Segredo and Minas do Camaquã geosites are particularly notable for their well-preserved records of sedimentary and volcanic activity during this period. These geosites display features such as fault-controlled basins, ancient volcanic flows, and sedimentary deposits that reveal details of the tectonic and climatic conditions during the assembly of the Gondwana supercontinent. The Guaritas geosite stands out for its highly dissected plateau of fluvio-eolian sandstone and conglomerate formations. These structures are prime examples of cavernous weathering phenomena, including tafoni, honeycombs, and arches, which are of international interest to geomorphologists. These formations not only reveal the region’s complex geological past but also contribute to its current landscape dynamics, highlighting the ongoing interaction between natural weathering processes and geological structures. Together, these features make the Caçapava UNESCO Global Geopark a critical resource for advancing the understanding of Earth’s geological history and processes. These geosites are world-class examples and promising study areas in the field of geomorphology, particularly in cavernous weathering research. The sedimentary hills and ranges of the Caçapava UNESCO Global Geopark are also of unique ecological importance, hosting a diverse range of endemic species of cacti, native flowers, and bees.","The Caçapava UNESCO Global Geopark actively integrates the needs and traditions of its local communities into its framework for sustainability. The region’s Indigenous Guarani people, quilombola communities, and family-based cattle ranchers form the backbone of the Southern Brazilian Pampa’s cultural and ecological identity. These groups, whose lifestyles are deeply tied to the land, benefit from the geopark’s efforts to balance conservation with socio-economic growth. Cattle ranching in particular—a practice sustained for over 300 years in the Guaritas area—demonstrates a model of co-existence that has preserved the integrity of the landscape and its resources. In addition to supporting these traditional ways of life, the geopark is a growing centre for outdoor recreational activities. Rock climbing, hiking, and free flight activities take full advantage of the region’s diverse terrain, while the Serra do Segredo Municipal Park provides geo-trails and eco-tourism infrastructure to visitors, creating local employment opportunities. The region’s unpolluted night skies also attract stargazers and astrophotography enthusiasts, adding another dimension to its tourism offerings. Economic activities such as olive oil production further highlight the potential for sustainable local development. The Pampa’s olive groves produce high-quality oil that has gained national recognition, emphasising the region’s ability to merge traditional agricultural practices with modern markets. By fostering such initiatives and linking them to conservation and education, the geopark provides a robust model for how local communities and natural heritage can thrive together.",,ha,304700.0,33624,11.0,False,https://bioportalstprod.blob.core.windows.net/portal-media-public/GP/LABR04/image/main/LABR04_main.jpg,https://www.youtube.com/geoparquecacapava1341,https://geoparquecacapava.com.br/,"-30.574, -53.487",https://www.unesco.org/en/iggp/cacapava-unesco-global-geopark
296450ba-a4b0-5b8d-99f6-57a4bd42a8bb,ASCN33,Yandangshan UNESCO Global Geopark,CN,2015-01-01,"Lingyan Temple, Nengren Temple, and Guanyin Cave reflect over a thousand years of history, preserving traditional architecture and spiritual heritage.The Nange Archway, Nanxijiang Ancient Village, and the Ancient Quarry of Changyu Dongtian are key cultural heritage sites within the geopark.","Located on the southern edge of the Pacific Rim, Yandangshan UNESCO Global Geopark preserves a significant geological record shaped by tectonic and volcanic processes. Between 128 and 108 million years ago, the oblique subduction of the Kula-Pacific Plate beneath the Asian continental plate triggered extensive rhyolitic volcanic eruptions. These eruptions formed the prominent peaks of the region and contributed to the geological development of Mount Yandangshan. One of the key features is Guanyin Peak, which has a distinctive form that resembles a seated figure. Its exposed cross-section reveals multiple phases of volcanic activity, including a substantial layer of rhyolite formed during the second eruptive stage. Another notable formation is Scissors Peak, located within the Dalongqiu Scenic Area. Its summit appears split in two by a vertical joint, creating a shape reminiscent of a pair of scissors. Like much of the surrounding landscape, it is composed of rhyolite formed by volcanic activity. Northwest of Scissors Peak, a viewing platform near the Jinxi Stream provides a view of the Giant Dragon (Dalongqiu) Waterfall. Geological studies identify this site as a former volcanic vent, where magma once rose to the surface. The rhyolite surrounding the waterfall originates from this vent and contributes to the broader understanding of Yandangshan’s volcanic history.","Mount Yandangshan has long held cultural significance, inspiring more than 5,000 poems since the Tang and Song dynasties and over 30 books exploring its landscapes, ecology, and heritage. The tradition of stone carving, especially at Changyudongtian, reflects local knowledge of the area&#39;s varied volcanic rocks. Craftsmen use different types of lava to produce distinctive carved stones, now displayed at over 400 locations across the geopark. Since its designation in 2005, Yandangshan UNESCO Global Geopark has prioritised heritage protection, science education, and sustainable tourism. A 23-acre Geological Museum was established to support science outreach, and interpretation systems have been developed across the park, including dedicated science galleries in each area. Educational activities have expanded into schools and community spaces, reinforcing public engagement with geological knowledge.","“More than 5,000 poems have been inspired by Mount Yandangshan”",ha,29880.0,35326,120.0,False,https://bioportalstprod.blob.core.windows.net/portal-media-public/GP/ASCN33/image/main/ASCN33_main.jpg,,http://www.yds-en.com/,"28.38, 121.07",https://www.unesco.org/en/iggp/yandangshan-unesco-global-geopark
ba36d87b-44ef-58cf-8bac-43c73382dd6d,ASCN35,Yuntaishan UNESCO Global Geopark,CN,2015-01-01,"September and October are the golden autumn season in China. The leaves of the trees turn gold, making the views absolutely breathtaking.Enjoy hiking on one of the many trails, such as the Yuntaishan geo-tourism route or the Shennongshan geo-tourism route.","Delving into the park&#39;s mesmerizing geomorphology reveals an array of gorges, peaks, valleys, and cliff terraces, collectively known as the Yuntai Landform. These captivating features have been shaped by the interplay of tectonic forces and the relentless force of natural erosion. The towering cliffs of Yuntaishan, composed of quartz sandstone and thick carbonate rocks, reach staggering heights of up to 600 metres. Within the geopark, Hongshixia Valley, Dragon Ridge Great Wall, and Whale Bay stand as prominent geosites. Hongshixia Valley&#39;s formation traces back billions of years, marked by geological movements, orogenic activity, and the relentless erosion caused by water. Over the past 2.6 million years, the valley acquired its distinctive zigzag shape as surface water carved its way along two sets of fractures in the red quartz sandstones. Stretching approximately 1.5 kilometres long and boasting depths of over 60 metres, Hongshixia Valley reveals breathtaking vistas of red cliffs juxtaposed against pristine waters, a testament to the oxidation of iron-bearing minerals. Dragon Ridge Great Wall, as its name implies, emerges as a majestic ridgeline nestled between two gorges. Composed of limestone, this natural stone wall extends 11.5 kilometres in length, reaches heights of 100–200 metres, and spans tens of metres in width, showcasing the grandeur of piled-up stones.","Yuntaishan UNESCO Global Geopark lies at the southern piedmont of the Taihang Mountains in northern Jiaozuo City, Henan Province. The name “Yuntaishan” first appears in a tablet inscription from the reign of Emperor Kangxi during the Qing Dynasty. “Yun” means “clouds”, reflecting the region’s frequent fog and mist across its mountainous terrain. The park is home to a rich collection of traditional narratives and cultural sites. Among them is the legend of Shennong, known as the &quot;Divine Farmer&quot;, who is said to have introduced early agricultural techniques, farming tools, and Chinese herbal medicine. This legend is closely linked to the park’s lush environment, where vegetation covers over 90% of the area. Yuntaishan has long been a place where Confucianism, Buddhism, and Taoism intersect. Cultural heritage sites include Jiayingguan, Miaoleli Pagoda, Tianning Temple, and Sansheng Pagoda, all of which are designated national key cultural relic protection units. The geopark also contains sites such as the Fucheng ruins, Dangyangyu kiln site, and various temples, altars, and cave sanctuaries, including the Northern Wei Dynasty cliff stone carvings and Yaowang Cave. The tunnel group of Diecaidong has been awarded a Guinness World Record and is an internationally recognised protected site. Intangible cultural heritage also plays a significant role in the region’s identity. Taijiquan and paper cutting have been inscribed on the UNESCO Intangible Cultural Heritage list. Yuntaishan Bajiquan martial arts, Huaibang rice wine brewing, and Jishantang traditional Chinese medicine practices have been recognised at the provincial level. These traditions reflect the connection between cultural expression and the natural environment.","“It is said that visitors encounter a spring every three steps, a waterfall every five steps, and a pond every ten steps”",ha,55600.0,7078,22.0,False,https://bioportalstprod.blob.core.windows.net/portal-media-public/GP/ASCN35/image/main/ASCN35_main.jpg,,http://www.yuntaishan.net/,"35.296, 113.058",https://www.unesco.org/en/iggp/yuntaishan-unesco-global-geopark
eace9388-961a-5173-bda4-1a5e06f6099b,ASID02,Ciletuh - Palabuhanratu UNESCO Global Geopark,ID,2018-01-01,"Explore Indonesia’s largest natural amphitheatre, complete with stunning waterfalls and ancient rock formations, at the Ciletuh Amphitheatre.Visit Kampung Batik Purwasedar to discover the tradition of Pakidulan Batik-making, inspired by the geopark’s rich heritage.","Sitting just south of Jakarta, the Ciletuh–Palabuhanratu UNESCO Global Geopark is a rural region shaped by its location atop a tectonic subduction zone. Java hosts more than 45 volcanoes and sits on the Sunda plate, where the Indo-Australian plate subducts beneath it. This area is part of a complex geological setting where three major tectonic plates—the Eurasian, Pacific, and Philippine Sea—converge with several microplates, resulting in both intense volcanism and high seismic activity. The area is characterised by a rare geological diversity that can be classified into three zones: the subduction zone uplifted rocks, the Jampang Plateau landscape and the ancient magmatic zone shifting and fore arc evolution. This geological diversity is vividly showcased in the Jampang Plateau, which features sandstones, volcanic ashes, and lava flows that were once on the ocean floor before being uplifted by tectonic forces. The Ciletuh Amphitheatre, Indonesia’s largest horseshoe-shaped natural amphitheatre, was formed by the collapse of the Jampang Plateau and is now home to nine stunning waterfalls, including Awang, Cimarinjung, Sodong, and Puncakmanik. Another highlight is the Cisolok Geyser, where geothermal activity creates a fascinating display of water jets and steam. Since the Pleistocene (about 2.58 million to 11,700 years ago), volcanic activity has been shifting to the north, resulting in hot springs, geysers and geothermal resources in the northern area. The geopark’s tropical forests are home to some of the most threatened creatures on Earth, such as the Javan leopard, Javan gibbon, Javan surili, Javan Slow Loris, Wreathed Hornbill, Javan Green Peafowl, Javan Hawk-eagle and the Java Sparrow.&nbsp;","The Ciletuh–Palabuhanratu UNESCO Global Geopark takes its name from the Ciletuh River and Palabuhanratu, meaning &quot;Queen Harbour.&quot; According to local legend, Palabuhanratu was the Queen of the Indian Ocean and a guardian of the southern coast, a figure deeply embedded in the region’s cultural identity.&nbsp; Communities in the coastal regions of the geopark are sustained by fisheries, benefiting from the Indian Ocean&#39;s rich marine resources. Meanwhile, the mountainous areas offer fertile grounds for cultivating vegetables, ornamental plants and other crops. A striking example of culture and economy working hand in hand is Kampung Batik Purwasedar, located in Purwasedar Village. This initiative empowers over 20 artisans to produce Pakidulan Batik, which draws inspiration from the region’s natural beauty and cultural heritage. Using eco-friendly dyes made from roots, leaves and tree bark, Pakidulan Batik features three iconic motifs that capture the essence of the geopark: Curug, meaning waterfall; Panenjoan, the upland scenery with rice fields, trees, and serene clouds; and the ancient Jampang motif, honouring the 65-million-year-old rock formations in the geopark. Beyond batik-making, the intangible cultural heritage of the Ciletuh–Palabuhanratu UNESCO Global Geopark includes traditional dances like the Jipeng dance, folk tales, and ancestral customs preserved in traditional villages like Kasepuhan Sirnaresmi, Ciptagelar and Ciptamulya.",“The first land of the western Java Island”,ha,126000.0,500000,397.0,False,https://bioportalstprod.blob.core.windows.net/portal-media-public/GP/ASID02/image/main/ASID02_main.jpg,https://www.youtube.com/watch?v=IATOLtJvseE,https://ciletuhpalabuhanratuugg.id,"-7.11, 106.525",https://www.unesco.org/en/iggp/ciletuh-palabuhanratu-unesco-global-geopark
c8bb2f37-0089-5916-b773-85391c2e6d63,ASID08,Maros Pangkep UNESCO Global Geopark,ID,2023-01-01,"Explore the stunning karst landscapes of Rammang-Rammang Eco Village, where mangrove forests, diverse wildlife, and traditions like boating on the Pute River offer an unforgettable experience.Discover the Mallawa Hot Spring at Reatowa, a geothermal marvel caused by geological faults.Visit the Simbang Celebes Mushroom Farms to learn about sustainable oyster mushroom cultivation and enjoy locally produced mushroom-based delicacies.","Maros Pangkep UNESCO Global Geopark is located in the southern part of Sulawesi Island, intersected by the Wallace Line, a biogeographical boundary that separates the species native to Asia from those native to Australia and Oceania. The geopark covers the Bantimurung Bulusaraung National Park on land and the Kapoposang Water Tourism Park and Liukang Tupabbiring Local Marine Conservation in the ocean.&nbsp; The Thrust Mélange of the Bantimala Complex consists of metamorphic rocks ranging from low to ultra-high grades, deep marine sedimentary rocks, and tectonic blocks of oceanic crust. This formation dates back 70-135 million years and provides essential evidence of Sulawesi Island’s early evolution, contributing to the understanding of pre-tertiary global tectonics. The Karst of Maros Pangkep is another remarkable feature of the geopark. The area contains 572 caves, both horizontally and vertically, which are renowned for their impressive speleothem characteristics. The longest cave stretches for 27 km and forms part of the hydrological system, connecting an underground river to dolines, which serve as cave entrances. Over 332 types of prehistoric artifacts have been discovered in these caves, including 45,500-year-old pig paintings in Leang Tedongnge.&nbsp; The region’s intensive geostructural system, which drives karstification and subaerial exposure, plays a key role in the formation of underground rivers that link various caves. Additionally, the karstic formations are crosscut by Neogene volcanic rocks, further enhancing the site&#39;s geological complexity. Lastly, the Coral Reef Islands of the Spermonde Archipelago hold significant geological value, showcasing the interconnectedness of terrestrial and marine features within the geopark. The modern carbonate platform is extensively exposed, highlighting the development of hundreds of patch reefs. These reefs are covered in sandy marine sediments that undergo morphological changes during the monsoon seasons, driven by the geodynamic process of the Indonesian Throughflow (ITF) ocean currents. These reef islands are part of the global coral triangle and represent modern equatorial carbonates, offering valuable insight into Sulawesi’s paleogeographic evolution.","The geopark area is predominantly inhabited by the Bugis and Makassarese ethnic groups. The local communities&#39; way of life is deeply influenced by ancestral customs, encompassing moral and social values towards both fellow humans and the natural environment. These customs are reflected in the regional characteristics, including language, arts, and daily life patterns.&nbsp;&nbsp; The area is known for recognising a unique gender system comprising five categories: men (bura&#39;ne), women (makunrai), feminine men with social roles like women (calabai), masculine women with social roles like men (calalai), and gender-neutral individuals balancing traits of both men and women (bissu).&nbsp; The Bissu community, as exemplified by the Sere Maggiri dance in Segeri-Pangkep, serves as a living testament to the ancient pre-Islamic Bugis civilisation that thrived centuries ago. During the era of the Bugis kingdoms, Bissu played key roles in important ceremonies, including the seven-day and seven-night ritual of descending into the fields (Mappalili), which was accompanied by the recitation of an incantation known as Mattedu Arajang. The Bissu’s social functions included guarding, nursing, carrying ritual objects (arajang), leading rituals, serving as shamans (sanro), and teaching those preparing for marriage. The ancient Bugis manuscript called Lontarak, specifically the I La Galigo text, tells stories about the Bissu and their history. This manuscript is an important representation of the rich cultural heritage of Bugis civilization in South Sulawesi, with origins dating back to the 19th century.",,ha,507725.0,655236,129.0,False,https://bioportalstprod.blob.core.windows.net/portal-media-public/GP/ASID08/image/main/ASID08_main.jpg,https://www.youtube.com/geoparkmarospangkep,https://www.geoparkmarospangkep.id,"-4.819, 119.457",https://www.unesco.org/en/iggp/maros-pangkep-unesco-global-geopark
f2f96457-5e83-535c-bfd9-d8ce2abde265,ASID03,Gunung Sewu UNESCO Global Geopark,ID,2015-01-01,"Visit the Prambanan Temple UNESCO World Heritage site, a magnificent 9th-century Hindu temple complex of 240 structures.Enjoy the picturesque coastline of white sandy beaches, coral reefs and rocky shores across Gunung Kidul, Wonogiri and Pacitan.","Gunung Sewu UNESCO Global Geopark, also known as the Thousand Mountains, is a striking karst plateau in Central Java, Indonesia, featuring unique geological formations, rich cultural heritage and prehistoric settlements. The geopark extends 120 kilometres from west to east and is bounded by a depression zone in the north, shaped by the active Merapi and Lawu volcanoes, and by the Indian Ocean in the south. The region’s geology represents a classic tropical karst landscape with features including conical hills, dolinas, uvalas, and irregular valleys. Gunung Sewu is located on the edge of an active subduction zone and tectonic activity has shaped the region, creating river terraces in the Sadeng dry-valley and coastal terraces along the southern coast. The southern part of Gunung Sewu boasts a series of beaches that attract visitors with their combination of rocky shores, coral formations, white sand, and vibrant reef ecosystems. These beaches stretch across Gunung Kidul, Wonogiri, and Pacitan regencies, making them a significant draw for geotourism. The karst hydrogeological system of Gunung Sewu is another key feature, with numerous underground rivers, springs along the southern coast and hundreds of caves. These caves feature formations such as stalactites, stalagmites, limestone pillars, and flowstones, showcasing the area’s rich geological processes.","The region of Gunung Sewu is steeped in a rich cultural and historical heritage, marked by Hindu and Buddhist influences. Among the most significant cultural landmarks is the Prambanan, a complex of 240 Hindu temples built in the 9th century, designated a UNESCO World Heritage site. Another key site is the Candi Gana archaeological site, dating back to the 6th century, which features Buddhist stupas and statues. The region preserves traces of prehistoric settlements spread across an area of approximately 1,800 km². These settlements, dating from the Paleolithic to Neolithic periods, include evidence of cave dwellers and open-space communities, representing the Pacitanian stone-culture, a notable prehistoric cultural heritage in Southeast Asia. Education plays a vital role in sustaining and promoting the region’s heritage. The &quot;School to Geopark&quot; programme enable students, accompanied by geography and biology teachers, to visit geosites and engage in learning activities that connect geology, biology and culture. These programmes aim to foster an understanding of the region’s unique identity and its interconnected natural and cultural heritage. Institutions like the Indonesia Karst Museum and the Gunung Sewu Etalase further provide platforms for shared learning and community engagement.","“Although all Gunung Sewu beaches have a common geological formation, they each have their own characteristics”",ha,180200.0,2397453,447.0,False,,https://www.youtube.com/watch?v=eYIFkjnFwCI,http://gunungsewu.id/,"-8.059, 110.711",https://www.unesco.org/en/iggp/gunung-sewu-unesco-global-geopark
556bdfc4-abcf-5cb5-963c-18d22ce7b052,ASID04,Rinjani-Lombok UNESCO Global Geopark,ID,2018-01-01,"The region is a trekking haven that has become increasingly popular, especially amongst those who are willing to make the strenuous hike to the summit.The geopark is rich in Sasak culture, with local communities practicing traditional ways of life and preserving their cultural heritage.The Gili Islands are renowned for their vibrant coral reefs and marine biodiversity, making them a popular destination for underwater exploration.","The Rinjani-Lombok UNESCO Global Geopark, located on Lombok Island in Southeast Asia, features the towering Rinjani volcano and its 50 km² caldera. The caldera contains Segara Anak lake, a stunning body of blue water that locals call the &quot;Child of the Sea.&quot; This dramatic landscape was shaped by the catastrophic eruption of the Samalas Volcano in 1257, an event that buried ancient civilizations, triggered a worldwide cooling period, and reshaped the island&#39;s geography. The eruption formed a massive caldera and pyroclastic flow, while remnants of the volcanic system gave rise to Mt. Barujari and Mt. Rombongan, young volcanic cones that now sit within the caldera. The volcanic complex of Lombok developed due to the subduction of the Indian Ocean Plate under the Southeast Asia Plate. The geology is dominated by Quaternary calc-alkaline volcanoes, Oligo-Miocene volcanic rocks, and Neogene intrusive igneous rocks. The island’s volcanic features are classified into an older complex (Mt. Punikan, Mt. Nangi, and Mt. Sembalun) and a younger complex led by Mt. Rinjani, the tallest peak at 3,726 m above sea level. The diverse landscape of the geopark includes savannahs, semi-deciduous forests, and tropical montane evergreen forests, which support a rich ecosystem of protected species. Preserved within the Mount Rinjani National Park, the geopark is a biodiversity hotspot. The caldera&#39;s hydrothermal and meteoric waters, paired with lush tropical vegetation and stunning waterfalls, create a unique environment for scientific exploration, conservation, and geotourism.","The Rinjani-Lombok UNESCO Global Geopark spans five districts whose local economies are closely tied to their traditions and natural resources. Handwoven crafts like tenun ikat, songket, and ketak, made from Lygodium ferns, are created using traditional techniques and natural dyes, supporting local artisans and contributing to the tourism sector. Visitors to the Rinjani-Lombok Geopark can engage in a wide range of outdoor activities, including trekking up Mount Rinjani, rafting, river tubing, camping, biking, snorkelling, diving and sightseeing. The geopark also features seven geotrails and more than ten geotourism packages which actively involve the local community, emphasising local knowledge and highlighting the geological and natural significance of the region, while creating economic opportunities through household product sales and geohomestays. To further enhance local engagement, the Rinjani-Lombok Geopark and Science Technopark have been initiating a partnership to support young entrepreneurs, particularly high school students, in developing geoproducts that integrate geological and geopark interpretations.",“The tropical bridge between Asia and Australia”,ha,285000.0,1329991,1122.0,False,,https://www.youtube.com/watch?v=wxKeoJDcrx4,http://rinjanigeopark.com/,"-8.42, 116.387",https://www.unesco.org/en/iggp/rinjani-lombok-unesco-global-geopark
6e3609e6-1ff9-5591-88f3-2ca49f3d5933,ASIR01,Qeshm Island UNESCO Global Geopark,IR,2017-01-01,"Take a trip to Hengam Island to see dolphins, or go snorkelling to witness the diversity of tropical fish swimming in the coral reef.Visit Bandar Laft on Qeshm’s north shore, popular for its Lenj Shipyard where traditional boats are still built and for its badgir (windcatchers), an ancient Persian architectural feature used to ventilate houses.Visit the Namakdan Salt Complex and the Namakdan Salt Cave, a 7-km chasm of multi-coloured galleries and beautiful salt crystals.","While for some Qeshm is shaped like an arrow pointing towards mainland Iran, others see a dolphin just like the ones that swim the turquoise waters of the Persian Gulf. Regardless, the position of the largest of the Iranian islands, at the border of two different marine ecosystems - the Persian Gulf and the Sea of Oman - together with its geological characteristics led to the formation of vast coral reefs, mangrove forests, and beautiful sandy beaches.&nbsp; Qeshm is at the southern edge of the Zagros Mountain range, an 1800 km fold and thrust belt formed by the collision between the Arabian and Eurasian tectonic plates, initiated in the Miocene (25 – 5 million years ago) and still ongoing. These mountains, a series of elongated ellipsoid-shaped ridges, are mostly formed by sedimentary rocks that folded over a layer of salt, acting like a sliding surface, and by subsequent erosion that removed the softer layers. The thick salt layer, less dense than the surrounding rocks, has formed domes such as the Namakdan Salt Complex, featuring a variety of salt-related landforms, including salt flats, springs and sinkholes. The most impressive is the Namakdan Salt Cave, a 7-km chasm of multicoloured galleries and beautiful salt crystals considered to be the longest salt cave in the world and recently inscribed in the International Union of Geological Sciences “First 100” geological heritage sites list.&nbsp; The cave&#39;s pure and dry air is also used to help patients with respiratory issues. The geopark is also rich in erosional landforms such as the Valley of Stars, an impressive labyrinth of sandstone canyons with tall columns and flat-topped mounds that locals believe to have been formed by a shooting star. Another notable feature is the 10 metre-deep Chahkuh Gorge, which gets narrower the further one adventures into it, until only a glimmer of sunlight enters through the top of the canyon. At the bottom, several wells were carved into the rock by locals in search of water.&nbsp;","Qeshm Island UNESCO Global Geopark empowers its local communities through innovative initiatives that preserve cultural heritage while supporting sustainable livelihoods.&nbsp; Folk music is an integral part of Qeshm Island’s cultural identity. Several groups of local musicians play traditional instruments and pass down this heritage to the next generation. The lute, typically played by the lead singer, is a key instrument in these performances. Geo-products crafted by local artisans reflect the connection of local communities to Qeshm&#39;s natural resources. The Namakdan Salt Cave Candle is an eco-conscious souvenir that promotes the cave while discouraging the removal of natural samples. Indigenous artist Avatef Khashabi creates ceramic geoproducts inspired by the vibrant layers and formations of the Namakdan Caves. These initiatives provide sustainable income for local communities and students while promoting conservation. The Gouran Maritain Park-Museum showcases Qeshm’s maritime heritage by preserving and showcasing traditional wooden boat-building techniques, known as &quot;Lenj.&quot; Established in collaboration with the Gouran Village community, the museum features 28 pictorial displays and 14 original vessels. The craft of constructing these boats, inscribed on UNESCO’s Intangible Cultural Heritage list, connects visitors to the Persian Gulf’s rich sailing culture and supports the continuation of this centuries-old tradition.","“The land of erosion, the art of erosion”",ha,206300.0,180000,72.0,False,https://bioportalstprod.blob.core.windows.net/portal-media-public/GP/ASIR01/image/main/ASIR01_main.jpg,https://www.youtube.com/watch?v=Pcmz4JJQGdc,http://qeshmgeopark.ir/en,"26.783, 55.793",https://www.unesco.org/en/iggp/qeshm-island-unesco-global-geopark
8db12a3e-dfbb-53bb-a81a-1a249024b08e,EUDE01,Bergstraße-Odenwald UNESCO Global Geopark,DE,2015-01-01,"Sample local honey harvested at geopark sites like the Messel Pit and the international Forest Art Centre, produced through a sustainable beekeeping partnership with the Glückshonig company.Cycle through the cultural landscape of the western Bachgau along a signposted trail that passes Roman and medieval archaeological sites with views as far as Frankfurt.Discover the mining history of the region at “Marie in der Kohlbach,” a historic lead and silver mine southeast of Hohensachsen, now open to visitors.","Bergstrasse-Odenwald UNESCO Global Geopark, located south of Frankfurt between the Rhine, Main and Neckar rivers, preserves over 500 million years of Earth history. The region is marked by the striking contrast between the flat Upper Rhine Plain and the ancient Odenwald mountains, where landscapes, geological formations and human history intersect. One of the geopark’s most iconic features is the Felsenmeer, or &quot;Sea of Rocks,&quot; in the Odenwald. Here, thousands of boulders—some the size of trucks—lie scattered across the slope, formed from granite-like crystalline rocks deep in the Earth’s crust. These rocks were uplifted by tectonic forces during the formation of the supercontinent Pangea (490–250 million years ago) and later shaped by freeze-thaw processes during the last Ice Age. Roman stoneworkers exploited this resource between the 2nd and 4th centuries, leaving behind more than 15 workshops and around 300 unfinished or damaged boulders. Today, visitors can explore the site and its geological history at the Felsenmeer Information Centre. Another outstanding site is the Messel Pit Fossil Site, a UNESCO World Heritage site since 1995. Located near Darmstadt, this former oil shale and coal mine holds the most significant Eocene fossil deposit in the world, dating back around 47 million years. The exceptionally well-preserved fossils—some with fur and soft tissue—offer insight into the evolution of mammals, including early horses, pangolins, marsupials and bats. Over 1,000 species have been documented, making Messel a global reference for understanding life in a subtropical forest ecosystem during the Eocene.","Bergstrasse-Odenwald UNESCO Global Geopark is rich in cultural heritage, particularly from the Carolingian empire, a vast Frankish-dominated empire in western and central Europe during the Early Middle Ages. Sites such as Lorsch Abbey, a UNESCO World Heritage site, Einhard’s Basilica in Michelstadt-Steinbach, and more than 200 castles reflect the historical importance of this landscape as a corridor of power and movement. Mining heritage is also a central part of the region’s identity and history. The “Marie in der Kohlbach” visitor mine, southeast of Hohensachsen, preserves over 500 years of lead and silver mining. Ore extraction began in the 1530s, and by 1771 a drainage tunnel was constructed to support intensified operations. The mine follows a hydrothermal ore vein associated with Tertiary volcanic rocks, and guided tours introduce visitors to black powder blasting techniques and the harsh working conditions of miners in the 18th and 19th centuries. Today, the territory remains a centre of cultural life. In the southern part of the Geopark, the city of Heidelberg is recognised as a UNESCO Creative City of Literature. With a literary tradition stretching back to the founding of Heidelberg University in 1386, the city became a major centre for humanist and Romantic literature. It remains home to around 200 writers, 45,000 students, and a dense network of publishers, bookshops and translators.",“Between granite and sandstone – continents on the move”,ha,377800.0,1200000,343.0,False,https://bioportalstprod.blob.core.windows.net/portal-media-public/GP/EUDE01/image/main/EUDE01_main.jpg,,https://www.geo-naturpark.net,"49.636, 8.927",https://www.unesco.org/en/iggp/bergstrasse-odenwald-unesco-global-geopark
42c7a3ec-2792-5cbd-b768-225bccff48af,ASTR02,Kula-Salihli UNESCO Global Geopark,TR,2015-01-01,"Discover the striking fairy chimneys of Kula-Salihli UNESCO Global Geopark, shaped by erosion processes and capped with basalt or sandstone.Visit Gökeyüp village, where over 100 families continue a centuries-old pottery tradition using Roman-era methods.Explore the Emir Hot Springs, a site of ancient Roman and Ottoman baths once known as “Thermai Thessos” for its healing waters.","In western Türkiye, the Kula-Salihli UNESCO Global Geopark extends across three distinct geological units: the Kula volcanic province, one of Türkiye’s youngest volcanic areas; the Bozdağ Mountains, stretching east of Izmir to the Anatolian Plateau; and, situated between them, the Gediz Graben – a major depression formed by the extension of the Earth’s crust due to the subduction of the African Plate beneath the Anatolian Plate. The geopark features a large lava plateau, lava caves, and basalt columns, as well as a range of morphological features associated with graben formation, including faults, fan deposits, and earthquake-related landforms. Kula-Salihli UNESCO Global Geopark has a complex geological structure resulting from the active tectonic regime of the Aegean extensional province – one of the most seismically active and rapidly deforming regions in the world. This region is shaped by converging plates and subduction-collision-related geodynamic processes. The geopark rests on the metamorphic basement of the Menderes Massif and the ophiolitic mélange units of the İzmir-Ankara Zone, a remnant of the Tethyan Ocean. Quaternary volcanism in the area occurred in three eruptive phases, dated to approximately 1.1 million, 300,000, and 15,000 years ago. The outstanding volcanic features of the geopark have been recognised since antiquity. The ancient Greek geographer Strabo (63 BC–24 AD), in his work Geographica, referred to Kula as Katakekaumene (“the burned land”) due to its coal-black lava.","Kula is one of the few settlements to survive the Greek invasion of Anatolia in the wake of World War I, and its historical centre features original Ottoman architecture. Gökeyüp village, an important pottery centre in western Anatolia, has over 100 families creating beautiful clay artefacts using methods dating back to Roman times. The geopark includes significant cultural heritage sites such as the Homoerectus Valley, the Çakallar human footprint fossils, the Kanlıkaya rock paintings, and the ruins of Sardis—the ancient capital of the Lydian Kingdom, where money is believed to have been invented—as well as a temple dedicated to Artemis dating to the 3rd century BCE. Kula-Salihli UNESCO Global Geopark supports sustainable tourism and education through dedicated infrastructure, including the Kula Geopark Visitor Centre “Katakekaumene” and over 12 km of marked geotrails with interpretive panels. Guided tours, school programmes, and geo-education activities are regularly offered. To strengthen scientific collaboration and support sustainable development, the geopark has partnered with Celal Bayar University to establish the JARUM-Geopark Research Centre. It has also created the GeoCycle bicycle society, combining sport with geotourism outreach.",“The region that was ‘fire-born’”,ha,232000.0,208131,88.0,False,,,,"38.552, 28.383",https://www.unesco.org/en/iggp/kula-salihli-unesco-global-geopark
5bf81f03-2d58-511d-854e-797ad9a979fd,ASJP02,Itoigawa UNESCO Global Geopark,JP,2015-01-01,"The Fossa Magna Museum tells the story of Itoigawa’s jade and unlocks the mystery of how the Japanese islands were formed.At the Nou Fishing Port, the centre of one of Japan’s largest crab fisheries, and at Marine Dream Nou Roadside Station, browse one of the region’s largest seafood markets.The Spring Festivals of Amatsu Shrine and Nou Hakusan Shrine feature ancient ritual dances.","As if being northeast Asia’s only major source of jade were not enough, the Itoigawa UNESCO Global Geopark—the first in Japan—also tells the full story of the formation of the Japanese islands and hosts a vast forest that is home to some of the country’s most important species. Named after Itoigawa city, which translates as ‘Thread-Fish-River,’ this geopark—with a name hard to pronounce even for native Japanese speakers—is centuries, if not millennia, old. Contrary to expectation, its river is nowhere to be found. One theory suggests the name derives from the plentiful three-spined stickleback, a freshwater fish called itoyo. The geopark’s territory, almost entirely covered in pristine forests and home to protected species such as the Japanese serow, Japanese black bear, Japanese macaque, and several birds of prey, extends from the heights of the Kubiki Mountains (part of the Myoko Togakushi Renzan National Park) and the nearly 3,000-metre peaks of the Northern Japanese Alps (part of the Chubu Sangaku National Park) to the coastal lowlands and offshore waters to the west. This impressive altitude difference has created turbulent rivers that carved deep valleys and ravines, such as the Himekawa and Umidani Gorges. At the Kotakigawa Jade Gorge, a National Natural Monument of Japan, deep in the mountains of southwestern Itoigawa beneath the towering limestone face of Mount Myojo (1,188 m), massive boulders of jadeite lie strewn about the Kotaki River. These boulders are washed downstream to the coast, where they have been collected for over 7,000 years, helping Japan’s prehistoric Jomon civilisation—one of the world’s oldest jade-working cultures—to flourish. At the Choja Gahara Archaeological Site, a Jomon village that thrived between 5,000 and 3,000 years ago is preserved. But there is more to Itoigawa. Around 20 million years ago, the Japanese archipelago began to separate from the Asian continent, forming an island arc centred on the geopark. The Japanese islands fractured, creating a deep geological trench through the centre of Japan called the Fossa Magna. Tectonic movements along the Itoigawa–Shizuoka Tectonic Line gave rise to the massive Kubiki Mountains, the Japanese Alps, and active volcanism at Mount Yakeyama, which first erupted only about 3,000 years ago. At Fossa Magna Park, visitors can observe an exposed section of this tectonic line, making it an excellent site for learning about geological faults.","Known as the &quot;World’s Oldest Jade-working Culture,&quot; the region&#39;s historical significance begins with a remarkable 7,000-year-old jadeite jade hammer unearthed at the Ogakuchi Site. This discovery highlights Itoigawa’s legacy as a centre for jade production, with decorative jade beads crafted up to 5,000 years ago and traded as far as the Korean Peninsula. The Chojagahara and Teraji sites, pivotal centres of jade production during the Middle Jomon Period, are now protected as National Historic Landmarks, ensuring that this unique cultural legacy is preserved for future generations. Cultural traditions further enrich Itoigawa’s identity. The &quot;Oumi Take-no-Karakai&quot; New Year’s Festival, celebrated for over 500 years, features vibrant tug-of-war competitions over bamboo poles, culminating in massive bonfires along the coast. To ensure its continuity, a &quot;Children’s Karakai&quot; now engages younger generations in this cherished tradition. Traditional dances, such as the &quot;Bugaku Court Dances of Amatsu Shrine and Nou Hakusan Shrine&quot; and the &quot;Nechi Yamadera En’nen Festival&quot; of Nechi Hiyoshi Shrine, are equally significant. Dating back roughly 500 years, these dances—primarily performed by children—are believed to bring good harvests, family safety, and long life. Their similarities to dances from Kyoto and Osaka suggest the influence of historic trade routes like the Hokuriku Road. The Itoigawa dialect reflects the region&#39;s geographic isolation, with its unique accent, grammar, vocabulary, and pronunciation. This linguistic heritage stands as a testament to the community’s resilience and distinct identity. Education and disaster preparedness are also integral to Itoigawa’s sustainability. At Shimohayakawa Elementary School, a Disaster Risk Reduction Programme focuses on the active volcano Mt. Niigata-Yakeyama. This initiative has inspired students, with one alumnus pursuing volcanology at university and returning to share his knowledge. The Fossa Magna Museum complements these efforts with lectures and workshops on natural disasters, climate change, and volcanic phenomena, fostering a culture of awareness and resilience.","“The diversity of the land from 0-3,000 meters made the world's oldest jade culture and varieties of traditional culture”",ha,74624.0,41333,56.0,False,https://bioportalstprod.blob.core.windows.net/portal-media-public/GP/ASJP02/image/main/ASJP02_main.jpg,https://www.youtube.com/watch?v=YaBXUsiysjQ,http://geo-itoigawa.com/eng/,"36.961, 137.883",https://www.unesco.org/en/iggp/itoigawa-unesco-global-geopark
8004542f-ffc4-5244-8519-a04b515af3b9,ASJP05,Muroto UNESCO Global Geopark,JP,2015-01-01,"With a long whaling heritage, former fishermen now offer whale watching cruises.The Onda Festival, held biannually in May at the Kiragawa Hachiman Shrine, has been celebrated since the 12th century.Kiragawa town, located in the western part of the geopark, preserves an important architectural heritage that has largely disappeared elsewhere on the island.","Muroto UNESCO Global Geopark is a land where one can find a millennia-old Buddhist heritage and walk an ancient coastline that has been raised by tectonic forces to over one hundred metres above sea level. Divided into five regions, each with distinct geological features, Muroto UNESCO Global Geopark is particularly known for the outcrops along the Gyodo-Kuromi coastline, where highly folded turbidites, trace fossils, and sand dykes—considered “fossils of liquefaction” caused by earthquake-induced vibrations—can be observed. On the west coast of the Muroto Peninsula, marine terraces hundreds of metres above sea level bear witness to the island’s ongoing tectonic uplift. Meanwhile, the Mikurado Caves, formed by wave erosion at sea level, are revered as the place where the monk Kūkai is said to have practiced asceticism and attained enlightenment. The geopark is covered by coastal subtropical vegetation adapted to strong sea breezes and a mild climate, thanks to the Kuroshio Current. These forests, home to dozens of native tree species, have long provided Ubame oak wood—the raw material for Tosa binchotan, a long-burning, odourless and smokeless charcoal highly prized by chefs. Within the geopark, 37 kilns still produce this traditional charcoal.","Muroto UNESCO Global Geopark integrates conservation, education, and cultural heritage, offering visitors and residents a unique connection to the region’s natural and human history. Its renowned marine terraces, among the most prominent in Japan, serve as a living classroom, showcasing tectonic uplift and providing insights into the Earth’s geological processes. These are complemented by disaster prevention education programmes that use real-world examples—such as the Tsuro Tsunami Evacuation Shelter—to teach earthquake and tsunami preparedness. The geopark supports enduring local traditions, such as the Onda Festival in Kiragawa Town, which preserves 12th-century performances and highlights traditional architecture like Tosa plaster walls. Heritage industries, including the production of Tosa binchotan charcoal, continue to thrive. Initiatives like Sumigen’s binchotan culinary ventures and BBQ camps help preserve this craft while contributing to local innovation and economic resilience. Intangible cultural heritage is reflected in unique food practices, including kashikiri tofu, made from edible acorns—rooted in the local ecosystem. Fishing practices such as fixed-net fishing promote sustainable livelihoods and marine conservation, while community responses to rising seawater temperatures demonstrate adaptability and resilience. Seasonal festivals like the Wasuke Jizo Festival and Apoi Fire Festival bring people together to honour both tradition and nature, creating vibrant cultural experiences. On Shikoku, the smallest of Japan’s main islands, a 1,200 km pilgrimage route leads walkers through 88 temples and numerous sacred sites associated with Kūkai, the founder of the esoteric Shingon school of Buddhism. The Shikoku 88 Temple Pilgrimage is one of the few circular pilgrimage routes in the world, and passes through Muroto UNESCO Global Geopark.",“Where the ocean and the land meet for the birth of a new habitable land”,ha,14822.0,12015,48.0,False,https://bioportalstprod.blob.core.windows.net/portal-media-public/GP/ASJP05/image/main/ASJP05_main.jpg,https://www.youtube.com/watch?v=N5_zNgU4_6E,http://www.muroto-geo.jp/en/,"33.375, 134.141",https://www.unesco.org/en/iggp/muroto-unesco-global-geopark
790dc750-43dc-523e-8dac-e68068127130,ASJP06,Oki Islands UNESCO Global Geopark,JP,2015-01-01,"The Kuniga Coast Trail, one of the most scenic routes in the Oki Islands, passes through traditional farmlands where cattle and horses graze freely. The trail begins near the top of Matengai Cliff and descends to sea level near the Tsūtenkyō rock arch.On Nakanoshima Island, the Akiya Coast showcases dramatic geological formations created by volcanic eruptions and erosion, making it one of the island’s most impressive coastal landscapes.","The Oki Islands UNESCO Global Geopark tells a geological story stretching back 250 million years to the formation of the Pangaea supercontinent. Formed by the summits of two massive stratovolcanoes that erupted approximately 5 million years ago, this archipelago of about 180 islands—only four of which are inhabited—is a striking example of geological and natural diversity. The islands boast lush forests, turquoise waters, and rust-coloured sea cliffs, offering insight into Earth&#39;s dynamic history. The islands originated from tectonic collisions that transformed ancient marine sediments into the Oki gneisses, the oldest geological units in the region. Around 20 million years ago, additional tectonic activity along the back-arc of the Japan and Pacific Plates led to volcanic eruptions that shaped the islands’ dramatic topography. Subsequent erosion and rising sea levels submerged much of the calderas, leaving today’s islands as remnants of these ancient volcanoes. Among the most notable features is Matengai Cliff, which rises 257 metres above the sea, providing panoramic views of the coastline. Mt. Akahage offers visitors a glimpse into one of the volcanic calderas that formed the archipelago. The islands’ volcanic past also produced obsidian—a natural glass valued by early settlers 30,000 years ago for both practical and aesthetic purposes. Isolated from the mainland, the Oki Islands developed unique ecosystems home to endemic species such as the Oki hare and Oki salamander. Fishing, farming, and cultural traditions like sumo wrestling are integral to the islands’ way of life, illustrating the deep connection between geology, biodiversity, and human activity.","The Oki Islands UNESCO Global Geopark is a living example of the close relationship between people, culture, and the environment. Its cultural heritage dates back 30,000 years, beginning with the use of obsidian tools and evolving through phases such as its role as miketsukuni—a provider of food for the emperor and Shinto rituals—,its use as a place of exile for aristocrats and emperors, and its prominence as a port on the kitamaebune trading route. This heritage is preserved in 101 designated Cultural Properties, including nationally important sites like Oki Kokubun-ji Temple and Takuhi Shrine. Intangible heritage is equally valued. The region has 27 designated Intangible Folk Cultural Properties, such as the nationally recognised Oki Dengaku and Niwa-no-mai dances. These traditions continue to connect the local population with their ancestors while offering cultural insight to visitors. Education plays a vital role in sustaining this legacy. The geopark has developed picture-story shows for preschool children to introduce the geological, natural, and cultural heritage of the islands. This creative approach has inspired further learning, including study sessions and original plays exploring the islands&#39; history. Tourism also plays a key role. Local associations of hotels, guides, restaurants, and other stakeholders collaborate to offer &quot;geo experiences&quot; that showcase the islands’ distinctiveness. These efforts are based on the idea that tourism development should begin with local knowledge and pride.",“Search for the keys that will unlock the mysteries of the islands”,ha,67350.0,19566,28.0,False,https://bioportalstprod.blob.core.windows.net/portal-media-public/GP/ASJP06/image/main/ASJP06_main.jpg,https://www.youtube.com/watch?v=kexhVvIwIZQ,http://www.oki-geopark.jp/en/,"36.174, 133.175",https://www.unesco.org/en/iggp/oki-islands-unesco-global-geopark
80532e39-fc6d-583c-a8db-c41b53e1da50,ASKR02,Hantangang UNESCO Global Geopark,KR,2020-01-01,"Visit Hwajeogyeon Pool, where 13-metre granite formations rise above clear waters. This striking geological site was once used for sacred rain ceremonies, reflecting ancient cultural traditions.Explore the Jeongok Paleolithic Site, where well-preserved archaeological remains—including the renowned Acheulean hand axe—have been uncovered, thanks to the unique soil conditions.","Hantangang UNESCO Global Geopark presents a complex geological history shaped by tectonic activity and volcanic processes. It comprises Precambrian and Paleozoic metamorphic rocks, Jurassic and Cretaceous granites, Cretaceous volcanic rocks, Quaternary basalt, and a variety of soils, including glacial-period deposits. The geopark lies within the Imjingang Belt, a major tectonic province formed by the Paleozoic collision of the Sino-Korean and Yangtze cratons. This belt is considered the lateral extension of the Qinling-Dabie-Sulu Belt in eastern China, one of East Asia’s most significant tectonic features. A defining element of the geopark is the Late Quaternary Hantangang River Volcanic Field, created by fissure eruptions of basaltic lava. The lava flowed along the paleo-channel for over 110 km, forming a broad volcanic plateau. Subsequent river rejuvenation carved deep gorges into the solidified basalt, giving rise to distinctive volcanic landforms, including steep cliffs with columnar joints. These contrast with V-shaped valleys shaped by fluvial erosion in granite and metamorphic rock areas, illustrating the lithological control on erosion processes in the geopark. Spanning Gyeonggi-do and Gangwon-do provinces, the geopark also features dense forests that enhance the region’s ecological importance. The Hantangang Basalt, formed by historic lava flows, defines the area&#39;s unique landscape as an undulating lava plateau known for its striking geological characteristics.","The Hantangang River has supported human settlement since the Paleolithic era, providing vital water resources and fertile plains. Archaeological remains—including Paleolithic stone tools and Bronze Age dolmens built from local basalt and tuff—reflect a long-standing relationship between people and the landscape. The area’s strategic location also made it a key site for military activity, with natural columnar joint formations historically used in defensive structures. Modern infrastructure began shaping the region in 1914 with the construction of railway lines and irrigation systems. However, the Korean War brought severe destruction and loss of life. Due to its proximity to the Demilitarized Zone, the region remained underdeveloped throughout much of the 20th century. Today, the geopark is working to revitalise the area by promoting its geological, cultural, and historical significance, fostering sustainable development through conservation, education, and geotourism. Geotourism has become a key driver of local economic growth, particularly through the development of the columnar joint-themed Geotrails (Jusangjeoli-gil), which attract visitors year-round, including in winter. The geopark also plays an active role in preserving and promoting intangible heritage. The Pulpiri grass flute tradition, designated as Provincial Intangible Cultural Heritage, is featured in geopark events and supported by a dedicated cultural centre in Pocheon-si City to ensure its preservation and transmission.",,ha,116561.0,104639,96.0,False,https://bioportalstprod.blob.core.windows.net/portal-media-public/GP/ASKR02/image/main/ASKR02_main.jpg,,,"38.11, 127.2",https://www.unesco.org/en/iggp/hantangang-unesco-global-geopark
33bc99e3-6711-5aea-b5b3-d136a88ec847,EUDE07,Ries UNESCO Global Geopark,DE,2022-01-01,"Visit the Ries meteorite crater, a rare geological feature with characteristics also found in impact craters on Mars.Take the 7-Hills Way, a circular hiking route linking geological, archaeological, and cultural history sites, with panoramic views and interpretive panels.Explore medieval towns in Bavaria built using meteorite impact rocks, with architecture shaped by the region’s unique geological heritage.","Around 15 million years ago, during the Miocene epoch, the world&#39;s continents and oceans were in familiar positions, but significant geological changes were underway. The collision of the Arabian Peninsula with Eurasia cut off the Indian Ocean from the Mediterranean, eventually drying it out. As the climate cooled, mammals and birds thrived, and apes began to dominate. Amid these gradual changes, a dramatic event occurred—a cosmic stone, about 1 kilometre wide, entered Earth’s atmosphere and struck Bavaria at speeds over 70,000 km per hour. The impact lasted only seconds but reshaped the landscape, generating pressures of millions of bars and temperatures exceeding 20,000 °C. Pulverised material was ejected as far as 450 km. The resulting Ries Crater, Europe’s best-preserved meteorite crater, is one of the most intensively studied impact sites worldwide. At Wallerstein Cliff, visitors can see Ries-Lake limestones, including travertines and stromatolites, offering insights into the area&#39;s ancient environment. The shockwave altered the Earth&#39;s crust, forming new rocks, including suevite, which has been quarried for centuries and used in local architecture. A prime example is St. George’s Church in Nördlingen, built with these impact rocks, linking the region’s geological past to its architectural heritage. The suevite in Ries Geopark is extremely significant for research and used to identify similar rocks in impact craters worldwide, including the Moon.","The geopark’s long-standing connection to space exploration is an integral part of its identity. Since the Apollo 14 astronauts trained in the Ries meteorite crater in the 1970s, the area has continued to serve as a geological training site for NASA and the European Space Agency. The Ries Crater Museum, housed in a 16th-century barn, showcases impact-related features, including a sample of moon rock collected during NASA’s Apollo 16 mission, highlighting the connection between Earth’s impact craters and lunar exploration. Cultural traditions also thrive in the geopark, with festivals and events that celebrate the region’s medieval heritage, such as the annual medieval festival in Nördlingen and the rich culinary traditions tied to local ingredients. These traditions, along with the geopark’s commitment to sustainable tourism, ensure that the region remains vibrant and connected to its geological and cultural roots. The Ries Panorama Way, a 128-km trail that follows the crater rim, offers a complete perspective of the region&#39;s geology, biodiversity, and medieval history, including significant sites such as Oettingen Castle and the Harburg fortress.",,ha,174880.0,162500,93.0,False,https://bioportalstprod.blob.core.windows.net/portal-media-public/GP/EUDE07/image/main/View_into_the_Ries_Crater_Dietmar_Denger-36.jpg,,https://www.geopark-ries.de,"48.838, 10.625",https://www.unesco.org/en/iggp/ries-unesco-global-geopark
905a4195-18b8-558d-ae96-b68354a9b0c1,ASMY01,Langkawi UNESCO Global Geopark,MY,2015-01-01,"Climb Gunung Raya, the highest peak in Langkawi. Visit Kampung Kilim, a popular tourist attraction known for its boat rides, eagle feeding, and mangrove tours. Watch the Mek Mulung theatre, regularly performed at the Kota Mahsuri Cultural Complex.","Ninety-nine, the magical number that gathers all the islands in the Langkawi Archipelago, a tropical paradise of white sand beaches, forest-covered mountains, and mangroves, thirty kilometres off the coast of Malaysia in the Malacca Strait. Malaysia’s first UNESCO Global Geopark, Langkawi, is a fascinating place. There are dozens of beaches, like the expansive Tanjung Rhu Beach or the secluded Datai Bay; the richest mangroves in the country, such as those in the Kubang Badak Reserve or the Kilim Karst Geoforest Park, where dramatic limestone formations carved by running water have helped create one of the most important ecosystems in the region; and forest-covered limestone and sandstone peaks, such as those in the Machinchang mountain range, home to the Machinchang Cambrian Geoforest Park. Here, Cambrian rock formations, estimated to be over 550 million years old, form the substrate of one of the oldest rainforests on the planet. In addition to numerous mountain trails, Mt. Machinchang can be accessed via the famous SkyCab, one of the longest and steepest free-span cable car rides in Southeast Asia. Another of the geopark’s gems is the Dayang Bunting Marble Geoforest Park, just south of the main island, where a large collapsed cave has given rise to a freshwater lake surrounded by dense tropical forest. Nearly 300-million-year-old marble formations, some of the finest in the world, can be found here.","The Langkawi UNESCO Global Geopark actively fosters the well-being of its local communities through innovative programmes, cultural initiatives, and environmental conservation efforts, ensuring a harmonious balance between tourism, tradition and sustainability. The geopark celebrates the island&#39;s cultural diversity, showcasing the rich stories of its people through channels like Orang Langkawi, which highlights the unique lives and traditions of Langkawi&#39;s residents. Initiatives such as Kopi Puteh, where a couple crafts aromatic coffee using generational recipes, and Mahsuri Gold, a natural balm inspired by local folklore, demonstrate how tradition fuels modern entrepreneurship. Datai Valley’s virgin coconut oil showcases the use of natural remedies, while the &#39;Two Pie Craft&#39; initiative innovatively upcycles coconut husks into art. Educational programmes such as GeoMangrove and Geocoral invite participants to engage directly with conservation. The GeoMangrove programme, conducted in the Kilim mangrove sanctuary, teaches participants of all ages to plant mangrove seedlings, contributing to coastal ecosystem protection. The Geocoral programme, led by local experts, demonstrates how to establish coral breeding sites, fostering a deeper understanding of coral reef conservation. These initiatives are complemented by weekly Geosite Cleaning events, where participants clean geosites and learn their unique stories from Geopark Rangers, promoting both environmental care and cultural appreciation. To cultivate future generations of conservationists, the geopark has established GeoClubs in schools, offering students opportunities to learn about Langkawi’s unique heritage. The GeoTeacher (GeoCruise) programme equips educators with the tools and experiences needed to inspire their students about the geopark’s natural and cultural wonders.",“Rocks from the oldest continent: where geological wonder and legend meet”,ha,92000.0,94138,197.0,False,https://bioportalstprod.blob.core.windows.net/portal-media-public/GP/ASMY01/image/main/ASMY01_main.jpg,https://www.youtube.com/watch?v=UyVUPqP9H1U,https://www.langkawigeopark.com.my,"6.325, 99.795",https://www.unesco.org/en/iggp/langkawi-unesco-global-geopark
05e17863-b7da-5f58-af6d-2a02239caeb0,ASVN02,Dong Van Karst Plateau UNESCO Global Geopark,VN,2015-01-01,"Visit Quan Ba’s &quot;Heaven’s Gate&quot; for panoramic views over winding roads, mist-covered mountains, and lush valleys.Travel along the stunning Ma Pi Leng Pass, rising to 1,200 metres, and admire sweeping vistas of deep canyons, dramatic limestone peaks, and the winding Nho Que River.Explore Dong Van in bloom&#58; from October to November, the hillsides and rice terraces burst into pinkish-white buckwheat flowers, and from January to February, peach and plum blossoms transform the landscape into a romantic spectacle.","Dong Van Karst Plateau UNESCO Global Geopark is located in Ha Giang, Viet Nam’s northernmost mountainous province. Dominated by limestone formations (approximately 60%), the region features dramatic landscapes of towering peaks, deep canyons, and extensive karst systems. Its geological history spans more than 550 million years, beginning in the Cambrian period, and includes evidence from two major extinction events: the Frasnian–Famennian (around 360 million years ago) and the Permian–Triassic (around 250 million years ago). The geopark contains sedimentary, igneous, and metamorphic rocks, offering significant stratigraphic and paleontological value. Fossil discoveries include ancient fish, flora, brachiopods, bivalves, trilobites, foraminifera, corals, conodonts, crinoids, and fossilised mollusc traces. Key geological features include the Tu San canyon, one of Southeast Asia’s deepest canyons at 700–800 m, and Mieu Vac Mount, the highest peak at 1,971 m. Two protected conservation areas within the geopark safeguard rare flora and fauna, including conifer species, Asian black bears, Southern serows (mountain goats), and diverse birdlife. Notably, the critically endangered Tonkin snub-nosed monkey—once thought extinct—was rediscovered here in the 1990s.","Dong Van Karst Plateau UNESCO Global Geopark is home to 17 ethnic groups, including the Mong, Lo Lo, Pu Mong, Co Lao, Bo Y, Dao, and Tay—some of whom have lived in the region for 500 to 800 years. Over 60% of the geopark’s population belong to the Mong ethnic group, the largest Mong community being in Viet Nam. These communities actively preserve their cultural identity through language, traditional customs, crafts, and festivals. Folk literature and performing arts continue to flourish. Mong oral traditions include folk songs, fairy tales, riddles, and proverbs, while Tay cultural expressions include lullabies and stories such as the “Legend of the Flute.” Traditional musical practices—such as the Art of Leaf-Blowing, Lip-Blowing, and flute playing—form a key part of intangible heritage. These expressions are supported by education and sustainable tourism programmes that promote cultural pride and strengthen local livelihoods. Cultural landmarks include the Vuong Family’s Palace in Sa Phin commune, constructed from green stone, Po mu wood, and terracotta tiles. Its carved motifs—dragons, phoenixes, and bats—symbolise royalty and prosperity. Dong Van Ancient Quarter, with around 40 preserved houses dating back to 1890, showcases a distinctive architectural complex combining traditional market spaces with residential areas, reflecting ethnic identity and local interpretations of feng shui.","“About 200 Tonkin snub-nosed monkeys live in the Geopark, the only place in the world where one can still find them”",ha,234500.0,323842,119.0,False,https://bioportalstprod.blob.core.windows.net/portal-media-public/GP/ASVN02/image/main/ASVN02_main.jpg,,http://dongvangeopark.com/?lang=en,"23.125, 105.198",https://www.unesco.org/en/iggp/dong-van-karst-plateau-unesco-global-geopark
a8914ba9-1bdd-59ec-9156-fb004fec9bb7,EUFI04,Salpausselkä UNESCO Global Geopark,FI,2022-01-01,"Immerse yourself in Salpausselkä's rich history, with over 220 Stone Age settlement sites, including the significant Ristola site dating back 10,500 years.Kapatuosia hillfort, located in the historic centre of Hollola, is a nationally significant archaeological site. Once an island, the hill dates back approximately 8,000 years.Discover local traditions and stories through cultural events like the Hollo &amp; Martta International Folklore Festival, which celebrates music, dance and the legend of the giants of Hollola.","The most prominent geological features of the Salpausselkä UNESCO Global Geopark, are the Salpausselkä ridges, which extend across southern Finland for more than 600 kilometres. These formations—composed of sand and gravel—were deposited by glacial meltwaters at the edge of retreating ice sheets during the Younger Dryas period, a cold phase that occurred roughly 12,900 to 11,600 years ago. The ridges interrupted the warming of the Northern Hemisphere and marked the end of the Pleistocene Epoch. Today, they remain among Finland’s most studied and recognised geological features. To the north of the ridges lies a dense network of lakes, including Lake Päijänne, Finland’s second largest lake. The region also includes internationally significant eskers including Kelvenne Island and Pulkkilanharju in Päijänne National Park. These narrow, winding gravel ridges were formed by meltwater rivers flowing within and beneath the glaciers. The name Salpausselkä comes from the Finnish word meaning &quot;to block,&quot; reflecting how these ridges shape the landscape and water systems of the Finnish Lakeland. Formed by retreating glaciers, these glaciofluvial landforms not only define the landscape but also play a vital role in water supply. The porous structure of the ridges acts as a natural reservoir, filtering and storing high-quality groundwater that serves as a clean and sustainable source of drinking water for the region. Another key geosite of international value is Pirunkirkko, or the “Devil’s Church.” This steep, smooth cliff was shaped by ice movement along a fracture in the 1,632–1,643 million-year-old Ahvenisto rapakivi granite pluton. The term rapakivi was first introduced by Finnish geologist J.J. Sederholm in 1891, and today designates a granite type known internationally. The Pirunkirkko cliff, 40 metres wide, sits in the Paistjärvi nature reserve in Heinola and can be reached via a four-kilometre hiking trail.","Salpausselkä UNESCO Global Geopark is home to a rich cultural heritage that is closely tied to its geological features. The area includes numerous Iron Age settlements, providing valuable insight into past human activity. Stories and legends tied to geological landmarks are also part of the region’s cultural fabric. In Hollola, a local legend tells of two giants, Martta and Jalle, whose tale of love and heartbreak is linked to the construction of the medieval church. This legend lives on in the Hollo &amp; Martta International Folklore Festival, an annual celebration of folk music and dance that keeps local traditions alive. Local identity is strongly influenced by natural features, as seen in the region’s coat of arms, which features Vellamo—a mythological water spirit—symbolising the lakes and winding ridges of Salpausselkä. The provincial song, The Land of the Green Ridges, celebrates the same geological landmarks in both name and lyrics. Pure water, a defining feature of the geopark, plays a vital role in preserving traditional practices such as sahti brewing. Sahti, a traditional Finnish beer, is considered one of the oldest surviving beer traditions in Europe and represents a living expression of intangible heritage tied to the landscape and its resources.",,ha,450600.0,176536,39.0,False,https://bioportalstprod.blob.core.windows.net/portal-media-public/GP/EUFI04/image/main/Salpausselk%C3%A4_Geopark_2pg.jpg,,https://visitlahti.fi/salpausselka-geopark/,"61.266, 25.669",https://www.unesco.org/en/iggp/salpausselka-unesco-global-geopark
5997174a-0bab-5cb3-9be2-d2662f0bc38f,EUA201,Muskauer Faltenbogen / Łuk Mużakowa UNESCO Global Geopark,"DE,PL",2015-01-01,"Ride the Waldeisenbahn Muskau, a historic narrow-gauge railway that winds through forests and villages, offering scenic journeys and seasonal events.Explore Babina Grube, a former lignite mine transformed into a nature reserve and geosite showcasing the area’s geology and post-mining ecology.Visit Teufelsstein, a glacial boulder linked to local legend, said to have been hurled by the devil at the church in Bad Muskau.","Muskauer Faltenbogen / Łuk Mużakowa UNESCO Global Geopark is a transnational German-Polish territory located between Berlin, Dresden and Zielona Góra. Its central geological feature is the Muskau Arch, one of Europe’s most striking push moraines, formed during the oldest of the three European ice ages approximately 340,000 years ago. The advancing glacier compressed the subsoil to depths of around 300 metres and deformed horizontal layers of sand, gravel, clay and lignite from the Tertiary period. These unconsolidated deposits were pushed upwards to form a terminal moraine rising up to 150 metres above the surrounding terrain. During the most recent ice age, meltwater reshaped the landscape further, carving a valley 30 metres deep with meanders and terraces. The geopark also contains features such as dunes, cold iron-sulphate-mineral springs, and visible lignite deposits that reflect its glacial and post-glacial history.","Muskauer Faltenbogen / Łuk Mużakowa UNESCO Global Geopark celebrates cooperation and the rich local identity of the border territory between Germany and Poland. The historical glass industry dates back to the 16th century, when the first glassworks were established using local sand and wood resources. It flourished in the 18th and 19th centuries, producing a wide range of glassware including bottles, jars, glasses and vases. These products were traded beyond the region and contributed to the artistic and craft traditions that continue to shape the cultural identity of the area. Lignite mining is another key element of the geopark’s cultural heritage, reflecting both the economic development of the region and its impact on the landscape. In the 19th and 20th centuries, mining operations exploited rich brown coal deposits formed during the Tertiary period. Former mining areas have since been transformed into nature reserves, scenic lakes, and interpretive sites, linking geological heritage with community revitalisation and ecological restoration. Rich cultural practices include the preservation and celebration of the Sorbian language, folk music, dances, and Easter egg painting. Local cuisine and traditional products also reflect the culinary heritage of the region, including Muskauer butter cake, Lusatian fish soup, smoked eel, local honey and jams, and herbal teas.",“A landscape shaped by warm and cold climates”,ha,57880.0,60000,138.0,True,https://bioportalstprod.blob.core.windows.net/portal-media-public/GP/EUA201/image/main/EUA201_main.jpg,https://www.youtube.com/watch?v=oSh_AbOgnH8,http://www.muskauer-faltenbogen.de/,"51.566, 14.683",https://www.unesco.org/en/iggp/muskauer-faltenbogen/luk-muzakowa-unesco-global-geopark
6a8d57fb-b8ba-586b-bcf9-5d2aaeb3e90e,EUDE04,TERRA.vita UNESCO Global Geopark,DE,2015-01-01,"Explore over 300 million years of geological history, with exceptional fossil records ranging from giant Carboniferous insects to ammonites, reptiles, and dinosaur footprints.Hike the expansive woodlands of the Teutoburg and Wiehen Hills, shaped by tectonics, glaciation, and centuries of cultural interaction with the land.Visit the Varus Museum at Kalkriese, near the site of the Battle of the Teutoburg Forest (9 AD), where Germanic tribes halted Roman expansion—an iconic moment linking natural and human history.","Located in northwestern Germany, the TERRA.vita UNESCO Global Geopark spans the wooded Teutoburg Forest, the Wiehen Hills, and the glacially shaped Ankum Heights. The geopark’s geological story begins in the Carboniferous Period, over 320 million years ago, when the region was part of extensive tropical wetlands. These swamp ecosystems later formed coal and shale beds that were mined for anthracite until the late 19th century. Exceptional plant fossils, giant arthropods, and early flying insects from this period are preserved at the Piesberg Cultural and Environmental Park, the Museum for Industrial Culture, and the museum at Schölerberg. The region continued to record changing environments through time. In the early Permian, around 290 million years ago, it became a restricted lagoon where early reptiles were preserved with rare anatomical detail, including scales and stomach contents. During the Jurassic Period, shallow coastal plains were frequented by dinosaurs. Today, visitors can explore the Dinosaur Track Site at Bad Essen-Barkhausen, an abandoned quarry containing more than 130 fossilised footprints of long-necked sauropods. In the Cretaceous, approximately 50 million years later, the area was submerged under a tropical sea, home to large ammonites. These fossils can be seen in the Heimathaus Borgholzhausen and the Natural History Museum in Bielefeld. The limestone deposits from this period remain visible along the southern slopes of the Teutoburg Forest, offering further insight into the dynamic geological history of the geopark.","The TERRA.vita UNESCO Global Geopark highlights the long-standing interaction between people and landscape. It is home to around 50 megalithic tombs dating back over 5,000 years and numerous burial mounds from the Iron Age, offering valuable insight into northern European prehistory. These archaeological remains include the Karlsteine, a rare megalithic tomb built from local quartzite, and are part of international initiatives such as the Megalithic Routes network. At Kalkriese, the site of the Battle of the Teutoburg Forest in 9 AD, visitors can explore Roman history at the Varus Museum, including the discovery of the only complete Roman segmented armour ever found. Cross-border heritage collaboration is also present in the 326-kilometre Hünenweg trail, developed jointly with De Hondsrug UNESCO Global Geopark in the Netherlands, following a myth-laden route once thought to be created by giants. The region’s agricultural landscape is marked by Plaggen soils, formed through centuries of sod farming. Practised from the 12th to 20th centuries, this method of transporting fertilised turf created distinctive terraced farmland, which today remains ecologically and historically significant. TERRA.vita has raised awareness of this cultural legacy by opening a dedicated Plaggen Soil Information Centre in 2022. TERRA.vita also documents and promotes living traditions. The geopark’s intangible heritage includes practices such as indigo dyeing (Blaudruck), falconry, organ craftsmanship, and the Swabian-Alemannic carnival. Local craftspeople, artists, and associations are featured through profiles and videos on the geopark’s website, supported by an interactive cultural map.",“The rocks of TERRA.vita tell magnificent stories”,ha,156000.0,350000,224.0,False,https://bioportalstprod.blob.core.windows.net/portal-media-public/GP/EUDE04/image/main/EUDE04_main.jpg,https://www.youtube.com/watch?v=3t1LUW7czZ4,http://www.geopark-terravita.de/,"52.331, 8.199",https://www.unesco.org/en/iggp/terravita-unesco-global-geopark
6a4a6523-d68e-590d-be8b-473c1f25cea1,EUES02,Cabo de Gata-Níjar UNESCO Global Geopark,ES,2015-01-01,"Playa de los Muertos, Playa de Monsul, and Playa de los Genoveses are just a few of the many beaches that attract visitors with their crystal-clear waters and picturesque surroundings.La Isleta del Moro is a volcanic formation that rises from the sea, offering panoramic views of the surroundings.The region is fertile with charming coastal villages, such as San José and Las Negras.","Sitting near the boundary between the European and African tectonic plates, Cabo de Gata-Níjar UNESCO Global Geopark is one of the few sub-desert areas in Europe and was the first maritime and terrestrial Protected Area in Andalusia. The exceptional weathering conditions and sub-desert dwarf vegetation allow visitors to appreciate geological features such as domes, lava flows, columnar jointing, alluvial fans, coastal cliffs, dykes, and fossilised reef structures. The geopark encompasses two distinct geological units: the Sierra de Cabo de Gata and the Bay of Almería, each shaped by different geological processes. The Cabo de Gata Volcanic Complex is part of a larger submerged area beneath the Alboran Sea, which formed 13–14 million years ago. Magma ascended through the crust, creating numerous submarine volcanic structures, influenced by the Carboneras Fault, a major tectonic fault resulting from the collision between the African and European plates. Over time, an archipelago of islands, volcanic domes, and coral reefs developed in a subtropical climate, leaving behind fossil reefs, dunes, and volcanic deposits that provide evidence of past Mediterranean climate changes. The Bay of Almería preserves a geological record spanning 200,000 years, offering valuable insights into environmental history and the ongoing processes that continue to shape the landscape today. The geopark hosts diverse ecosystems, with salt flats playing a key role as habitats for waders, ducks, herons, flamingos, and gulls. These wetlands are not only home to resident bird species but also serve as important migratory stopovers for birds travelling between northern Europe and Africa. Along river margins, species such as the Little Plover (Charadrius dubius), Cetti’s warbler (Cettia cetti), and reed warbler (Acrocephalus scirpaceus) nest among the vegetation. Amphibians and reptiles, including the viperine snake (Natrix maura) and the Caspian turtle (Mauremys caspica), also depend on these wetlands, making them crucial watering holes for the region’s vertebrate wildlife.","Cabo de Gata-Níjar UNESCO Global Geopark has a long history of human settlement shaped by its arid climate and coastal environment. The region has preserved a rich cultural heritage through traditional practices such as dry-stone wall construction, recognised by UNESCO as intangible heritage in 2019. These walls have played a crucial role in preventing landslides, creating agricultural terraces, and maximising the use of limited rainfall. Due to the scarcity of fertile soil, ancient settlers devised systems of windmills, water wheels, wells, and cisterns for the extraction and storage of water. These structures, along with coastal defence towers and medieval mining settlements, are key features in the cultural landscape of the geopark. Artisanal fishing remains a significant economic activity in the geopark, with fishermen’s associations such as Pescartes working to preserve traditional knowledge. This practice is largely concentrated in the villages of San Miguel de Cabo de Gata and La Isleta del Moro, where small-scale fisheries continue to operate within the protected marine area. Agriculture has also shaped the landscape, with traditional cortijos (farmhouses) and auxiliary structures such as stables, haystacks, and irrigation systems reflecting centuries of adaptation to the environment. Although many are now abandoned, they remain important cultural testimonies to the region’s agro-silvo-pastoral traditions. The geopark actively promotes sustainable tourism and geotourism initiatives, such as guided tours of historical sites, including the Valley of Prehistory project, which explores the evolution of human settlement in the area over the past 200,000 years. Research and conservation projects, such as the protection of archaeological sites like the Roman salting factory at Torregarcía Beach, further integrate cultural heritage into geopark activities.",“One of the best territories to under-stand recent climate change processes in Europe”,ha,49512.0,4363,9.0,False,https://bioportalstprod.blob.core.windows.net/portal-media-public/GP/EUES02/image/main/EUES02_main.jpg,https://www.youtube.com/watch?v=ROje6-CkgYc,http://www.juntadeandalucia.es/medioambiente/cabodegata-nijargeopark,"36.872, -2.08",https://www.unesco.org/en/iggp/cabo-de-gata-nijar-unesco-global-geopark
0b5d5ba7-d0e3-5f0f-9a34-8f2ec17c66c3,EUES15,Courel Mountains UNESCO Global Geopark,ES,2019-01-01,"The geopark is on the Camino de Santiago route, on the way to Santiago de Compostela.Several important archaeological sites, including the Castros de Viladonga, a fortified settlement that dates to the Iron Age, are well worth a visit.","The Courel Mountains, in the quiet northwest corner of Spain, are home to tranquil forests and Galician communities living among the remains of medieval villages. This mountain range, part of the Iberian Massif, is characterised by high peaks and deep river valleys. The geopark includes several notable geosites, such as the Ferreira de Pantón Geological Interpretation Centre, which introduces visitors to the region’s geology; the Cova do Rei Cintolo, a cave system containing some of the oldest rock formations in Galicia; and the Fervenza do Belesar, a prominent waterfall. For researchers and geo-tourists, the mountains provide an ideal setting to observe Earth’s geological history, particularly from the Lower and Middle Palaeozoic era, and to a lesser extent, from the end of the Tertiary and the Quaternary periods. The region is shaped by its rivers which have carved deep valleys and canyons through ongoing erosion. Some of the highest summits in the area also display clear evidence of glacial modelling. The area is rich in vegetation, including a variety of oak, beech, yew, alder, and chestnut trees. Ecologically, it is one of the most diverse regions of the northwest Iberian Peninsula.","The Courel Mountains UNESCO Global Geopark, in Galicia, nested in one of the mountain ranges of the Iberian Massif, bears witness to one of the greatest endeavours of European history, the expansion of the Roman Empire. This territory was once so rich in gold that between the 1st and 2nd centuries AD the Roman Empire had more than one hundred mining sites, a wealth due to the ancient Paleozoic (541–252 million years ago) rocks which the rivers Lor, Louzara, Quiroga, Soldón and Selmo carved into deep valleys and canyons. The geopark is home to a rich cultural heritage that continues to shape the identity of local communities. Many villages retain their traditional architecture, with fine-grained slate—quarried locally since the Neolithic period—used extensively for roofing and construction. The art of dry-stone walling, recognised as intangible cultural heritage by UNESCO, remains a significant feature of the built landscape. Despite ongoing depopulation, the region preserves unique traditions and practices. The local language, Galician, is widely spoken and used in place names, publications, and signage, reinforcing cultural identity. Historic settlements include pre-Roman and Roman castros, as well as ancient villages with distinctive thatched-roof pallozas. Geotourism has become an important means of promoting the region’s geoheritage, biodiversity, and cultural legacy. The geopark works with local geotourism companies to offer hiking routes, visits to ethnographic sites, and guided tours of Roman hillforts and gold mines. The Palaeozoic Village Route highlights traditional dry-stone architecture, connecting geological and cultural heritage. Local product exhibitions and wine tourism initiatives, such as those by Atrium Vitis, showcase the connection between the region’s geodiversity and agricultural practices. With a growing network of interpretive centres and hiking trails, the Courel Mountains UNESCO Global Geopark continues to support sustainable tourism, helping local communities preserve their heritage while fostering economic opportunities.","“Courel Mountains, a Very Human Geology”",ha,57800.0,5407,9.0,False,https://bioportalstprod.blob.core.windows.net/portal-media-public/GP/EUES15/image/main/EUES15_main.jpg,,,"42.521, -7.211",https://www.unesco.org/en/iggp/courel-mountains-unesco-global-geopark
075781f5-85db-51ff-b2ae-cb240e4e548b,EUES04,Orígens UNESCO Global Geopark,ES,2018-01-01,"Explore Mur Castle, a medieval fortress set atop a nearly 900-metre hill, offering panoramic views and rich history, from knightly legends to ancient frescoes.Visit Gerri de la Sal, one of the few places in Catalonia where salt is produced without seawater. Learn how this is possible and discover its historic salt warehouse turned museum.Traverse the Mont-rebei Gorge, Catalonia’s most impressive gorge, with 500-metre limestone cliffs, a river route, and a dramatic rock-carved hiking trail.","Orígens UNESCO Global Geopark is located in the northeast of Spain, on the southern slopes of the Catalan Pyrenees in Catalonia, 200 km from Barcelona. Discover a territory where the last dinosaurs of Europe once roamed. The landscape is defined by east–west-oriented mountain ranges and basins, containing a geological record spanning 550 million years. Fossils of vertebrates, invertebrates, and plants provide insights into the evolution of life in this area, with the geopark featuring the oldest rocks in the Axial Pyrenean zone and preserving Upper Cretaceous outcrops with dinosaur remains. Renowned as a natural laboratory for palaeontology and tectonics, it also boasts significant natural and cultural heritage, including astronomy and archaeological sites. The geopark is home to several internationally significant geological sites, including the Collegats and Mont-rebei Gorges, which reveal the formation of the Pyrenees, and the Abella Anticline Global Geosite. The Ilerdian Stratotype, one of the best-known marine stages in Europe, and the Eocene intertidal deposits in La Baronia provide further insight into the region’s geological history. The Paleogene mammal fossil record at the Claret and Fontllonga geosites adds to the wealth of palaeontological heritage. Conservation of these sites is a priority; signage at key locations ensures that geologists understand the restrictions on sample collection and directs them to contact the geopark’s scientific team for further research collaboration.","Orígens UNESCO Global Geopark actively integrates cultural heritage, traditional practices, and local enterprises into its development strategies. The geopark promotes its rich cultural heritage, which spans from prehistoric cave paintings to modern hydroelectric power stations, through guided tours, interpretative panels, and partnerships with local stakeholders. Two sites—Balma de les Ovelles and La Cova del Tabac—are designated as World Heritage sites for their prehistoric rock art, with access now limited to guided visits to ensure preservation. The economy of this rural area is primarily based on the service sector, though agriculture and livestock farming remain important, accounting for over 10% of employment. The region is known for the planting of vines under the &quot;Costers del Segre&quot; Designation of Origin, and for efforts to recover ancient local breeds such as the Xisqueta sheep. Various initiatives related to sustainable rural development have been implemented for over a decade, including projects that integrate agriculture with sustainable tourism. Educational programmes engage both residents and visitors, ensuring knowledge transfer and community participation. Programmes such as Investigadeu bring research into schools, while initiatives like What is the Geopark? introduce children to geological and cultural heritage through interactive activities, including escape rooms. Geotourism is a key component of the geopark’s sustainable economic development plan. Since 2019, a partnership strategy has been in place to develop geotourism products, train guides, and promote local businesses through programmes such as &quot;Enjoy the Geopark&quot; and the Lleida wine route. These initiatives help strengthen the connection between geological heritage and local enterprises, fostering economic resilience in the region.",“Discover the origins of this territory where the last dinosaurs of Europe lived”,ha,204000.0,15759,8.0,False,,https://www.youtube.com/watch?v=VXFWKHcG510,http://www.projectegeoparctrempmontsec.com/en/,"42.178, 0.971",https://www.unesco.org/en/iggp/origens-unesco-global-geopark
e354ee93-530c-5c07-97f5-d5bf8266431a,EUES06,Granada UNESCO Global Geopark,ES,2020-01-01,"The Estación Paleontológica del Valle del Río Fardes is a significant hub for the study and preservation of fossil remains, providing valuable insights into the ancient flora and fauna that once thrived in the region.The Sismitas de Galera are distinctive sedimentary structures formed by seismic activity, offering a glimpse into the powerful forces that have shaped the Earth's crust over millions of years.","Located in the heart of the largest and most extensive steppe plateau in Andalusia, Granada UNESCO Global Geopark represents one of the most ancient elements of the Iberian Peninsula’s landscape, offering a treasure trove of information for researchers studying the Mediterranean basin and its evolutionary processes. The geopark’s landscape has been shaped by the formation of valleys through river erosion over the last half million years, creating a striking geomorphological setting. Between approximately 5 million and 0.5 million years ago, this region lacked an outlet to the sea, leading to the accumulation of Quaternary continental sediments, which hold exceptional palaeontological deposits of vertebrates, including over 150 identified sites from the Early Pleistocene. Mesozoic and Tertiary geological history is also visible in the geopark, showcasing key evolutionary processes of the Iberian Peninsula. Active faults within the region highlight more recent geological deformations of the Betic Range, including the presence of seismites—rare sedimentary structures formed by ancient earthquakes—which are among the best examples known worldwide. One of the notable geosites within the Granada Geopark is the Badlands de Gorafe, particularly the Don Diego Viewpoint. This geosite offers a panoramic view of unique geological formations sculpted by erosion, creating a visually stunning landscape of rugged and intricate patterns.","The geopark is a strong example of the relationship between people and their culture, landscape, and geology. A unique element is the development of original dwellings dug out of the earth, inhabited for centuries. Cave-house architecture has been continuously used for generations. The gullied landscape, composed of soft clays and marls interspersed with limestone and cemented conglomerates, enabled communities to excavate cave dwellings into the valley slopes. These bioclimatic homes maintain a stable temperature year-round, making them a sustainable and resilient form of housing. Today, they contribute to a cave-dwelling landscape of international significance. Traditional trades remain an essential part of local identity. Craftsmanship, closely tied to the region’s geological resources, has been preserved in towns like Guadix and Purullena, where ceramic production is linked to the area&#39;s high-quality clay deposits. The craft of esparto grass weaving, once a major industry, is showcased in ecomuseums such as those in Castilléjar and Puebla de Don Fadrique, where visitors can learn about historical trades. The food culture of the geopark is another key aspect of local life. Interpretation centres, such as Trópolis in Valle del Zalabí, hold craft workshops where visitors can participate in cheese-making in caves and bread-making traditions. Local gastronomy highlights Segureño lamb, cold meats, olive oil, and regional wines, reinforcing the connection between food production and the territory’s natural resources.",,ha,472200.0,99929,21.0,False,https://bioportalstprod.blob.core.windows.net/portal-media-public/GP/EUES06/image/main/EUES06_main.jpg,,,"37.601, -2.794",https://www.unesco.org/en/iggp/granada-unesco-global-geopark
b0bfc548-c64f-5533-8b01-4f425d49cc05,EUES07,Lanzarote and Chinijo Islands UNESCO Global Geopark,ES,2015-01-01,"Discover stunning beaches such as Playa Blanca and Papagayo, with their pristine sands and crystal-clear waters.Visit the Jameos del Agua, a breathtaking underground cave system transformed into an artistic and cultural space by renowned architect César Manrique.Explore the vibrant town of Teguise, known for its historic charm and Sunday market, where visitors can enjoy local cuisine featuring fresh seafood and traditional Canarian dishes.","Located in the northeast of the Canary Islands and separated by a strip of sea about 100 km from the northwest edge of the African continent, the island of Lanzarote is known as the Island of Volcanoes. Its barren, dark land lends it an aura of science fiction. The island has a morphology with a large central oval and two appendices (north and south), which are called Famara and Los Ajaches, respectively. The Chinijo Archipelago (meaning &quot;small&quot; in reference to its mini-archipelago status) is located north of Lanzarote and comprises La Graciosa (separated by the shallow Río Strait and the only inhabited island), Montaña Clara, Roque del Infierno or del Oeste, Alegranza, and Roque del Este. This archipelago constitutes the largest marine reserve in the European Union, spanning 700 km². The islands emerged approximately 15 million years ago, and since then, there have been periods of eruptions accompanied by erosive stages, culminating in a remarkable landscape teeming with striking contrasts. Among the nearly seventy geosites, the most significant is Timanfaya, home to numerous volcanic structures and one of the largest historic lava fields in the world. This geological wonder was formed during the volcanic eruption that occurred between 1730 and 1736, which lasted for six years. Characterised by fissural and basaltic activity, the eruption not only left a lasting impact on the island&#39;s landscape but also contributed to its growth, expanding it by a quarter. Another prominent geosite within the Lanzarote UNESCO Global Geopark is the La Corona Lava Tube, a 7.6 km structure featuring various access points known as &quot;jameos.&quot; Unlike other lava tubes around the world, La Corona’s last 1.6 kilometres are submerged, making it the longest submerged volcanic tube on the planet. Exploring this unique geological formation provides visitors with a glimpse into the island&#39;s volcanic past and showcases the forces of nature that have shaped the landscape over time. Lanzarote and Chinijo Islands UNESCO Global Geopark is not limited to the island of Lanzarote alone. It encompasses the neighbouring islets and the abrasion platform surrounding them, creating a comprehensive geological showcase. The inclusion of the entire archipelago provides continuity and extends the geodiversity of the geopark, offering visitors a complete understanding of the region’s geological features.","Spanning the entire island of Lanzarote, as well as the neighbouring islets La Graciosa, Montaña Clara, Roque del Este, Roque del Oeste, and Alegranza, collectively known as the &quot;Chinijo Island,&quot; Lanzarote and Chinijo Islands UNESCO Global Geopark is a remarkable destination that showcases the geological wonders of the Canary Islands. The geopark reflects a deep connection between its geological landscape and the cultural identity of its communities. Agriculture in the geopark has adapted to extreme environmental conditions, with jable and lapilli farming serving as key traditional dry cultivation methods. These techniques allow farmers to retain soil moisture and prevent erosion, making efficient use of the island’s porous volcanic soils. The geopark promotes the preservation and transmission of this agricultural knowledge through guided interpretation routes led by experts. Additionally, two documentary films have been produced to honour the wisdom of elders who have sustained these practices for generations, with public screenings followed by debates to encourage community engagement. Salt production has long been a fundamental part of the local economy and continues to be a significant cultural practice. The Salinas Bajo el Risco, the oldest saltworks in the Canary Islands, played a critical role in food preservation and trade. However, storms and neglect led to their deterioration. The geopark is actively working on a rehabilitation project to restore these salt flats, ensuring their cultural and economic relevance for future generations.","“Lanzarote is pure geology, underwater and moon-like landscapes, pristine water, thirsty land, palm-tree oasis, harmony between men and nature.”",ha,250000.0,156189,57.0,False,https://bioportalstprod.blob.core.windows.net/portal-media-public/GP/EUES07/image/main/EUES07_main.jpg,https://www.youtube.com/watch?v=05vhA3wDfDU,http://www.geoparquelanzarote.org/en/,"29.136, -13.597",https://www.unesco.org/en/iggp/lanzarote-and-chinijo-islands-unesco-global-geopark
0d6f391b-f452-57cc-8bba-6560fa9aa068,EUES14,Villuercas-Ibores-Jara UNESCO Global Geopark,ES,2015-01-01,"Throughout the geopark, faults and folds leave their mark, appearing in various geosites such as Cancho de las Narices and Apreturas del Almonte, inviting exploration and contemplation.The Constanza Mine stands as a poignant reminder of the geopark's industrial past, once serving as a significant phosphorite mine in Logrosán, now bearing testament to the rich history of human endeavours.","In the southeastern province of Cáceres, the Villuercas Ibores Jara UNESCO Global Geopark spans an area of 2,544 square kilometres, nestled between the basins of the Tajo and Guadiana rivers. At its highest point stands the Risco de La Villuerca, reaching 1,601 metres. From this vantage point, visitors can view mountain ranges, valleys, undulating plains known as rañas, and the town of Guadalupe, home to the Royal Monastery—a UNESCO World Heritage Site. The Villuercas Ibores Jara UNESCO Global Geopark’s geological record spans from the Ediacaran (635 million years ago) to the Silurian (443–419 million years ago), with Neogene and Quaternary deposits marking the more recent chapters. Situated within the fluvial network and Appalachian landscapes of the Iberian Massif, the geopark contains remnants of ancient Ediacaran deposits, characterised by shales and greywackes imprinted with primitive fossils. Most of the geopark’s strata, however, originates from the Ordovician period (485–443 million years ago), preserving structures formed during the Variscan orogeny. Among these features, the Crag of La Villuerca is both a geological itinerary and a geosite, offering panoramic views of the characteristic Appalachian relief. It is a site of geological, palaeontological, educational, and touristic value, providing insight into the formation of the supercontinent Pangea. The Cave of Castañar de Ibor, though small in size, contains an exceptional diversity of speleothems. Visits are by reservation only to ensure conservation. Cabañas Castle, another notable site within the geopark, reveals the striking Armorican Quartzite outcrop and offers a view over the Santa Lucía syncline. It reflects the region’s geological heritage and is of significant scientific interest.","At the heart of the geopark&#39;s cultural heritage is the Royal Monastery of Saint Mary of Guadalupe, a UNESCO World Heritage Site since 1983. The monastery, in excellent restored condition, remains a major religious and cultural landmark, attracting visitors and playing a key role in the valorisation of historical pilgrimage routes within the geopark. Cultural sites are incorporated into hiking routes, bringing visibility to locations such as the historical Logrosán Phosphorite Mine and Berzocana’s Chalcolithic shelters with rock paintings. The geopark also protects intangible heritage, which includes legends, traditional music, folk dance, and historical celebrations deeply rooted in local culture. One of the most significant traditions is the Folk Dances of Villuercas-Ibores-Jara, which have been performed for generations and remain a key element of local festivals and celebrations. Additionally, the geopark safeguards oral traditions and legends, such as the stories of Silvan and Roldán, mythical characters tied to the geological landscape and history of the region. Sustainable tourism plays a key role in supporting local businesses and raising awareness of geological and cultural heritage. The Visitor Centre in Cañamero serves as a hub for tourism, while additional thematic centres, such as the historic Cañamero Phosphorite Mine, the Fossil Interpretative Route in Navaterrina, and the Carnaval of Souls Interpretative Centre in Villar del Pedroso, enrich visitor experiences by integrating scientific knowledge with cultural storytelling. A recent project in the geopark has restored the access road leading to Villuercas Peak, the highest point in the geopark at 1,601 metres. Recognising its significance for geotourism and geological heritage, the initiative improved the 11 km ascent, creating scenic viewpoints and interpretive stops along the route. Visitors can now explore key geological highlights, including Vendotaenid fossils from the Ediacaran period, the Rheic Ocean Outcrop, and the Appalachian Viewpoint, a prime location for understanding the geopark’s geomorphology. Since its reopening, Villuercas Peak has become the most visited site in the geopark, with geotourism companies offering guided tours that enhance public appreciation of its exceptional geological heritage.",“Landscapes that treasure a memory of hundreds of millions of years”,ha,254440.0,12577,6.0,False,https://bioportalstprod.blob.core.windows.net/portal-media-public/GP/EUES14/image/main/EUES14_main.jpg,https://www.youtube.com/watch?v=7TJjey-Zcyc,http://www.geoparquevilluercas.es/?lang=en,"39.494, -5.367",https://www.unesco.org/en/iggp/villuercas-ibores-jara-unesco-global-geopark
5b2a5252-dbc4-5246-8b13-84fb4e5cf8ae,EUFI03,Saimaa UNESCO Global Geopark,FI,2021-01-01,"The Puumala Art Path combines art and geology with eight checkpoints that reveal the geological stories behind landscape paintings.The Saimaa Geopark Visitor Centre, located in Imatra’s Culturehouse Virta, offers extensive information on the geology and developmental history of the Saimaa region.","Saimaa UNESCO Global Geopark preserves nearly two billion years of Earth’s history. The region’s bedrock formed around 1.9 billion years ago, when granites and other igneous rocks crystallised deep within the Earth’s crust. These ancient rapakivi granites, now exposed on the shores and at the bottom of Lake Saimaa, reflect the area’s long geological evolution. The most recent and visible geological transformations took place during the last Ice Age. As glaciers advanced and retreated, they carved out a complex basin that now holds Lake Saimaa and its surrounding water systems. One of the most striking glacial formations is the Salpausselkä ridge system—a vast terminal moraine formed between 12,000 and 10,400 years ago. Stretching nearly 500 kilometres and reaching up to 80 metres in height, the ridges helped shape the region’s lake system by trapping meltwater, creating the distinctive waterlogged landscape seen today. Lake Saimaa is the dominant natural feature of the geopark. Covering approximately 1,377 square kilometres, it is the fourth largest natural freshwater lake in Europe and one of the largest in the world. The lake’s labyrinthine basin contains 13,710 islands and more shoreline per square kilometre than anywhere else in the world—about 14,500 kilometres in total. In some areas, the lake is so clean that locals still drink directly from its waters. Where the lake gives way to land, it is bordered by pristine taiga forest, home to pine, spruce and larch trees that display brilliant colours during ruska, the vibrant autumn transition. The Saimaa ringed seal, one of the few freshwater seals in the world, lives in these waters. Isolated since the last glacial period, the species has evolved into a distinct subspecies. With only around 430 seals remaining, it is one of the most endangered seals globally and the focus of national conservation efforts.","The shores of Lake Saimaa have attracted human settlement for thousands of years. One of the most remarkable archaeological sites in the region is Astuvansalmi, where 65 rock paintings depicting human and animal figures, handprints, and hunting scenes date back to 3000–2500 BC. This is the largest known collection of rock paintings in Northern Europe and offers insight into the early interaction between people and their environment. Intangible heritage is present in the region’s music, dance, handicrafts, and food traditions. There are notable cultural differences between the Savonian north and Karelian south of the geopark, visible in dialect, cuisine, and customs. Both Savonian and Karelian dialects and traditions are recognised and valued by local communities. Lake Saimaa itself has played a central role in shaping local traditions. The Nordic clinker boat building tradition, recognised on the UNESCO List of Intangible Cultural Heritage, is one example of Saimaa’s importance as a waterway over millennia. Finland’s sauna culture—also listed as Intangible Cultural Heritage—remain widely practiced, with tens of thousands of saunas still in use along the lake’s shores.",,ha,606300.0,149000,30.0,False,https://bioportalstprod.blob.core.windows.net/portal-media-public/GP/EUFI03/image/main/EUFI03_main.jpg,,,"61.434, 28.057",https://www.unesco.org/en/iggp/saimaa-unesco-global-geopark
8bb083d5-080f-5f33-b263-955edd1081da,EUFR01,Beaujolais UNESCO Global Geopark,FR,2018-01-01,"Explore the “Tour des Pierres Dorées,” a major hiking route across the Beaujolais UNESCO Global Geopark, with 12 marked circuits leading to key geosites.Experience the release of “Beaujolais nouveau,” a vin de primeur sold the same year it is harvested. Celebrated on the third Thursday of November, it is marked by festivals across the country and globally.","Beaujolais UNESCO Global Geopark is located in the Auvergne-Rhône-Alpes region in southeastern France. The Beaujolais is renowned worldwide for its wines and the territory benefits from an exceptional geological diversity that has been shaped over nearly 500 million years. Three types of topographical relief characterise the region: the Saône River plain at the eastern border, the gentle slopes where vines grow, interrupted by wood-covered valleys, and the mountains of Beaujolais extending throughout the west and reaching heights of over 1,000 meters at the regions borders. Located on the eastern edge of the Massif Central and in direct view of the Alps, the geopark enjoys a privileged geographical location in the heart of Europe and has a rich and complex geology. The igneous crystalline and metamorphic basement offers a comprehensive history of the evolution of the Hercynian orogenic belt, a series of mountain ranges developed during the Late Paleozoic era (350 to 290 million years ago) as a result of the collision between the supercontinents Gondwana and Euramerica. This period of the geological history of the Beaujolais is a remarkable testament of the geological processes that took place in the deep roots of the high mountain chain, which is of key importance to global paleogeographic history. The secondary sedimentary series cover a timespan of nearly 80 million years. Benefiting from a wide range of geological formations, the Beaujolais region has been the subject of numerous scientific studies, having addressed all major scientific topics of both fundamental and applied geology. The physical geography has led to the establishment of specific natural environments, such as moors, pastures and woods on acid or calcareous soils, bogs, altitude wetlands and peri-fluvial grasslands that are inhabited by a number of unique flora and fauna species.","The Beaujolais UNESCO Global Geopark is deeply shaped by its natural resources and cultural heritage, which continue to support local livelihoods and identity. The region’s plains and small valleys are well-suited to agriculture, most notably the production of Beaujolais wine. This wine, made for centuries from a single grape variety—Gamay—is closely tied to the region’s distinctive geological soils and remains central to its economy and international reputation. Mining also played a historical role in local development. At Chessy-les-Mines, copper was extracted from the Middle Ages until 1875. The site became internationally recognised for its azurite, known locally as “chessylite.” This deep-blue copper mineral is the type locality for azurite, where the mineral was first scientifically described. The region’s architecture and built heritage reflect its geology. Local stone varieties, shaped over hundreds of millions of years, were used in the construction of castles, churches, and traditional villages. These “villages of character” highlight the integration of natural and cultural heritage, while sites such as Mont Brouilly provide panoramic views and a sustainable setting to explore the region’s geology, history, and viticulture. Today, the geopark promotes ecotourism based on its landscapes, geology, and regional products. From forest paths to vineyard trails, the territory invites visitors to explore a region where local traditions, natural beauty, and geological heritage are closely intertwined. One of the most distinctive cultural traditions in the geopark is the annual celebration of “les conscrits.” Originating during the Second Empire, the tradition has evolved into a local commemoration of past military service. Each year, residents born in years ending in the same digit as the current year organise festivities that include parades, banquets, and church services.",“An identity sprung from the rocks that shape the natural and human landscape”,ha,158600.0,230000,142.0,False,https://bioportalstprod.blob.core.windows.net/portal-media-public/GP/EUFR01/image/main/EUFR01_main.jpg,https://www.youtube.com/watch?v=v423dvW6XkE,http://www.geopark-beaujolais.com/en/,"46.056, 4.532",https://www.unesco.org/en/iggp/beaujolais-unesco-global-geopark
8e1796ac-e381-5926-bcbc-1df65aef33f2,EUFR05,Luberon UNESCO Global Geopark,FR,2015-01-01,"The ancient Roman ruins of Oppède-le-Vieux and the medieval fortress of Buoux provide a glimpse into the region’s rich past.The Abbaye de Sénanque, a serene Cistercian monastery surrounded by lavender fields, offers a tranquil and spiritual retreat.The hilltop village of Bonnieux offers panoramic views of the surrounding countryside, while the village of Lourmarin captivates visitors with its Renaissance castle and vibrant arts scene.","Southeast France’s Provence region is known for its diverse landscapes, from the Southern Alps to the Camargue plains. Among rolling vineyards, olive groves and lavender fields, the Luberon UNESCO Global Geopark showcases the geodiversity of the area. The geopark is renowned for its fossiliferous deposits from the Oligocene period (33.9 to 23 million years ago), offering well-preserved animal and plant fossils. Thin platy limestone layers act as a window to the past, preserving species such as fish, leaves, insects, frogs, birds and tortoises. Other sites feature fossil bones of primitive mammals and footprints of rhinoceros, hyenas, goats, and birds, providing valuable insights into the region’s ancient biodiversity. The protected Ochre Massif stands out for its cliffs and gullies in hues ranging from dark red to golden yellow. The grey marl hills near Apt present another unusual geological formation, marking the stratotype of the Aptian stage, dated to 120 million years ago. Scientific studies and excavations are regularly carried out in the geopark in partnership with universities.","The exploitation of mineral resources (ochres, lignites, clays and limestones) has deeply marked the region and is attested by the presence of quarries and factories. The natural landscape, local architecture and human activities have shaped a strong regional culture and identity as can be seen in the dry-stone huts known as ‘bories’ and walls which are so typical of the park. Artisanal craftsmanship is present throughout the area in the form of ceramics, stained glass and wood turning.&nbsp; There is a wide range of cultural events to be enjoyed throughout the year, in particular, music festivals such as the Festival Durance Luberon and the Luberon Jazz Festival, as well as fairs organised around local products including figs, almonds, wine, cherries, lavender, olive oil and truffles.",“Footprints and fossil bones of primitive mammals are an important part of Luberon’s geoheritage”,ha,195000.0,188136,89.0,False,https://bioportalstprod.blob.core.windows.net/portal-media-public/GP/EUFR05/image/main/EUFR05_main.jpg,,https://www.parcduluberon.fr,"43.85, 5.465",https://www.unesco.org/en/iggp/luberon-unesco-global-geopark
01809b0a-57c4-57c8-8767-25244feae614,EUFR07,Monts d’Ardèche UNESCO Global Geopark,FR,2015-01-01,"Visit Antraigues-sur-Volane, a hilltop village in the Monts d’Ardèche, known for its artistic heritage and as the former home of renowned singer Jean Ferrat.Thueyts, in the Ardèche valley, offers a glimpse into the past with its mediaeval castle, stone houses, and volcanic landscapes.Follow the Partage des eaux trail, a 100 km open-air art route where artists, designers and landscape architects have created poetic works along the watershed divide between the Atlantic and the Mediterranean.","The Monts d’Ardèche UNESCO Global Geopark lies on the south-eastern edge of France’s Massif Central, covering over 2,200 km² of medium-high mountains. Its landscapes range from chestnut-covered slopes to Mediterranean hillsides with vineyards and olive groves, shaped by a long geological history and diverse climatic influences. The geopark features a geological record spanning more than 500 million years and is marked by both ancient and recent volcanic activity. Volcanic formations in the region date from 6.6 million to just 47,000 years ago, forming a dense concentration of volcanic landforms rarely found elsewhere in Europe. Among the most striking are the volcanoes of Jaujac, Thueyts, and Aizac, as well as the overlapping Souilhol and Ray-Pic lava flows that stretch across 20 kilometres. Strombolian and phreatomagmatic eruptions have shaped the landscape into basalt columns, craters, and lava formations, some resembling organ pipes. These features—combined with fossil footprints, volcanic domes like the Suc de Mont Gerbier de Jonc, and dramatic gorges—reveal the intensity and variety of the region’s geological past.","In the southern part of the geopark, near the Pont d’Arc, the Chauvet-Pont d’Arc cave stands as a key cultural landmark. Sealed for around 20,000 years until its discovery in 1994, the cave was designated a UNESCO World Heritage site in 2014. Dating back approximately 32,000 years, it contains over 1,000 remarkably preserved images of animals and human figures, including depictions of mammoths, bears, cave lions, and rhinos. With its vast gallery space, human footprints, and thousands of prehistoric remains, the site represents the earliest known large-scale artistic event in human history. Today, traditional agriculture is vital to the local economy and landscape. Centuries of adaptation are reflected in terraced fields, béalières (irrigation channels), and chestnut groves, the latter forming a cultural and economic emblem of the region. Since 2013, efforts have been underway to restore these groves. Pastoralism is supported through a Territorial Pastoral Plan that promotes collective land use and sustainable grazing. Agri-environmental and climate programmes have also helped over 160 farmers adopt practices that protect biodiversity, water quality, and ecological balance across 10,000 hectares. Organic farming is expanding steadily, reinforcing the connection between environmental stewardship and rural development.","“Wide open spaces, breathtaking panoramas, picturesque villages nestling at the foot of volcanic hills, gorges, rushing streams and torrents”",ha,248200.0,78000,31.0,False,https://bioportalstprod.blob.core.windows.net/portal-media-public/GP/EUFR07/image/main/EUFR07_main.jpg,https://www.youtube.com/watch?v=R74xWKQg2cg,http://www.geopark-monts-ardeche.fr/accueil-geopark.html,"44.723, 4.297",https://www.unesco.org/en/iggp/monts-dardeche-unesco-global-geopark
858b56d5-dd11-5c74-bfff-24b9c4a903b2,EUGB04,GeoMôn UNESCO Global Geopark,GB,2015-01-01,"Explore Holyhead’s geological trail from the Fish Dock to Breakwater Quarry, where ancient rocks meet historic stone-built structures across the town.Walk the 200 km Anglesey Coastal Footpath, giving access to 90% of the island’s geological highlights through varied landscapes and geotrails.Visit Porth Amlwch, a former copper shipping hub set in a fault-formed harbour, linked to the globally significant geology of Parys Mountain.","Covering the entirety of the Isle of Anglesey in north-west Wales, GeoMôn UNESCO Global Geopark showcases over a billion years of Earth history. The island’s diverse geology includes rocks from four eras and twelve geological periods, creating an exceptional concentration of geological features within a compact area. The geopark’s coastal landscape reveals volcanic deposits from ancient plate boundaries, metamorphic rocks from deep subduction zones, and extensive glacial deposits from the last Ice Age. These varied formations have produced a striking coastline of sandy beaches, rocky coves, and dramatic cliffs. Anglesey is one of the few places in the world where rocks formed at every type of tectonic plate boundary can be observed. Of particular international significance are the Precambrian blueschists of southern Anglesey and the stromatolitic limestones of the north, which contain the oldest known fossils in England and Wales. Parys Mountain in the north of the island was once the world’s most important copper mine, and the complex folds and faults of South Stack offer clear evidence of Cambrian tectonic activity. With more than 100 rock types exposed in fault-bounded coastal slices, the island serves as a natural archive of environmental and climate change over geological time, offering unique insights into the processes that have shaped our planet.","The human landscape of GeoMôn is shaped by its underlying geology. Local building stones influence architectural styles, while soils determine patterns of farming and forestry. The island bears traces of long human occupation, with archaeological evidence showing settlement since the Mesolithic period around 7,000 years ago, copper mining in the Bronze Age, and later the construction of Beaumaris Castle, considered the best-designed Edwardian castle in Britain. The rocks that shape the land have also helped shape the culture and language of the island’s communities. Renowned local artist Sir Kyffin Williams R.A., a founding member of the geopark, and his great-uncle Sir Andrew Ramsay, known as the “father of Welsh geology,” are among many figures who have drawn inspiration from the landscape. Today, local artists, photographers, and craftspeople continue to thrive in this environment. Visitors to the geopark find a wealth of natural and cultural experiences. The 200 km Anglesey Coastal Footpath offers a journey around the entire island, linking geological sites with historical landmarks. The route includes Beaumaris Castle and the National Trust’s Plas Newydd, and provides access to sandy beaches, rocky headlands, and cliffs that support activities such as walking, bird watching, climbing, coasteering, kite surfing, and swimming. Geotrails along the coast and in towns like Beaumaris, guide visitors through the many rock types used in local architecture, from castles to churches and homes.",“200 km coastal path with GeoMôn's guidebook gives access to 90% of the island’s diverse geological highlights”,ha,180000.0,70000,39.0,False,https://bioportalstprod.blob.core.windows.net/portal-media-public/GP/EUGB04/image/main/EUGB04_main.jpg,https://www.youtube.com/watch?v=h1GMHYcgwZc,http://www.geomon.co.uk/,"53.286, -4.359",https://www.unesco.org/en/iggp/geomon-unesco-global-geopark
a68fdda8-bf1d-5f00-a6fb-2e37f2f8e583,EUGB08,Mourne Gullion Strangford UNESCO Global Geopark,GB,2023-01-01,"Take a fishing trip on Strangford Lough, renowned for its salmon, sea trout, and pollock, or try your luck from the shore at one of many scenic spots throughout the geopark.Explore Murlough National Nature Reserve with 6,000-year-old sand dunes, over twenty-two species of butterflies, and boardwalks through wildflower-rich landscapes.Follow the Gullion Geological Trail around Slieve Gullion, where a 60-million-year-old volcanic ring dyke forms a unique geological feature of international scientific significance.","Mourne Gullion Strangford UNESCO Global Geopark’s landscape records over 400 million years of geological history. The closing of the Iapetus Ocean and the later opening of the North Atlantic triggered extensive volcanic activity, with magma forming both beneath and on the Earth’s surface. These events created the varied rocks and geological structures seen across the region today. The land was further shaped during the last Ice Age, particularly between 27,000 and 23,000 years ago, when glaciers carved U-shaped valleys, transported rock, and left behind distinctive landforms such as drumlins. This glacial legacy is visible in features like Carlingford Lough and the drowned glacial landscape of Strangford Lough—the largest sea inlet in the British Isles. The geopark spans three upland areas: the Dromara Hills, the Mourne Mountains, and Slieve Gullion with its notable ring dyke. The highest peak is Slieve Donard, standing at 850 metres. Fertile glacial lowlands encircle the uplands, creating a compact region where mountainous, lowland, and coastal glacial features coexist.","The Mourne Gullion Strangford UNESCO Global Geopark reflects deep-rooted connections between people and landscape, shaped by more than 7,000 years of human presence. Since the Mesolithic period, communities have built Neolithic cairns, Iron Age hillforts, and participated in maritime and agricultural economies. The area is rich in mythology, including tales of Fionn Mac Cumhaill and Cúchulainn, and contains important early Christian sites such as St. Patrick’s first church. Glacially-enriched soils support widespread agriculture, while the granite mountains facilitated a long history of quarrying. Sheep farming remains common in the uplands. Coastal areas have supported fishing, seaweed harvesting, and trade, with Warrenpoint continuing as a working port. Today, agriculture, manufacturing, and public sector employment underpin the local economy. The geopark supports sustainable tourism through its scenic and cultural appeal, underpinned by strong transport links. Its range of habitats—from upland bogs to coastal wetlands—also makes it an important area for biodiversity and environmental stewardship.",,ha,196000.0,100322,104.0,False,https://bioportalstprod.blob.core.windows.net/portal-media-public/GP/EUGB08/image/main/EUGB08_main.jpg,,https://mournegullionstrangfordgeopark.com/,"54.176, -6.338",https://www.unesco.org/en/iggp/mourne-gullion-strangford-unesco-global-geopark
f588465f-cd0b-53ca-b738-a4d0b783ad12,EUGR01,Chelmos Vouraikos UNESCO Global Geopark,GR,2015-01-01,"Ski down the slopes of the Chelmos mountains in winter, where snow-covered peaks and forested trails offer a spectacular alpine setting.Visit the extraordinary Cave of the Lakes near Kastria, of almost two kilometres in depth and 85m in height. Explore a remarkable underground world shaped by tectonic uplift and groundwater flow.Walk or take the historic Odontos Rack Railway through the Vouraikos Gorge, passing dramatic cliffs, tunnels and stone bridges.","Connected to mainland Greece by the Isthmus of Corinth—a narrow strip of land named after the ancient Greek word for “neck”—the Peloponnese is a large peninsula in southern Greece with a deep geological history. Long before its renowned mythology and establishment of ancient cities such as Olympia, Sparta and Corinth, this region was shaped by powerful geological forces. The geological history of Chelmos-Vouraikos UNESCO Global Geopark begins 485 million years ago, in the Ordovician period, when the area’s limestones were deposited at the bottom of a warm, shallow sea. These layers were later uplifted during the Alpine Orogeny, as the African plate moved northward and collided with the Eurasian plate, giving rise to the mountains of the region. The Chelmos mountains today reach nearly 2,400 metres above sea level, a result of this prolonged tectonic activity. From the Chelmos mountains, the Vouraikos river descends to the Gulf of Corinth, carving through red conglomerates and limestone strata. The resulting Vouraikos Gorge is a striking example of fluvial and tectonic interaction. Among the most iconic geological features of the geopark is the Styx Waters, located within a 200-metre-deep gorge. Here, water percolates slowly through limestone, creating an active karst system.","The Chelmos Vouraikos UNESCO Global Geopark includes several protected sites of cultural and archaeological importance, such as the ancient city of Feneos, the archaeological site of Lousoi, and traditional buildings like that of the Petmezas family.&nbsp; Mythological heritage is deeply rooted in the area, with sites such as the waters of Styx—linked to the underworld in ancient Greek mythology—and the Vouraikos River, named after the figure Voura, loved by Hercules. These stories are preserved and shared through initiatives and publications in the geopark.&nbsp;&nbsp; The region’s intangible heritage is equally significant, with residents maintaining traditional practices in architecture, cuisine, and music. The cultivation of Corinthian raisins, officially recognised as part of Greece’s National Intangible Cultural Heritage, continues across the Achaea Prefecture, reflecting the enduring agricultural knowledge of the region.","“According to mythology, Achilles was invulnerable as, just born, his mother Thetis plunged him into the waters of the Styx. However, his ankle wasn’t exposed to water. There, later, Paris will find the opportunity to kill him with an arrow”",ha,71200.0,6640,42.0,False,https://bioportalstprod.blob.core.windows.net/portal-media-public/GP/EUGR01/image/main/EUGR01_main.jpg,,http://www.fdchelmos.gr/en/,"37.978, 22.154",https://www.unesco.org/en/iggp/chelmos-vouraikos-unesco-global-geopark
23d0261a-f184-5d1f-9027-8d649de3dae9,EUGR02,Lesvos Island UNESCO Global Geopark,GR,2015-01-01,"Observe diverse bird species in the wetland habitats of Lesvos, including the unique wetland complex of the Kalloni Gulf, an important site for migratory and resident birds.Explore key cultural landmarks such as the medieval Castle of Mytilene, the ancient Roman Aqueduct of Moria, and the ancient theatre of Mytilene.Visit the Petrified Forest of Lesvos, where volcanic activity 20 million years ago preserved entire trees in life position—offering an exceptional glimpse into a Miocene ecosystem.","Lesvos Island UNESCO Global Geopark covers the entirety of the island of Lesvos, located in the northeastern Aegean Sea. The island’s geological structure reflects a complex history, including metamorphic rocks, ophiolitic sequences, Miocene volcanic formations, and Neogene marine and lacustrine deposits. These formations have shaped a diverse landscape of caves, karst systems, fault-controlled landforms, waterfalls and coastal features. The Petrified Forest of Lesvos is one of the geopark’s most significant sites. Around 20 million years ago, intense volcanic activity buried a subtropical forest under ash and pyroclastic flows. Heavy rainfall triggered mudflows that preserved entire trees in life position, with trunks reaching up to 20 metres in length and root systems extending seven metres. Fossilised remains include not only trunks, but also branches, fruits, and leaves—offering an exceptional record of a Miocene ecosystem. Lesvos also holds important palaeontological findings, including the oldest known land mammal in Greece, Prodeinotherium bavaricum, dating to 19 million years ago. Across the island, volcanic craters, thermal springs, and tectonic features provide further evidence of its dynamic geological evolution.","The Lesvos Island UNESCO Global Geopark has a rich cultural heritage, reflected in the architecture and historical continuity of settlements across the island, from prehistoric sites to castles, monasteries, mosques, and traditional villages. Many buildings were constructed using local materials. These include watermills, olive presses, stone bridges, and farm structures, some of which are now repurposed as museums or visitor sites, forming part of the geopark’s tourism routes. Lesvos is known for its literary and artistic legacy as the birthplace of figures such as the poetess Sappho and the philosopher Theophrastus. Today, seasonal festivals celebrate the island’s rich intangible heritage—including music, dance and culinary practices. Agriculture remains central to the island’s economy, particularly olive oil production, livestock farming, and fishing. Distilleries also play a role, especially in the production of ouzo. The geopark collaborates closely with women’s agrotourism cooperatives, key partners in promoting local products and traditional food. The annual agrotourism festival supports these efforts and creates opportunities for small enterprises.",“The ancient trees of Lesvos were submerged in a sea of volcanic material in an eruption in the Northern Aegean 20 million years ago”,ha,163600.0,83755,52.0,False,https://bioportalstprod.blob.core.windows.net/portal-media-public/GP/EUGR02/image/main/EUGR02_main.jpg,https://www.youtube.com/watch?v=aP9DgifU1A4,http://www.petrifiedforest.gr/?lang=en,"39.225, 26.291",https://www.unesco.org/en/iggp/lesvos-island-unesco-global-geopark
cb55d9de-4b49-563a-8230-5172d90bae4d,EUGR04,Sitia UNESCO Global Geopark,GR,2015-01-01,"Explore the erosion-sculpted formations of the Agioi Pantes gorge, where Miocene-era wind and water shaped yellow-white rocks rich in marine fossils such as bivalves and sea urchins.Experience the Sitia Singing Dance at local village festivals, where traditional music, lyricism, and movement reflect the region’s unique cultural heritage.Discover traces of Bronze Age port cities and sacred sites in eastern Crete, including urban centres like Palekastro and mountaintop shrines at Petsofas and Modi.","Sitia UNESCO Global Geopark is located on the easternmost edge of Crete. It is predominantly mountainous, with the Zakros Mountains shaping the interior and a lace-like coastline defining the shoreline. The region is geologically significant for its extensive sedimentary formations and fossil-bearing deposits, offering insight into the island’s deep geological past. The geopark is particularly known for its abundant Pleistocene mammal fossil sites, including the discovery of three Deinotherium giganteum fossils—elephant-like creatures that once roamed the region. Along the coastal zone, remains of other large mammals such as deer, hippos, and elephants have also been found. Neogene sediments contain a rich record of marine fossils, while older strata preserve plant remnants dating back to the Carboniferous period. The landscape is marked by a well-developed karst system formed in the region’s limestone bedrock. More than 170 caves and numerous gorges have been documented, creating one of the most extensive speleological areas in Crete. These subterranean environments support scientific research in speleology, biospeleology, and related fields, making the geopark a valuable site for the study of karst processes and underground biodiversity. Palaeo-shorelines around the Zakros area further enrich the geological record, providing evidence of ancient sea levels and climatic changes over time.&nbsp;","Sitia UNESCO Global Geopark places strong emphasis on the interconnection between geological heritage and local identity. Intangible cultural heritage remains a living part of daily life, shaped by traditions passed down through generations. One of the most prominent expressions is the Erotokritos tradition—a poetic form rooted in Cretan literature—celebrated each year through the “Kornaria” cultural events. Local dances, particularly the Sitia Singing Dance, continue to be performed in village festivals, accompanied by traditional music and cuisine. These events strengthen community bonds and engage younger generations in the region’s cultural continuity. Traditional craftsmanship such as textiles, ceramics, and bell making is actively supported through cultural associations. Culinary practices, too, are closely tied to the local landscape, with olive oil playing a central role. Cultural heritage is also visible in the region’s archaeological sites, ranging from Neolithic dwellings to Minoan-era settlements and classical temples. These sites offer insight into the long-standing relationship between natural resources and human settlement, and several are connected to the geopark’s trail network. To support geotourism and education, the geopark has developed infrastructure including the Natural History Museum of Zakros and the Speleological Centre in Karydi. They serve as key platforms for engaging local communities and visitors in the values of sustainable development, heritage conservation and environmental education.","“The courses of humans and land, in eastern Crete, intertwine and complement each other.”",ha,71350.0,20268,32.0,False,,,http://www.sitia-geopark.gr/en.aspx,"35.115, 26.104",https://www.unesco.org/en/iggp/sitia-unesco-global-geopark
fd227c5f-9ee0-5a8e-8c45-061434548ee8,EUGR05,Vikos - Aoos UNESCO Global Geopark,GR,2015-01-01,"Hike parts of the world-famous Epirus Trail that crosses from Mount Grammos to the Tzoumerka mountain range.Hike up Mount Tymphe to discover its stunning alpine lake, Drakolimni, or Dragon Lake. According to local legend, the lake's depression was formed during battles between dragons who hurled boulders at each other.Visit the Beloi Viewpoint for breathtaking views of the Vikos Gorge, recognised by the Guinness Book of Records as the world's deepest, relative to its width.","Coinciding almost in its entirety with a national park of the same name, the Vikos–Aoos UNESCO Global Geopark is dominated by the high mountains of the Northern Pindos, including Mt. Smolikas, Mt. Tymphe, Mt. Trapezitsa and Mt. Nemertsika, among others. This range, an extension of the Dinaric Alps, is known colloquially as the ‘spine of Greece.’ The geopark is characterised by high rugged relief and a dramatic landscape. Standing at 2,497 m, Mount Tymphe’s naked promontory was uplifted by the collision between the African and Eurasian tectonic plates. It’s a remarkable sight, particularly when viewed from Dragon Lake, or Drakolimni, an erosional depression formed by the action of glaciers, and fed by waters flowing from the territory’s karst system. Local folk tales attribute the lake’s formation to skirmishes between dragons that fought, throwing large stones and boulders at one another.&nbsp;&nbsp; On the southern slopes of Mount Tymphe, and inscribed in the Guiness Book of Records as the world&#39;s deepest gorge relative to its width, Vikos Gorge is truly remarkable. It stretches approximately 32 km in length, with a depth ranging from 120 m to 1350 m, and a width varying from 2500 m at its outlet to just a few meters at its narrowest point. Covering 120 million years of the Earth’s history from its bottom to the top, the gorge was formed by the powerful action of glaciers and the Voidomatis River. Along the course of the river, there are several ancient stone bridges, such as Plakida, Kokkorou and Gefiri Misiou. These bridges can be admired along the 370 km Epirus Trail, which runs from Mount Grammos to the Tzoumerka mountain range.","The Vikos-Aoos UNESCO Global Geopark plays a vital role in sustaining local communities by actively preserving and promoting their cultural and intangible heritage. The region is renowned for its traditional stone houses, arched bridges and narrow paths - some dating back to the 14th century. The structures found in the Konitsa and Zagori regions are famous for having been built and maintained by a travelling group of tradespeople from the Mastorochoria villages who used to travel around together, building houses during the summer season. The Rizario Handicraft Center actively preserves traditional crafts such as weaving, embroidery and dried flower arranging. Through apprenticeships and practical training, it empowers young women by fostering local craftsmanship and providing opportunities for casual employment with the foundation.&nbsp; Heritage initiatives, such as the conservation of drystone wall constructions and the recognition of transhumance (seasonal livestock migration), showcase the region&#39;s vibrant living traditions. Collaborative efforts, including the Interreg Greece-Italy project and UNESCO intangible heritage groups, ensure these practices are well-documented, celebrated, and passed down to future generations. Local communities further honour these traditions through summer festivals, featuring practices like polyphonic singing—songs with interwoven independent melodies—and traditional mourning songs, known as moirologia.","“Wonderful gorges, rock towers, rivers, stone bridges, traditional architecture and thermal baths”",ha,121770.0,10706,7.0,False,,https://www.youtube.com/watch?v=aGls4K7cApE,https://www.vikosaoosgeopark.com,"39.987, 20.804",https://www.unesco.org/en/iggp/vikos-aoos-unesco-global-geopark
c14af3be-8161-5021-bcdd-fb271ed69992,EUHR02,Vis Archipelago UNESCO Global Geopark,HR,2019-01-01,"Visit the famous Stiniva Beach, a secluded cove enclosed by steep limestone cliffs on the island of Vis.Explore the volcanic island of Jabuka and the extinct volcano Mount Hum, rising to 587 metres.Follow geotrails that showcase defensive forts, religious sites, dry-stone walls, and the former Neptune fish factory.","A two-hour ferry journey from Split through the Adriatic Sea is all it takes to reach Vis, the farthest inhabited island off the Croatian mainland. The small island of nearly 90 square kilometres is a well-kept secret and home to some of the most beautiful beaches in Croatia. The most famous, Stiniva Beach—a small cove hidden by dramatic white limestone cliffs—is a true natural wonder. Vis Archipelago UNESCO Global Geopark is formed by Vis, the largest island, and the surrounding islands of Biševo, Sveti Andrija, Brusnik, Jabuka, and Palagruža. Some of the islands are composed of Mesozoic limestone and dolomite, formed over millions of years from the accumulation of marine sediments on the ocean floor, then situated along the tropics within the western Tethys Sea on a small drifting continent called the Adriatic Plate, or Adria. Tectonic movements folded and uplifted the islands, which—together with millennia of flowing water—created a fascinating karstic landscape of sea cliffs, sinkholes, underground rivers, and caves, such as the Blue Cave on the island of Biševo. The area also features volcanic structures, including Jabuka and the extinct Mount Hum on Vis, which rises to an elevation of 587 metres.","Inhabited since the Neolithic and held by the Liburnian tribes as early as the 10th century BCE, the island was later governed by the Republic of Venice, the Napoleonic Kingdom of Italy, and the Austrian Empire. It was ceded to the Kingdom of Yugoslavia in 1920 and became the headquarters of the Yugoslav Partisan movement during the Second World War. This layered heritage is reflected in towns such as Komiža and Vis, known for their traditional architecture, colourful buildings, and narrow cobblestone streets. The local economy is supported by vineyards and the fishing industry. The most visited sites on Vis include the Blue Cave (Modra špilja) and the Monk Seal Cave (Medvidina špilja). Before the sudden rise in sea level around 12,000 years ago, these islands were much larger and extended more than 20 miles. In this area, known as Mala Palagruža, archaeologists have discovered flint quarry sites believed to have been used by the island’s first prehistoric inhabitants up to 8,000 years ago. Other elements of cultural heritage are highlighted through the geopark’s geotrails. These include defensive structures such as the Komuna fortress in Komiža, former industrial buildings like the Neptune fish processing factory, religious sites such as the Church of Holy Mary and Saint Sylvester Church, as well as the extensive dry-stone walls that characterise the landscape. The gajeta falkuša is a traditional historical fishing boat from Komiža that can be visited. The geopark supports its preservation through cultural and festive events. Related traditions—such as navigation and fishing practices—are promoted in collaboration with researchers from the University of Split. The Chakavian dialect of Vis is recognised as intangible cultural heritage. As the oldest Slavic dialect of the Eastern Adriatic, it is notable for preserving archaic Slavic forms and for maintaining the Lingua Franca lexicon historically used across the maritime and fishing communities of the Mediterranean. Today, this dialect is under threat and there are dedicated efforts to research and preserve it.",“One of the last Paradise Oases in the Mediterranean”,ha,666100.0,3504,0.5,False,https://bioportalstprod.blob.core.windows.net/portal-media-public/GP/EUHR02/image/main/EUHR02_main.jpg,,https://geopark-vis.com,"43.046, 16.092",https://www.unesco.org/en/iggp/vis-archipelago-unesco-global-geopark
7847e111-e79f-5797-91a2-557ddcf818b8,EUIE01,Burren and Cliffs of Moher UNESCO Global Geopark,IE,2015-01-01,"The geopark is on the route of the 2,500 km Wild Atlantic Way, one of the longest defined coastal routes in the world, winding along the Irish coastline.The Cliffs of Moher Visitor Centre, a subterranean building, has won numerous awards, including Best Public/Cultural Building at the 2007 Royal Institute of Architects of Ireland awards.","While the Cliffs of Moher have appeared in global popular culture, few realise that these dramatic cliffs and fissures are not computer-generated—they are a striking geological formation with a history spanning hundreds of millions of years. In the sixth Harry Potter film, Harry and Dumbledore stand atop a dark, wave-battered sea stack, dwarfed by a towering stone wall. This cinematic location is part of the 14-kilometre Cliffs of Moher in County Clare, Ireland. Rising over 150 metres above the Atlantic Ocean, the cliffs are composed of shale and sandstone, deposited in a shallow tropical sea between 323 and 298 million years ago, during the time of the supercontinent Pangea. Today, the cliffs are an internationally important bird habitat, hosting up to 30,000 nesting pairs of over 20 species, including Atlantic Puffins, Guillemots, and Razorbills. Atop the cliffs lies the Burren, a world-class example of a glacio-karst landscape. Formed during the Last Ice Age, the Burren was shaped by glaciers that stripped away soil and weak rock, exposing limestone surfaces that were later eroded by water to form the characteristic limestone pavement. This extensive terrain is among the best-preserved and most accessible karst landscapes in Europe. The geopark is also home to two notable show caves. In Doolin Cave, visitors can see a 7.3-metre stalactite—the largest known in the northern hemisphere. Nearby, Aillwee Cave, discovered in the 1940s, provides further insight into the region’s geological evolution.","The Burren and Cliffs of Moher UNESCO Global Geopark is committed to empowering local communities through skills development, sustainable tourism, and heritage conservation. The GeoparkLIFE project equips local stakeholders with knowledge and tools to conserve natural and cultural resources. Programmes such as Adopt a Hedgerow train local businesses in conservation practices, helping them manage litter and invasive species while protecting biodiversity. Partnerships with local tourism providers are key. Initiatives like Meitheal encourage businesses to support farmers by maintaining walking trails. The Burren Food Trail highlights local gastronomy through chef-led restaurants, producers, and farmers’ markets. Celebratory events like the Burren Food Fayre and the Winterage Festival promote food heritage and seasonal traditions. The geopark supports community-led heritage efforts. For example, the restoration of An Cabhail Mhór, a 17th-century building, trained local groups in conservation methods. Similarly, Ballyvaughan Tidy Towns serves as a biodiversity management model for rural and semi-urban areas. In Lisdoonvarna, the geopark has collaborated with Lisdoonvarna Fáilte to revive historic community assets, including the Victorian Spa Wells Complex and the Pavilion Town Hall. By supporting feasibility studies and development plans, the geopark helps ensure that heritage restoration contributes to sustainable tourism and long-term community benefit.",“Glacially-smoothed karst limestone hills contrast with dramatic sea cliffs that tower over the majestic Atlantic coast”,ha,53000.0,5500,10.0,False,https://bioportalstprod.blob.core.windows.net/portal-media-public/GP/EUIE01/image/main/EUIE01_main.jpg,https://www.youtube.com/watch?v=ndrHka1iFgg,http://www.burrengeopark.ie/,"53.048, -9.16",https://www.unesco.org/en/iggp/burren-and-cliffs-moher-unesco-global-geopark
3c1c027a-272b-5ad6-b1a1-a2d7435d69c6,EURS01,Djerdap UNESCO Global Geopark,RS,2020-01-01,"Learn about Golden Bućka, catfish hunting in the traditional way in Tekija.The Visitor Centre in Donji Milanovac has exhibits on geodiversity, biodiversity, and cultural and historical landmarks.The fortress &quot;Golubački grad&quot; near Golubac is a cultural monument and museum showcasing the medieval period of the Lower Danube region and Serbia.","For those visiting eastern Serbia, the Đerdap National Park, stretching along one of the meanders of the Danube River from the 14th-century Golubac Fortress to the dam near Novi Sip, is a mandatory stop. This natural area is home to thousands of plant species, such as the Turkish hazel—a relic from the Tertiary—and provides habitat for predators such as the wolf and the lynx. Together with parts of the Miroč and Kučaj mountain massifs, it forms the Djerdap UNESCO Global Geopark. The region is defined by the Đerdap Gorge, which separates Serbia from neighbouring Romania. The gorge, one of the most dramatic landscapes in Europe, forms the valley in which the Danube flows through the Southern Carpathians, between the Pannonian Plain to the west and the Dacian Plain to the east. At over 100 km long, it is the longest breakthrough-type gorge in Europe. The best views are from the peaks Veliki Štrbac and Mali Štrbac in the Miroč mountains. With a geological history spanning more than 600 million years, most of the geopark’s geosites are dedicated to representative rock exposures and karst landforms, including caves, natural arches, karst springs, waterfalls, and scenic viewpoints. One of the most striking examples is the Prerast limestone arch, which forms a natural bridge. The region is also notable for hosting the earliest known evidence of European copper mining and metallurgy, dating back to the 5th millennium BCE, at the Rudna Glava archaeological site.","Djerdap UNESCO Global Geopark is exceptionally rich in cultural heritage. The archaeological site of Lepenski Vir, one of the oldest known settlements in southeast Europe, dates back 8,000 years and represents a significant part of Danube civilisation. Additionally, Rudna Glava holds evidence of the earliest metal mining in the region, dating back 5,000 years. The cultural landscapes have been shaped by the traditions of Serbs, Vlachs, Romanians, Swabians, Hungarians, and Turks. The family patron saint’s day (slava) and the traditional dance kolo are recognised on UNESCO’s Representative List of the Intangible Cultural Heritage of Humanity. Other customs are actively maintained and celebrated by local communities. The annual event “Let’s Keep Bagpipes and Old Dances from Oblivion,” held in the village of Rudna Glava, celebrates the bagpipe tradition. Flute playing remains a living practice through folklore troupes and festivals across the geopark. Saint George’s Day, widely celebrated among local communities, is deeply connected to seasonal cycles and traditional beliefs. At the Kazan Cult event, experts discuss approaches to preserving intangible heritage, ensuring that traditional practices are safeguarded and adapted to contemporary cultural expressions. Djerdap Geopark experts have documented elements of Vlach heritage, including Vlach embroidery (shtampuvit), traditional dances and songs, oral traditions, and local myths and legends. These efforts contribute to the conservation and promotion of intangible heritage, strengthening the identity and cultural diversity of the region.",,ha,133000.0,28066,31.0,False,https://bioportalstprod.blob.core.windows.net/portal-media-public/GP/EURS01/image/main/EURS01_main.jpg,,,"44.465, 22.143",https://www.unesco.org/en/iggp/djerdap-unesco-global-geopark
85ca1a4e-ce11-5cf0-80eb-af3699e263ff,LABR05,Quarta Colônia UNESCO Global Geopark,BR,2023-01-01,"Explore the Sculpture Trail starting in Nova Palma, a 10 km route featuring stunning sandstone sculptures every kilometre, ending at the Sculpture Garden with over 500 carvings and forest trails.Visit Caminhos de Ivorá for an authentic eco-tourism experience, combining scenic trails, local crafts, and opportunities to connect with the natural beauty of the region.Discover Serra do Segredo Municipal Park, where geo-trails and conservation initiatives offer climbers, hikers, and students a chance to engage with the region's geological heritage.","The Quarta Colônia UNESCO Global Geopark is a living testament to Earth&#39;s ancient history, offering visitors the chance to explore one of the most significant palaeontological landscapes in the world. This territory, located in the southern portion of the Paraná Basin, contains sedimentary rocks deposited between 233 and 225 million years ago during the Triassic Period. These rocks preserve remarkable fossils that chronicle a pivotal moment in the history of life on Earth: the rise of the dinosaurs. Species such as Buriolestes schultzi, Bagualosaurus agudoensis, and Macrocollum itaquii—all discovered exclusively in the Quarta Colônia—highlight the region’s unmatched contributions to our understanding of this evolutionary transition. The palaeontological value of the Quarta Colônia is further enhanced by its unique geological context within the Paraná Basin. This intracratonic basin offers a continuous record of depositional environments from the Early Triassic to the Early Cretaceous. Fossil assemblages found here, including species like Procolophon trigoniceps, connect this region to globally significant sites such as Africa’s Karoo Basin, underscoring its importance in understanding the tectonic and biological evolution of southwestern Gondwana. Beyond its palaeontological riches, the Quarta Colônia is celebrated for its breathtaking landscape heritage. Sandstone-basalt escarpments, adorned with fragments of the lush Atlantic Forest, frame a network of deep valleys shaped by thousands of years of erosion. This hydrographic network has created a mosaic of waterfalls, river beaches, and navigable rivers, offering visitors a blend of natural beauty and geological wonder.","Located in the south of Brazil, at the transition between the Pampa and Atlantic Forest biomes, the Quarta Colônia UNESCO Global Geopark boasts one of the richest cultural diversities in the central part of Rio Grande do Sul, reflecting Italian, German, Portuguese, Quilombola, Indigenous, and missionary heritage. These cultural influences are celebrated through gastronomy, music, dance, and crafts, which continue to thrive across the territory. The geopark&#39;s integration with the Mata Atlântica Biosphere Reserve, designated by UNESCO in 1991, highlights its commitment to preserving both cultural and ecological heritage. The agricultural economy, supported by family-based industries, remains a vital element of local livelihoods, with municipalities like Restinga Seca and São João do Polêsine showcasing strong connections to their rural roots. Recent initiatives have emphasised sustainable development through community-based tourism and the promotion of local products, such as handmade knives, artisanal food, and thematic crafts like mountable dinosaur models. Youth entrepreneurship has played a transformative role in revitalising the region’s economy. Businesses like Caminhos de Ivorá and Agudo Ecoturismo have embraced tourism, creating new opportunities for local engagement while preserving the natural and cultural landscapes. Events such as the Recanto Maestro tourist complex, with its emphasis on hospitality, gastronomy, and historical trails, further reinforce the geopark’s mission to sustain and celebrate the unique identity of this remarkable territory.",,ha,292300.0,62193,21.0,False,https://bioportalstprod.blob.core.windows.net/portal-media-public/GP/LABR05/image/main/LABR05_main.jpg,,https://www.geoparquequartacolonia.com.br,"-29.585, -53.35",https://www.unesco.org/en/iggp/quarta-colonia-unesco-global-geopark
317304ec-2440-54d9-b010-83053bb756d8,EUIT08,Rocca di Cerere UNESCO Global Geopark,IT,2015-01-01,"Follow in the footsteps of the German writer by taking Goethe's Way, stretching from the Capodarso bridge over the Imera to the ancient Fondaco della Cuba on the Dittaino River.Visit the Villa Romana del Casale, a UNESCO World Heritage Site renowned for its remarkably preserved mosaics, offering a glimpse into the luxurious rural lifestyle of ancient Rome.Explore the Floristella Grottacalda Mining Park, one of Southern Italy’s key industrial heritage sites, preserving the memory of the region’s sulphur mining legacy.","Right at the centre of Sicily, the Valley of Enna was once believed to be the domain of Ceres—the goddess of agriculture, grain crops, fertility, and motherly relationships—who watched over her land from the limestone monolith known as the Rocca di Cerere (the Rock of Ceres). Centred around the city of Enna, the Rocca di Cerere UNESCO Global Geopark takes its name from this deity. According to Roman mythology, she lived in the surrounding valleys with her daughter Persephone, who was abducted by Hades to the underworld and returned every spring—symbolising the renewal of nature. The region is characterised by gently rounded peaks that culminate in Mount Altesina, the highest of the Erei Mountains at 1,200 metres above sea level. Torrential rivers have carved gorges into the limestone, forming features such as the Cateratta del Serieri and the Cateratta di Capodarso. The area was once one of the world’s leading centres of sulphur mining and home to the Pasquasia mine, a major global producer of kainite—a hydrated potassium and magnesium salt. This mineral is a geological remnant of the Messinian Salinity Crisis, a 600,000-year period during which reduced inflow from the Atlantic to the Mediterranean, due to tectonic uplift and sea-level changes, led to extreme evaporation and massive salt deposition, dropping Mediterranean sea levels by about 1.5 km. Today, this mining heritage can be explored at the Floristella Grottacalda Mining Park, named after two sulphur mines active from the late 18th century to the mid-1980s. Established in 1991, it is one of Southern Italy’s most significant sites of industrial archaeology, preserving machinery, transport systems, smelting infrastructure, and the ruins of miners’ quarters and the infirmary.","The geopark is also home to important cultural heritage from antiquity. Among its most notable sites are the ancient polis of Morgantina—hellenised in the 5th century BCE—and the UNESCO World Heritage Site &#39;Villa Romana del Casale.&#39; The latter is one of the most luxurious rural villas of the Roman Empire, with exceptionally well-preserved mosaics considered the finest in situ in the Roman world. Agriculture, traditional crafts, and local festivals continue to shape the region’s identity. Renowned local products include olive oil, almonds, black chickpeas, and ancient grains such as Timilia, praised by Goethe for its resilience and quality. The F.lli D’Angelo farm, a member of the Oro Rosso Cooperative of Sicily, is dedicated to producing saffron—one of the world’s most prized spices. By carefully harvesting the delicate red threads of the saffron flower, the family combines precision farming with artisanal cheese-making in their historic dairy, even offering saffron-infused dairy products to visitors. The geopark also hosts centres that engage with natural and cultural heritage while responding to contemporary challenges. The Ecomuseum of Leonforte celebrates the region’s “Water Theatre” and its geological context. Meanwhile, the new visitor centre in Assoro—Borgo della Cultura del Sulfur—acts as an information hub, archaeological museum, art gallery, and homage to the region’s mining past.","“Gypsum, Sulphur and Myth”",ha,129800.0,85739,67.0,False,https://bioportalstprod.blob.core.windows.net/portal-media-public/GP/EUIT08/image/main/EUIT08_main.jpg,https://www.youtube.com/watch?v=o_XOZJUA3bk,https://www.roccadicereregeopark.it,"37.512, 14.359",https://www.unesco.org/en/iggp/rocca-di-cerere-unesco-global-geopark
14accffd-1997-5b24-8844-9c5951fb6370,OCNZ01,Waitaki Whitestone UNESCO Global Geopark,NZ,2023-01-01,"Embark on New Zealand’s longest and most varied scenic cycle trail, the Alps 2 Ocean Cycle Trail, offering a fully sustainable, zero-carbon way to explore the district. Marvel at the iconic Moeraki Boulders, spherical formations over 60 million years old, scattered along Koekohe Beach.Visit the remarkable Ōamaru Blue Penguin Colony to observe these 30 cm-tall blue penguins returning to shore at dusk, or explore their nesting area during the day while learning about related conservation efforts.","New Zealand’s first UNESCO Global Geopark lies on the east coast of the Te Waipounamu (South Island), extending from the Waitaki Valley to the base of the Southern Alps. The landscapes, rivers and tides of this geopark have enormous cultural significance for the local Indigenous people, the Ngāi Tahu whānui. The geopark serves as testament to Earth&#39;s dynamic history and cultural richness, offering a window into the evolution of Zealandia, the Earth&#39;s eighth continent, or Te Riu-a-Māui in Māori. The geopark provides evidence of the formation of Zealandia, which broke away from the ancient supercontinent of Gondwana around 80 million years ago. The continent then became submerged under the ocean for millions of years before tectonic forces thrust New Zealand above the waves and the country’s current mountain-building phase began. Today, about 94% of Zealandia remains submerged, stretching from east of New Zealand all the way north to New Caledonia. The Waitaki Whitestone UNESCO Global Geopark includes an abundance of unique geological and cultural features. The Te Kaihīnaki, also known as the Moeraki Boulders, are remarkable spherical rocks that hold immense cultural and geological significance. In Kāi Tahu traditions, the boulders are the round food baskets and hue (gourds) that were washed ashore from the Araiteuru waka, a voyaging canoe that capsized nearby during its return journey from Hawaiki. The coastline, Te Tai-o-Araiteuru, honours this waka, whose remnants became integral to the landscape and oral histories of Te Waipounamu. Geologically, the boulders formed over millions of years within mudstone, as calcite from groundwater cemented around shell fragments or pebbles, gradually forming the distinctive spherical shapes. Subsequent erosion of the softer mudstone has revealed the boulders, with their calcite-filled cracks. offering a glimpse into ancient natural processes. Visitors to Te Kaihīnaki are reminded to respect the surrounding environment, which is a habitat for rare species like yellow-eyed penguins (hoiho) and New Zealand sea lions (rāpoka). Another striking feature of the geopark are the Elephant Rocks, where dramatic karst limestone formations rise from a prehistoric seabed. These unique rocks, sculpted by millions of years of uplift and erosion, create an otherworldly landscape that has been used as a filming location for its surreal beauty. The limestone&#39;s shapes and textures are a testament to the powerful geological forces that shaped this region.","Shaped by volcanoes and glaciers, the Waitaki district is bordered by the Waitaki River, which served as an early super-highway for New Zealand’s first people, the Māori. Along its banks, limestone caves and overhangs offered shelter and a canvas for charcoal and red ochre drawings, preserved at sites like Takiroa and Maerewhenua. These artworks provide a glimpse into the lives of the first travellers in the area, portraying bird, animal life, human figures, and early observations of European settlers. In the 19th century, European settlers turned to the region’s abundant limestone, known locally as &quot;whitestone,&quot; to construct buildings in the absence of trees. Today, these historic structures define the character of Ōamaru, home to the most complete collection of Victorian-era buildings in the Southern Hemisphere. The Victorian Precinct, lovingly restored by the Ōamaru Whitestone Civic Trust, is now a vibrant community hub filled with artisans, artists, and craftspeople. Visitors can explore Whitestone City and take part in walking tours to immerse themselves in the region’s heritage, culture, and geology. The geopark supports local food and wine producers, fostering an emerging &quot;geogastronomy&quot; scene that connects visitors with the region’s unique flavours. Agriculture remains the dominant business sector, but tourism is a growing contributor to the local economy, driven by the geopark’s rich cultural and natural attractions. Through its focus on sustainability, the geopark also promotes values deeply rooted in the community, following four key Māori principles. Kaitiakitanga emphasises guardianship of natural, cultural, and environmental resources for future generations. Manaakitanga fosters care, hospitality, and generosity toward visitors and locals alike. Whanaungatanga strengthens relationships through shared experiences and collaboration, creating a sense of belonging. Finally, Whakaute underscores respect for individuals, cultures, and the environment, ensuring that all interactions honour the region&#39;s heritage and diversity.",,ha,721400.0,22300,3.0,False,https://bioportalstprod.blob.core.windows.net/portal-media-public/GP/OCNZ01/image/main/OCNZ01_main.jpg,,https://www.whitestonegeopark.nz/,"-44.75, 170.319",https://www.unesco.org/en/iggp/waitaki-whitestone-unesco-global-geopark
d7021a3e-600c-598b-82a6-ee90220d636f,EUIT09,Sesia Val Grande UNESCO Global Geopark,IT,2015-01-01,"Discover Candoglia’s pink marble quarries, the source of the iconic stone used in the Duomo of Milan.Hike along Cimalegna’s geological trail, a circular route with panels detailing the geological history, key outcrops, and soils of the Alps.Visit the remnants of the Sesia Supervolcano, where exposed crustal sections reveal the magmatic roots of a 280-million-year-old super eruption.","Nestled within the Sesia-Lanzo Zone—a tectonic area marked by high-grade metamorphic rocks and granitic intrusions—the Sesia Val Grande UNESCO Global Geopark offers a rare opportunity to explore Pleistocene geomorphology shaped by glacial retreat and human settlements dating back to the Palaeolithic. The geopark unites two neighbouring territories, the Val Grande and the Sesia Valley, which share both geological and cultural heritage. Extending from the Po Valley to the peaks of the Alps, the geopark exemplifies the power of geological processes and the endurance of human presence. It is the highest and steepest geopark in Europe, with elevation ranging from Lake Maggiore at 190 m to the Gnifetti Peak at 4,554 m within just 60 km. At its core lies the Monte Rosa massif, rising to 4,634 m, which provides a dramatic backdrop to one of the most captivating environments in the Western Alps. This area includes the Parco Naturale dell’Alta Valsesia—Europe’s highest natural park—and is historically inhabited by the Walser population. The traditional Walser buildings and cultural practices reflect their resilience and adaptation to alpine life since the 13th century. The geopark presents a world-class section of continental crust, revealing rocks from the deep, middle, and upper crust. These formations offer insights into the Alpine Orogeny—resulting from the collision of the African and European plates over the past 100 million years. One of its most remarkable features is the Sesia Supervolcano, which erupted around 280 million years ago, forming a massive caldera now partially covered by Po Plain sediments. This supervolcano, with a caldera over 15 km in diameter and an eruptive volume exceeding 300 km³, ranks as a true “super eruption” and exposes a rare cross-section of its underlying magmatic plumbing system.","The historical and cultural heritage of the geopark is reflected in its stone. The renowned pink marble of Candoglia, quarried in the Ossola Valley, has been used since the 14th century in the construction of Milan’s cathedral. The soft talc-bearing serpentinite, known locally as pietra ollare or laugera, was traditionally carved to make pots and other tools, leaving visible archaeological traces across the region. The geopark captures the complexity and richness of the region’s geological and cultural evolution. It invites visitors to explore the interaction between deep Earth processes, climatic shifts, and the development of human civilisation over time. Traditional dry stone walling—recognised in 2018 on UNESCO’s Representative List of the Intangible Cultural Heritage of Humanity—continues to shape the region’s landscapes. Used in terracing, construction, and agriculture, the technique reflects a sustainable relationship between people and stone over centuries. With over one million visitors each year, the geopark draws people to its snow-capped peaks and tranquil alpine lakes. Seasonal guided tours and geological walks offered by official guides deepen public understanding of the area’s significance. In partnership with the Sesia Val Grande Tourism Association, local producers and stakeholders integrate agri-food, handicrafts, and geo-experiences into the tourism offer. This collaboration supports sustainable tourism, safeguards local livelihoods, and protects the region’s natural and cultural assets.",“Where rocks turn into culture”,ha,220200.0,192616,95.0,False,,,https://www.sesiavalgrandegeopark.it,"45.879, 8.29",https://www.unesco.org/en/iggp/sesia-val-grande-unesco-global-geopark
bb202402-5fd4-5abe-81c0-9c172873fb8f,EULU01,Mëllerdall UNESCO Global Geopark,LU,2022-01-01,"Hike the award-winning Mullerthal Trail, a 112 km network of well-marked paths that wind through deep gorges, forests, and sandstone rock formations.Discover the impressive rock formations of Noumerleeën, where weathering has created narrow crevices, overhangs, and natural passageways through Luxembourg Sandstone.","Situated at the north-eastern rim of the Paris Basin, the Mëllerdall UNESCO Global Geopark lies within the Trier-Luxembourg Basin, a synclinal structure of Triassic and Lower Jurassic sediments. This region presents an outstanding example of sedimentology and geomorphology, with many outcrops and landforms that illustrate the dynamic geological evolution of the landscape, particularly during the Cenozoic era. At the heart of the syncline is the Luxembourg Sandstone Formation, dating from the Lower Liassic period. This thick sequence of porous sandstone has given rise to one of the most remarkable sandstone landscapes in Western Europe. Steep cliffs, narrow gorges, cuesta escarpments, triangular caves, and sculpted rock formations such as those seen in the Noumerleeën and Wollefsschlucht illustrate the effects of long-term weathering and erosion processes. These geomorphological features are not only visually striking but also scientifically significant, providing insights into sediment deposition, tectonic activity, and surface processes over millions of years. The Luxembourg Sandstone also plays a crucial role in the region’s hydrology. Its high porosity and permeability allow for long-term water storage and filtration, contributing to a near self-sufficient supply of drinking water for the surrounding communities. Springs such as the Salzwaasserquell are directly linked to the area&#39;s geological characteristics. Beyond its geological value, the region’s biodiversity and cultural history are intimately connected to its geology. The cliffs and rock faces serve as habitats for protected species of lichens, mosses, and ferns. Archaeological discoveries, traditional uses of local materials, and botanical features also reflect this deep interrelationship. Luxembourg Sandstone was commonly used as a building material, visible today in churches, castles, and paving stones throughout the region.","The Natur- &amp; Geopark Mëllerdall is a vibrant region where natural beauty, cultural heritage, and community life are deeply intertwined. Known for its iconic traditional orchard meadows (Bongerten), the region is home to hundreds of fruit varieties, expansive forests, and a unique flora of ferns and mosses. With 42% of its land designated as Natura 2000 areas, the park serves as a haven for biodiversity and a model for sustainable living. A cornerstone of community engagement is the annual Mount vum Bongert (Month of the Orchard), held each October. This month-long celebration highlights the vital role of the Bongerten in the region’s identity. Local restaurants prepare themed menus inspired by orchard produce, and families take part in apple-picking, juice-pressing workshops, and events like the Fruit Varieties Drive-In. These activities, organised in partnership with the Office Régional du Tourisme – Région Mullerthal – Petite Suisse Luxembourgeoise (ORT-MPSL), Leader Region Mëllerdall, Administration de la nature et des forêts (ANF), and Mëllerdaller Produzenten asbl, bring the community together to celebrate the ecological and cultural value of the orchards. The region’s commitment to preserving its heritage extends beyond the Bongerten. Castles such as Beaufort and Larochette, Echternach Abbey, and remnants of early industries like ironworking and textiles speak to a rich historical legacy. This is complemented by the intangible world cultural heritage of the Hopping Procession of Echternach and archaeological traces of the “oldest Luxembourgers,” making Mëllerdall a place where history and tradition remain alive.",,ha,25600.0,25500,100.0,False,https://bioportalstprod.blob.core.windows.net/portal-media-public/GP/EULU01/image/main/LarochetteLuxembourg_%D1%91NGPMPierre_HAAS.JPG,,https://www.naturpark-mellerdall.lu,"49.834, 6.292",https://www.unesco.org/en/iggp/mellerdall-unesco-global-geopark
3dfb6390-8b86-51d1-bdfe-ff2a5c2326e0,EUNL01,De Hondsrug UNESCO Global Geopark,NL,2015-01-01,"The Hünenweg / Hondsrugpad is an award-winning long-distance hiking trail of 325 kilometres long. The hiking trail connects the geoparks, De Hondsrug in the Netherlands and TERRA.Vita in Germany, and is considered among the most beautiful cross-border hiking trails in Europe.Visit Van Gogh’s House in Nieuw-Amsterdam, where the renowned artist lived and worked in the winter of 1883. Step into his preserved room, featuring his original bed and paint palette, and experience the authentic atmosphere of the era.The Nabershof is a traditional Saxon-style farmhouse, built in 1681. The oldest farmhouse in Emmen is a State Monument and is owned by the Drenthe cultural-historic society ’t Volk van Grada.","Scarred by the force of moving glaciers during the Saalian Ice Age, the territory of the De Hondsrug UNESCO Global Geopark is a relic from a time when Neanderthals hunted mammoths in the vast plains and local folklore tales speak of twin giants who robbed travellers.&nbsp; In the northern part of the Netherlands, extending from Groningen to the fortified town of Coevorden, the Hondsrug is the most prominent landscape feature. This 70 km long glacial till ridge made of sand and clay is unique in Europe and, in some locations, reaches 3 km wide. The Hondsrug UNESCO Global Geopark, however, extends beyond the Hondsrug and features several other parallel ridges separated from each other by stream valleys. These ‘megaflutes,’ as they are also known, were shaped during the Saalian Ice Age about 150,000 years ago, when an ice mass from the North Sea region bulldozed over today’s Drenthe and Groningen. The pressure of the ice and the force of the melt water left behind this pattern of parallel ridges and depressions. Stream valleys such as the Hunze and the Drentsche Aa later re-shaped the lower areas.&nbsp; The presence of the glaciers has strongly influenced the way human settlements developed in the region. On the Ballooërveld, north of Balloo, the landscape is formed by white sand, boulders and gravel brought here by the glaciers, and several collapsed pingos, curious conical structures formed in permafrost environments. Due to the availability of raw materials, it was here that the first settlers built their homes, raised their cattle and even buried their dead. Spread over the Ballooërveld, dozens of burial mounds or tumuli have been found, and archaeologists believe the area was used as burial grounds for an uninterrupted period of at least 3,000 years. Clearly visible across the Ballooërveld from Gasterensche Diep to Rolde are the grooves made by the horse wagons that crossed this area in past centuries. At that time, the church tower of Rolde, in the distance, acted as a beacon in an endless sea of heathland. After the last ice age about 10 thousand years ago, the climate slowly warmed and became wetter. Sphagnum moss began to grow in the stagnant waters of the broad valleys leading to the formation of vast areas of peat bogs. To the east of the Hondsrug, between the Hunze and the Eems rivers, the enormous Bourtange peat bog, thought to have once spread over an area of more than 3,000 square kilometres, was formed. The layer of peat became so thick that it grew up high against the sides of the Hondsrug and in some places, such as on the edge of the Bargerveen, the peat covered the Hondsrug completely.&nbsp; The Bargerveen is the only large area of the Bourtange peat bog still surviving in the Kingdom of the Netherlands. It is now a nature reserve of more than 2,000 hectares. Sphagnum moss still grows here in small pools known as ‘meerstallen’.","The cultural landscape of the geopark is celebrated through its museums, historical landmarks and traditions. Notable among these is the Museum farm “De Nabershof,” which showcases the deep connection between the geological framework of the region and the evolution of agriculture. This museum, a product of local volunteer efforts, houses interactive exhibitions that explore the agricultural revolution and features an 18th-century country house, providing visitors with a glimpse into historical rural life. The geopark also promotes local traditions, such as weaving and blacksmithing, through craft workshops like “The Homestead” in Dalen, which emphasise sustainable use of resources. Community involvement extends to the development of geotourism, as seen in Oud Aalden, where residents actively participate in cultural and natural heritage projects, from guiding tours to crafting traditional art and recipes. Sustainability is a core principle of the geopark. Cooperative initiatives, such as the Landwikel Goense farmshop, support local farmers while promoting environmentally responsible practices. The intangible heritage of the region is closely tied to its legends and traditional practices. Stories of giants and Neolithic tombs, such as the Hunebeds, are woven into the fabric of the territory’s identity. The geopark has integrated these narratives into its eight storylines, complemented by engaging videos and educational materials that bring the past to life. The geopark’s natural heritage is equally significant, with efforts focused on preserving its biodiversity and ecological systems. Areas like the Bargerveen peatlands serve as exemplary models for biodiversity restoration, showcasing the impact of sustainable water management practices. The preservation of medicinal plants, unique geological formations, and peatlands not only contributes to the environment but also offers opportunities for education and tourism, creating a strong connection between natural heritage and community livelihoods.",“For thousands of years people shaped a landscape that is of all ages”,ha,100000.0,240000,180.0,False,,https://www.youtube.com/watch?v=mpvg_YIWbFU,http://www.geoparkdehondsrug.nl/en/p/,"52.908, 6.801",https://www.unesco.org/en/iggp/de-hondsrug-unesco-global-geopark
c07ff46c-e7eb-5207-a7d8-dedbfb991488,EUPT01,Azores UNESCO Global Geopark,PT,2015-01-01,"Climb Pico Island’s Mountain, the tallest peak in Portugal at 2,351 meters, offering breathtaking panoramic views of the Azores archipelago.Experience Cozido das Furnas, a traditional Portuguese dish, slow-cooked underground by harnessing the natural geothermal heat of the Furnas Valley, providing a unique culinary experience that blends tradition with the forces of nature.Embark on a whale and dolphin watching tour, where you can observe a variety of marine species in the pristine waters surrounding the Azores.","Between the American and European continents and sitting atop the Mid-Atlantic Ridge, the Azores Islands are a true jewel of the Atlantic. This volcanic archipelago with majestic mountains and enchanting dark beaches forms a unique ecosystem that endangered marine species call home.&nbsp; A Portuguese autonomous region scattered across 600 km in the North Atlantic Ocean, the nine islands that form the Azores archipelago are an enchanting destination that has been captivating nature lovers for decades. Each of the islands, ranging in size from 17 to almost 750 square kilometres, is a small paradise painted in a thousand shades of green and brown and positioned at the convergence of the North American, Eurasian, and African lithospheric plates. A position that justifies why the archipelago has been experiencing episodes of intense volcanism for the past 36 million years, the most recent in 1957 when the Capelinhos Volcano, in Faial Island, burst into activity. The nearby Costado da Nau, a deeply eroded fossil sea cliff, provides a unique window into the eruptive sequence of Capelinhos.&nbsp; To this day, the Azores showcase secondary manifestations of volcanic activity, such as thermal springs, fumaroles, and diffuse gas emissions and are home to 16 polygenetic volcanoes, most of which show calderas where deep blue lakes have formed. The Furnas Volcano Caldera, on São Miguel Island, is one of those and renowned for its summit calderas. The older caldera, dates back to around 34,000 years and is the crown jewel of the island. The area offers a diverse range of geodiversity, including a volcanic lake, domes, tuff rings, and a rich hydrothermal system. In the ocean the Mid-Atlantic Ridge and Hydrothermal Fields stretch for approximately 120 km east of Flores and Corvo islands. These are fascinating deep-sea hydrothermal fields, including Lucky Strike and Menez Gwen, offering captivating insights into underwater volcanic activity.","With nearly six centuries of continuous human presence, the Azores have earned a significant place in the history of Portugal and the Atlantic, from their role as a crucial stopover for exploratory voyages during the Age of Discoveries to their strategic importance as allied bases during the two World Wars. Bathed in a mild and humid climate the islands have long been renowned for their agricultural activity. Faced with small patches of fertile land, the ingenuity of the Azorean people has throughout the centuries, transformed the landscape into a mesmerising patchwork of terraced fields and sturdy stonewalls, meticulously crafted from local basalt. In the fajãs, small, flat portions of land, typically fertile and cultivable located by the sea Azoreans not only managed to produce all the necessary sustenance but also established the sole tea plantation in Europe, a venture that began in 1820. Today, the islands are also known for their aged cheese and rare wine.&nbsp; The Azores&#39; rich traditions are reflected in their craftsmanship and local delicacies. The Pottery Tradition Centre in Chałupki stands as a testament to the region’s artisanal heritage, offering educational workshops and preserving age-old techniques. Meanwhile, the islands’ unique gastronomy blends traditional methods with modern sustainability practices. The Azores UNESCO Global Geopark offers a diverse range of educational activities aimed at fostering awareness and appreciation for the region&#39;s unique geological and cultural heritage. Hands-on activities such as &quot;Create Your Own Seismograph,&quot; &quot;Mould Your Own Fossils,&quot; and &quot;JellyVolcano – an Effusive Eruption&quot; allow children and visitors to explore scientific concepts in an interactive way. The geopark’s educational agenda extends to critical environmental topics such as climate change, waste management, and biodiversity conservation, with coastal clean-ups and removal of invasive flora sessions integrating practical actions with classroom learning.&nbsp;","“Azorean volcanoes are an eruption of flavours, smells and experiences!”",ha,1288400.0,236657,19.0,False,https://bioportalstprod.blob.core.windows.net/portal-media-public/GP/EUPT01/image/main/EUPT01_main.jpg,https://www.youtube.com/watch?v=GWGQOTA0-Kk,http://www.azoresgeopark.com/?lang=EN,"38.636, -28.995",https://www.unesco.org/en/iggp/azores-unesco-global-geopark
a44ff02c-5ac4-58a7-a9b0-9c84b8cd87d4,EUPT04,Naturtejo UNESCO Global Geopark,PT,2015-01-01,"Visit thermal water springs in the region, including the Termas de Monfortinho and Termas da Fadagosa.Try &quot;Bica de Azeite,&quot; a flatbread made with wheat and olive oil, derived from the Hebrew &quot;pita&quot; bread.Discover the pedrado, a traditional form of pottery from Nisa, decorated with inlaid milky quartz and crafted using carefully selected local raw materials.","Just 12 km after entering Portugal from Spain, the Tagus River—the longest river on the Iberian Peninsula—meets the imposing quartzite ridge of the Tallhadas Mountain. Forced to change course, the river turns nearly 90 degrees and flows north for less than 4 km before exploiting a weakness in the rock to cut through the quartzite barrier near the riverside village of Vila Velha de Ródão. This dramatic passage, known as the Portas do Rodão, gives the impression—especially to those viewing it from the riverbanks—that the Tejo is born from the rocks here, rather than over 600 km upstream in Spain. Naturtejo UNESCO Global Geopark is the largest in continental Portugal and contains geological heritage spanning more than 600 million years. At the Penha Garcia Ichnological Park, 36 different trace fossils provide insight into life on the ocean floor 460 million years ago and the ecological changes associated with the Great Ordovician Biodiversification Event—one of the major periods in the evolution of life on Earth. Monsanto is a village perched on a granite inselberg that rises 350 metres above the surrounding plains. For centuries, its 360-degree views made it a strategic stronghold, leading the Knights Templar to construct a keep at its summit. The village’s streets and houses are built around enormous granite boulders that seem to defy gravity. This distinctive landscape has drawn attention from filmmakers, including for House of the Dragon, a recent spin-off of the Game of Thrones series, which used Monsanto as a filming location.","Rooted in tradition and committed to sustainability, Naturtejo UNESCO Global Geopark is a territory where agriculture—including the production of olive oil, cheese, and meat—and forestry continue to thrive. At the same time, the geopark works to safeguard its geological heritage while promoting tourism and regional development to support a vibrant and sustainable future for local communities. The geopark places strong emphasis on cultural heritage, with 71 protected monuments and more than 2,000 archaeological sites catalogued in the national heritage inventory. Among these are significant locations such as the Conhal do Arneiro Roman gold mine, megalithic structures dating back over 7,500 years, and Bronze and Iron Age burial mounds, all accessible to visitors. The Tagus Valley Rock Art Complex is one of Europe’s most important collections of post-Palaeolithic art, featuring over 20,000 engravings spread across 40 km along both banks of the Tagus River. These engravings, created mainly through perforation, date from 20,000 BC to the late Bronze Age and depict geometric, anthropomorphic, and zoomorphic forms. Cultural events and festivals are an integral part of community life. Supported by the geopark, annual celebrations such as the Templar Penha Garcia Festival, the Arts and Walking Festival in Alpalhão, and the Olive Oil and Smoked Sausages Festival highlight local traditions and promote the region’s cultural and gastronomic heritage.",“Share a moment of deep Time”,ha,506700.0,86703,19.0,False,https://bioportalstprod.blob.core.windows.net/portal-media-public/GP/EUPT04/image/main/EUPT04_main.jpg,https://www.youtube.com/watch?v=Wc-GqN3jSUk,http://www.geoparknaturtejo.com/,"39.848, -7.465",https://www.unesco.org/en/iggp/naturtejo-unesco-global-geopark
b94bdac3-9cbb-5ac9-9e99-2423bbaa16a2,LAMX02,Mixteca Alta UNESCO Global Geopark,MX,2017-01-01,"The cultural and natural heritage is evident in the landscape; archaeological sites, 16th-century colonial churches and convents, as well as extensive areas of natural vegetation, blend with the geology and landforms that create unique landscapes.Explore the Ñu-Un Yucu interpretative trail in Santa María Tiltepec to witness the region’s incredible biodiversity, featuring dense oak and pine forests, vibrant orchids and diverse bird species.Experience the world-famous flavours of Oaxacan cuisine, rooted in Indigenous traditions, featuring unique dishes made with insects, worms and other natural ingredients.","The Mixteca Alta UNESCO Global Geopark is situated in one of the most geologically complex regions of Mexico, at the boundary of two tectonostratigraphic terrains. Its geological foundation includes Precambrian and Paleozoic metamorphic rocks, as well as plutonic formations that form the basement complex. These are overlain by Mesozoic and Cenozoic rocks, volcanic flows, and continental sediments. This diverse geological setting reveals key features of the region’s Earth heritage, including plutonic and tectonic structures such as dikes, sills, and faults, as well as outcrops shaped by spheroidal weathering. The geopark lies within the Sierra Madre del Sur physiographic province, a mountainous landscape shaped by prolonged tectonic activity and volcanism, bordered to the north by the Mexican Volcanic Belt. Sites such as Las Conchas and La Laguna are valued for both geological and cultural significance. At La Laguna, for example, a geological sinkhole formed by water erosion is the focus of active conservation, with access restricted to protect visitor safety and preserve the site.","Mixteca Alta owes its name to the Mixteca civilization, which flourished between the 2nd century BCE and the 15th century CE, and ended at the beginning of the 16th century CE with the arrival of the Spanish conquistadores.&nbsp; The region&#39;s landscape has been shaped by agricultural practices that intentionally induced erosion, a relationship explored through several of the geopark’s geosites. These include gullies, badlands, mass wasting features, lamabordos, and palaeosols. Developed by Mixtec farmers, lamabordos are stone walls designed to capture water and sediment, creating fertile terraces for crops. Still in use today, this technique, dating back 3,400–3,500 years, represents a cultural shift toward sedentary agriculture. During the Postclassic period (circa 1000–1520 CE), this agricultural innovation supported a population of up to 50,000 inhabitants across 111 sites. Today, the population is mainly Indigenous, including groups such as the Chinantecos, Mixes, Mazatecos, Zapotecos, and, mainly, Mixtecos, who are deeply involved in the management of the geopark. Indigenous communities play a central role in preserving both biodiversity and living cultural traditions. Nineteen geotrails have been designed to enable people to visit geosites and other sites of interest. Visitors are guided along these geotrails by local people, who teach them about the geological heritage and its relationship with ecological, historical, archaeological and cultural heritage.","“Erosion, culture and geoheritage”",ha,41540.0,7100,17.0,False,https://bioportalstprod.blob.core.windows.net/portal-media-public/GP/LAMX02/image/main/LAMX02_main.jpg,https://www.youtube.com/watch?v=wMoj0i72SrI,http://www.geoparquemixtecaalta.org/en/,"17.545, -97.333",https://www.unesco.org/en/iggp/mixteca-alta-unesco-global-geopark
734a8a79-d484-54f8-bd31-11a61abf0e70,LAPE01,Colca y Volcanes de Andagua UNESCO Global Geopark,PE,2019-01-01,"The region’s gastronomy with its traditional jallpa is a journey in time to the way Indigenous populations survived the harshness of the region.Throughout the geopark there are traditional and mystical festivities such as&#58; payments to the Pachamama, planting and harvesting water and Catholic masses that are accompanied by dances and bullfights.","Cutting the Colca y Volcanes de Andagua UNESCO Global Geopark in an East-West direction, the Colca Canyon reaches depths of more than 3,400m – twice as deep as the Grand Canyon - making it one of the deepest in the world. It is home to the majestic Andean condor that can be seen exhibiting its two-metre wingspan, gliding close to the canyon’s walls. The diversity of the landscape is impressive and for the most adventurous, hiking the multiple paths that go from the terraced farmlands on the rim to the bottom of this impressive fissure, is a must. Surrounding the canyon, the area is known as the Valley of Andagua, a vast stretch of volcanic landforms where 25 volcanic cones, lava domes and lava flows can be observed like nowhere else. These are testimony to millennia of eruptions that have formed lava flows, dense pumice clouds and lahars from melting icecaps that have threatened the populations in the vicinity since the dawn of ages. However, our planet’s history has always been a dichotomy between creation and destruction, and the volcanoes of Andagua have also provided the building materials for one of the most outstanding cities in the world, Arequipa, the White City, a UNESCO World Heritage Site. Arequipa is the region’s most important urban centre and the second most populated city in Peru. Founded in 1540 within a valley previously cultivated by pre-Hispanic societies, the city sits at the base of Mount Misti an active imponent volcano. Formed by 49 original blocks of the Spanish layout and 24 blocks from the colonial period and the 19th century, the city is characterised by its predominantly white or pink volcanic rock (sillar) constructions that lend it a unique charm shaped by both natural phenomena and historical circumstances. The convergence of pre-existing Indigenous communities, the Spanish conquest and subsequent evangelisation, the awe-inspiring natural surroundings, and the recurrent earthquakes all contribute to an intricate identity. This city stands as a testament to the resilience of its inhabitants against the forces of nature and the unwavering spirit of diverse cultures in times of adversity.","In llama land, with the Andes volcanoes as a backdrop and home to one of the deepest canyons in the world, the Colca y Volcanes de Andagua UNESCO Global Geopark is part of the ancestral home of the Huancarama, Coporaque, Sibayo, and Cabanaconde Indigenous peoples. Its geological features are deeply intertwined with the cultural identity of its inhabitants, who revere the mountains as sacred spirits known as &quot;Apus.&quot; These Apus are believed to protect and provide for the people, forming a millenary religious system that views the land as a sacred space. Mining, particularly of gold and silver, has historically been a cornerstone of the region&#39;s economy. Some of these mines have been active since ancient times, providing livelihoods for generations. Today, funds generated from tourism are increasingly allocated to environmental and cultural conservation efforts, ensuring the preservation of this unique landscape for future generations. Cultural sustainability is also prioritised, with the preservation and promotion of traditions that reflect the profound connection between people and their geological heritage. The Andean Sanctuary Museum in Arequipa showcases this legacy through the famous Mt. Ampato Maiden, also known as the &quot;Juanita mummy,&quot; discovered in 1995. Her remarkably preserved remains, found in ceremonial robes at the summit of Mount Ampato (6,715 m), provide invaluable insights into the region&#39;s genetic, cultural, and religious history. The living heritage of local communities is further expressed through handicrafts, music, and Andean cuisine, which form an integral part of the visitor experience.&nbsp;",,ha,658243.0,32381,7.0,False,https://bioportalstprod.blob.core.windows.net/portal-media-public/GP/LAPE01/image/main/LAPE01_main.jpg,,,"-15.4625, -72.1625",https://www.unesco.org/en/iggp/colca-y-volcanes-de-andagua-unesco-global-geopark
5ffa7459-d6af-5a03-9f09-a565af907baa,NACA05,Tumbler Ridge UNESCO Global Geopark,CA,2015-01-01,"Visit Kinuseo Falls, a 60-metre waterfall, taller than Niagara and surrounded by remote wilderness.Hike the Monkman Pass Memorial Trail, a six-day route through untouched mountains and waterfalls named after fur trader Alexander Monkman.Take the Shipyards-Titanic and Boulder Gardens route through alpine wildflower meadows and towering rock columns to formations that resemble life-sized petrified ships, shaped by the collapse of the Babcock Mountain slopes.","On the eastern edge of the Rocky Mountains—the largest mountain system in North America, stretching 4,800 km from Canada to New Mexico—the Tumbler Ridge UNESCO Global Geopark is a remote and wild mountainous region of breathtaking views. The geopark has a long and complex geological history. Its rocks bear witness to ancient glaciations during the existence of the supercontinent Rodinia (1.1 billion to 633 million years ago); the deposition of carbonate sediments in warm, shallow waters where sponges, corals and crinoids lived (525 to 252 million years ago); the rise and fall of dinosaurs during the Jurassic and Cretaceous periods (173 to 66 million years ago), when the region consisted of swampy coastal plains and river deltas where extensive coal deposits were forming; multiple mountain-building events, including the formation of the Rocky Mountains (80 to 55 million years ago); and finally, a recent ice age that covered the region in thousands of metres of ice, shaping the topography of the geopark, deepening valleys and steepening mountain slopes. The crown jewel of the geopark is Kinuseo Falls, a majestic waterfall located 65 km from Tumbler Ridge in Monkman Provincial Park. The 60-metre cascade—slightly taller than Niagara Falls—is also a departure point for those exploring the region via the Monkman Pass Memorial Trail, a six-day, 63-km wilderness route through untouched mountains. The trail includes the breathtaking Monkman Cascades, a series of ten waterfalls named after Alexander Monkman, a fur trader based in the Peace River Country who discovered Monkman Pass.","Tumbler Ridge UNESCO Global Geopark is situated on the traditional and ancestral territories of the Tse&#39;khene, Dunne-za, Saulteau, and Nêhiyawak (Cree) First Nations. Archaeological sites across the geopark reflect the long-standing presence, culture, and knowledge of Indigenous communities in the region. Hunting, fishing, and trapping remain important cultural and subsistence practices, governed by regulations that support sustainable harvesting and wildlife population monitoring. Traditional activities such as meat smoking—particularly of fish and red meat—and ice fishing on nearby lakes continue to be part of everyday life. Tourism activities such as hiking, nature observation, and wildlife spotting offer opportunities to experience the region’s diverse alpine and subalpine ecosystems. The geopark is home to moose, black and grizzly bears, mountain caribou, goats, marmots, and mountain lions, and serves as a migratory route for Golden Eagles. Natural features such as Bergeron Falls—the tallest accessible waterfall in northern British Columbia—also attract winter visitors, including ice climbers.",“World Class trackways and fossils form the cornerstone of Tumbler Ridge UNESCO Global Geopark”,ha,847800.0,2215,0.3,False,https://bioportalstprod.blob.core.windows.net/portal-media-public/GP/NACA05/image/main/NACA05_main.jpg,https://www.youtube.com/watch?v=_wzLt_5zKZQ,http://tumblerridgegeopark.ca/,"54.917, -120.922",https://www.unesco.org/en/iggp/tumbler-ridge-unesco-global-geopark
c6df27c2-e386-5b28-9a14-5d770dba7bf6,ASCN42,Enshi Grand Canyon-Tenglongdong Cave UNESCO Global Geopark,CN,2024-01-01,"Explore the spectacular Tenglongdong Cave system, shaped by tectonic uplift and home to multi-level karst chambers.Experience Tujia, Miao and Dong ethnic heritage through traditional dances, stilted houses, festivals and folk music.Visit Jiantianba village to see China’s largest Late Permian sponge fossil reefs and a growing rural geotourism route.","Enshi Grand Canyon–Tenglongdong Cave UNESCO Global Geopark lies in the southwest of Hubei Province and is renowned for its world-class erosion and dissolution landscapes. The geopark&#39;s geological features span exposed strata from the Cambrian to the Cretaceous periods (approximately 539 to 66 million years ago), with the most extensive formations found in the Permian and Triassic carbonate rocks. These rocks form the foundation of a spectacular karst landscape —defined by steep cliffs, deep gorges, disappearing rivers, and vast cave systems—deeply dissected by the Qingjiang River. Stepwise tectonic uplift linked to the collision of the Indian and Eurasian plates gradually raised the region, forming multiple planation surfaces. This process gave rise to iconic landforms such as the Enshi Grand Canyon and the multi-level Tenglongdong Cave system, recognised for their scientific, educational and aesthetic value. The Yunlonghe Gorge area, located at the boundary between the Permian and Triassic periods, preserves evidence of large-scale volcanic activity connected to the Permian–Triassic mass extinction. The geopark is a biodiversity hotspot, with forest cover reaching 67.3% across its 450 km². It supports over 4,000 plant species and 500 species of terrestrial vertebrates, including numerous nationally protected flora and fauna.","Beyond the geopark’s geological splendour, the rich cultural heritage of the Tujia, Miao and Dong ethnic minority groups lies at the heart of the territory. Visitors can experience traditional architecture, folk songs, dances, and festivals, which enrich their understanding of the region&#39;s cultural fabric. The area is home to rich intangible heritage including woodcarving, opera, brocade weaving and the Tujia “hand-waving” dance. Performances such as the large-scale “Dragon Boat Tune” allow local communities to share their traditions while generating income through tourism. In this way, the geopark strengthens cultural identity while supporting livelihoods. Education is a core priority. The geopark runs environmental outreach through the “six entries” approach—bringing geoscience into parks, scenic areas, schools, homes, and local communities. Local schools such as Mufu Middle School and Mazhe Primary School host dedicated geology showrooms and hands-on activities, encouraging students to learn about the region’s unique landforms and how to protect them. Interpretation plays a key role in connecting visitors and residents with their landscape. The geopark has constructed 11 science corridors and installed over 350 boards explaining geological, ecological and cultural features. Each area showcases its own strengths—Mazhe is known for geological hazards, Jiantianba for sponge fossil reefs, and Tuanbao for karst sinkholes. Geological showrooms are being developed to highlight these local identities.",,ha,67919.0,0,0.0,False,,,http://dzgy.enshi.cn/english/,"30.442, 109.171",https://www.unesco.org/en/iggp/enshi-grand-canyon-tenglongdong-cave-unesco-global-geopark
46fa99e6-ca48-5b91-bec6-239ab15365f9,ASCN44,Longyan UNESCO Global Geopark,CN,2024-01-01,"Visit the Peitian Roundhouses to experience living Hakka heritage in traditional cobbled villages.Watch a performance of Western Fujian Han Opera or join in the Longyan Spring Lantern Dance.Visit the rich forest of the Meihuashan Mountain, home to endemic animal and plant species, including the&#160;Panthera tigris amoyensis&#160;(South China tiger) and the rare&#160;Taxus chinensis var. Mairei&#160;(Chinese Yew).","Longyan UNESCO Global Geopark offers a geological record of tectonic evolution in southeast China spanning more than 300 million years. Located on the southeastern margin of the South China Plate, the region preserves a continuous sequence of geological strata from the Neoproterozoic to the Cenozoic, capturing key episodes in South China’s transition from continental collision to oceanic subduction. The geopark’s geological heritage includes several sites of international significance. The Meihuashan granitic complex—formed between 430 and 95 million years ago—covers over 1,000 km² and illustrates the multi-phase granite magmatism of the region. The Guanzhaishan red bed basin, formed in the Late Cretaceous, is the foundation for the Danxia landforms that define the area’s dramatic red cliffs and layered rock formations. Volcanic features such as the Nanshanding Mesozoic caldera represent early signs of the Paleo-Pacific Plate’s subduction, while the Zijinshan copper–gold deposit is globally unique—recognised as the first high-sulphur epithermal ore deposit of its kind in the circum-Pacific volcanic-magmatic belt. Today, a preserved section of the mine wall serves as a public geosite. The park also showcases textbook examples of Danxia landform evolution, from youthful peaks to old eroded surfaces, including rare monocline peaks and rock wall clusters. This range makes Longyan a valuable site for geoscientific research and education. In addition to its geological richness, the geopark is home to the densest natural forests in West Fujian. Meihuashan Mountain—locally known as the “Mother Mountain of Fujian Province”—reaches a forest coverage rate of 95.4%. It supports high biodiversity, including the critically endangered South China tiger (Panthera tigris amoyensis) and the rare Chinese yew (Taxus chinensis var. mairei).","Longyan is the birthplace of Hakka culture, a distinctive community that migrated from central China and settled in this region over 800 years ago. Many Hakka people still live in traditional villages and continue to practise their customs, fostering strong intergenerational ties. In some villages, residents provide meals and support to elders over the age of 80—an enduring example of communal care and solidarity. Hakka architecture is one of the most visible expressions of this cultural heritage. The Peitian Landscape Roundhouses, arranged along cobbled streets, showcase the compact, defensive design typical of Hakka settlements. These buildings are both preserved and inhabited, with tourism offering new opportunities to celebrate and sustain the traditional way of life. Longyan is known as “the jewel of Hakka folk culture”, with nearly 20 cultural practices passed down through generations. Six have been recognised as National Intangible Cultural Heritage, including Western Fujian Han Opera, Hakka “Shi Fan” music, the Art of Tulou Architecture, and traditional woodblock printing. Local festivals such as the Spring Lantern Celebration and the Longyan Pick-Tea Lantern Dance remain vibrant public events. Unique traditions continue today. “You Da Long” is a communal dragon dance performed in large formations, while “Zou Gu Shi” sees residents dress in traditional clothing for a street carnival. Puppet shows, folk music, and local opera performances all contribute to a living cultural landscape.",,ha,217500.0,0,0.0,False,,,,"25.459, 116.713",https://www.unesco.org/en/iggp/longyan-unesco-global-geopark
693dc00a-c892-57e0-a2be-f6420153d8a3,ASCN45,Mount Changbaishan UNESCO Global Geopark,CN,2024-01-01,"See Tianchi Lake, the largest and highest volcanic crater lake in northeast Asia, surrounded by 16 dramatic peaks.Explore Manchu cultural heritage such as traditional paper cutting and sacred forest rituals.Discover rare alpine ecosystems across Changbaishan’s volcanic slopes, from red pine forests to tundra flora above 2,100 metres.","Located in southeast Jilin Province, Mount Changbaishan UNESCO Global Geopark is a remarkable natural record of volcanism. The geopark spans the junction between the northeast margin of the North China Plate and the Pacific volcanic orogenic belt, an area marked by strong magmatic activity across multiple geological eras. Mount Changbaishan is one of the best-preserved composite volcanoes in northeast Asia, formed through repeated volcanic episodes from the Quaternary period. The most significant of these—the so-called ‘millennium eruption’ about 1,000 years ago—was one of the largest explosive eruptions in modern history. This Plinian-type eruption produced extensive pyroclastic deposits, now considered a geological site of international importance. Volcanic activity in the region dates back to the Archean and Proterozoic, with phases of magma intrusion, island-arc volcanism, and lithospheric thinning all contributing to the area&#39;s complex geology. These processes have created diverse rock types, multi-phase volcanic cones, and layered pyroclastic gorges. At the summit of Mount Changbaishan lies Tianchi Lake, the largest and highest crater lake in northeast Asia. Surrounded by 16 peaks, the lake occupies a classic caldera formed by past eruptions. Water began to accumulate tens of thousands of years ago following the Tianwenfeng eruption and re-filled after the millennium eruption. With its scientific value and stunning scenery, Tianchi Lake is both a key research site and a major visitor attraction.","Mount Changbaishan UNESCO Global Geopark works closely with local communities to promote sustainable tourism, restore ecosystems, and protect cultural heritage. Most recently, efforts have focused on rehabilitating the freshwater ecosystem at the source of the Songhuajiang River—an important environmental project carried out in collaboration with residents. The geopark is considered the birthplace of the Manchu ethnic group, who trace their lineage to the Nϋzhen people of the Jin Dynasty. Mount Changbaishan was historically revered as sacred land, and remnants of that spiritual tradition remain. Key archaeological sites include the Changbaishan Shrine in Baoma Village—built by the imperial family during the Jin Dynasty—and the Bagua Temple near Tianchi Lake, once dedicated to the god of the mountain. Intangible heritage is also deeply rooted in daily life. Manchu paper cutting, made with locally produced rough paper, depicts rituals, beliefs, and customs such as weddings, funerals, and worship. This intricate craft was inscribed on China’s national intangible cultural heritage list in 2008 and recognised globally in 2009. Traditional forest work songs—once sung by loggers to coordinate rhythm and effort while hauling timber—are now endangered but remain a symbol of collective identity. Similarly, the local custom of wild ginseng collection continues to reflect values of ecological respect, traditional knowledge, and careful stewardship of the forest environment.",,ha,272383.0,0,0.0,False,,,,"42.042, 127.915",https://www.unesco.org/en/iggp/mount-changbaishan-unesco-global-geopark
c81ed64e-f7f7-5ef2-ba6f-9fb734cab974,EUFI05,Impact Crater Lake – Lappajärvi UNESCO Global Geopark,FI,2024-01-01,"Touch real impact-altered rocks and micro-diamonds formed 78 million years ago at Europe’s largest confirmed meteorite crater lake.Experience local heritage through the region’s 32 museums, including the Nelimarkki Art Museum and the Villa Vainola folk museum.Discover living traditions such as Finnish Baseball, log rolling championships, and folk music performances.","Impact Crater Lake – Lappajärvi UNESCO Global Geopark is located in South Ostrobothnia, in western Finland. Its centrepiece is the Lappajärvi Impact Crater Lake, the largest confirmed impact crater lake in Europe. Formed 78 million years ago by a meteorite collision, it represents one of the youngest and most extensively studied impact structures in the world, with nearly 200 international scientific publications contributing to its understanding. The territory preserves the geological legacy of this rare event and invites visitors to engage with it directly. At various sites, visitors can touch the impact-altered rocks, including diamonds formed under the extreme pressure of the collision. Interactive exhibits offer virtual reality experiences, including journeys into the asteroid belt to witness the moment of impact. Among the most notable geological features in the geopark is Pyhävuori in Alajärvi, home to the prominent Uhrikivi, or “Sacrifice Rock.” Standing approximately five metres high and eight metres wide, it offers dramatic views and insight into the area’s diverse geology.","Impact Crater Lake – Lappajärvi UNESCO Global Geopark works closely with its local communities to promote sustainable development, cultural continuity, and economic wellbeing. Local natural resources are used in everyday life, with fish and products from the crater lake used in school meals. Cultural heritage plays a central role in community life. Institutions such as the Nelimarkki Art Museum and the Regional Art Museum of Southern Ostrobothnia host exhibitions, educational programmes, and artist residencies. The Villa Vainola folk museum offers visitors a vivid snapshot of traditional rural life. Traditional skills and practices such as forestry and log rolling remain part of local identity. The national log rolling championships are held in the area, demonstrating historic techniques for transporting timber along rivers and lakes. Intangible heritage is celebrated through narrative songs, folk costumes, and traditional dance. Local music, such as tanhu, and outdoor summer theatre continue to animate rural spaces. Events like dance hall performances and theatre on small stages help keep local traditions alive. Folk costumes with roots in the 18th and 19th centuries are still worn at events like those held at Villa Vainola. The Meteor Centre brings together geology, education, and community outreach. It features engaging displays, a study base for school groups, and a 12-minute immersive VR journey into the asteroid belt.",,ha,230400.0,20100,0.0,False,,,https://kraatterijarvigeopark.fi/,"63.118, 23.772",https://www.unesco.org/en/iggp/impact-crater-lake-lappajarvi-unesco-global-geopark
9dc6bbeb-7456-5b04-b156-37ad7967f3c8,EUHR03,Biokovo-Imotski Lakes UNESCO Global Geopark,HR,2024-01-01,"Walk through traditional agricultural landscapes shaped by centuries-old dry-stone wall construction, still practised today.Explore Biokovo Mountain, part of the Dinaric Alps, with over 400 pits and caves and the third-highest peak in Croatia, St George Peak.Taste the traditional čupter grape must cake.","The Biokovo-Imotski Lakes UNESCO Global Geopark is situated in central Dalmatia. It sits at a unique intersection of Mediterranean and Central European landscapes and cultures. At the heart of the geopark lies Biokovo Mountain, part of the Dinaric Alps, featuring the third-highest peak in Croatia—St George Peak—rising to 1,762 metres above sea level. This high karst mountain is a geological marvel, housing more than 400 pits and caves and characterised by a central high plateau with striking polygonal karst formations. The geopark’s natural wonders include the Red Lake, the deepest karst lake in Europe, formed from the collapse of a massive doline (sinkhole). The Blue Lake, another striking feature, is considered one of Croatia’s most beautiful karst lakes. Both the Red and Blue Lakes are designated as some of the world’s most remarkable natural phenomena, reflecting the region’s exceptional geomorphology and high-karst setting.","The Biokovo-Imotski Lakes UNESCO Global Geopark is situated in central Dalmatia, at the meeting point of Mediterranean and Central European landscapes and cultures. Local communities across this karst region have developed livelihoods and traditions shaped by the area’s unique geology and climate. The Vrljika River winds through the fertile Imotski Region, providing vital freshwater sources and supporting agriculture. Known locally as the ‘source of sustenance’, it has enabled generations of farming communities to thrive. Vineyards and gardens are widespread, and watermills such as the historic complex at Perinuša illustrate the long-standing use of natural resources for economic activity. Cultural heritage is preserved at hundreds of recorded sites across the geopark area, particularly archaeological sites and medieval heritage. Among these are prehistoric fortifications, Roman and Greek architecture, and medieval monasteries. The region is also known for stećak tombstones—unique medieval monuments recognised as UNESCO World Heritage. These are found in several locations in and around the geopark, including sites near Cista Velika, Zagvozd, and Župa Biokovska. Intangible heritage is also a defining part of the region’s identity. The art of dry-stone wall construction, a practice dating back to prehistoric times, remains a dominant feature of the landscape. Other traditions include the kantanje sung laments and the preparation of the Makarana cake and čupter grape must cakes, practices passed down through generations.",,ha,43100.0,25000,0.0,False,,,https://gp-biokovoimotski.com/geopark-biokovo/,"43.385, 17.111",https://www.unesco.org/en/iggp/biokovo-imotski-lakes-unesco-global-geopark
fdc6f7ef-0777-561e-b090-93e0018f8c87,LABR06,Uberaba UNESCO Global Geopark,BR,2024-01-01,"Explore Peirópolis Geosite, home to Brazil's highest concentration of dinosaur eggs and vertebrate fossils, featuring attractions like the Dinosaur Museum and the L.I. Price Paleontology Research Center.Visit Serra da Galga Geosite, an internationally significant excavation site with new infrastructure planned for tourists and school visits.Celebrate Dinosaur Week in September with hands-on excavation activities, workshops, and guided geosite tours.","Nestled within Brazil’s Cerrado biome, the Uberaba UNESCO Global Geopark stands as a testament to Earth&#39;s geological and palaeontological history. The Serra da Galga and Serra Geral formations feature prominently, their basalt flows chronicling volcanic episodes that paved the way for the breakup of the Gondwana supercontinent and the emergence of the South Atlantic Ocean. These flows cap the Botucatu Formation, a significant geological layer that houses the Guarani Aquifer—one of the largest freshwater reserves in the world. The geology of the Uberaba region also includes sedimentary sequences from the Bauru Basin, formed during the Upper Cretaceous period. These sequences, such as the Uberaba and Marília formations, showcase depositional environments that alternated between river plains, interbedded fluvial systems, and shallow lagoons, creating ideal conditions for fossil preservation. Notable lithological features include fine-grained sandstones interspersed with silty deposits and conglomerate layers, which serve as a record of ancient ecosystems and climatic fluctuations. The Serra da Galga Formation, in particular, stands out for its fossiliferous abundance and diverse palaeontological discoveries, including ichnofossils of invertebrates and megafauna remains. The geopark’s title, “Land of the Giants,” reflects its rich palaeontological heritage. Over 10,000 fossils from the Late Cretaceous period have been recovered. Highlights include the Uberabatitan ribeiroi, a colossal dinosaur measuring 27 metres in length and 10 metres in height, alongside fossils of crocodyliforms, turtles, and other prehistoric species. These discoveries are concentrated in formations like Serra da Galga, which represent some of the last chapters of the non-avian dinosaur era. The region’s palaeontological wealth even extends into urban areas, with fossils discovered in construction sites across the city. Peirópolis Geosite, a hub for vertebrate palaeontology, lies at the heart of these discoveries. Known for its extensive dinosaur egg findings and vertebrate fossils, this geosite is home to the Dinosaur Museum and the L.I. Price Palaeontology Research Center.","The Uberaba UNESCO Global Geopark seamlessly integrates its scientific heritage with community-driven initiatives to foster sustainability and inclusivity. Zebu cattle farming, a pioneering practice introduced by local farmers in the late 19th century, is a cornerstone of the region&#39;s agricultural identity. This initiative revolutionised the Brazilian livestock market, positioning Uberaba as a global leader in sustainable cattle breeding. Compared to traditional methods, Zebu cattle farming produces significantly lower CO₂ emissions, addressing critical global sustainability challenges. The annual EXPOZEBU, now in its 89th edition, highlights the breed’s contributions to sustainable animal protein production and showcases advancements in science, culture, and technology. Geotourism plays a pivotal role in uplifting local communities. Peirópolis, the geopark’s cultural and scientific heart, exemplifies this through initiatives like the Casa do Turista, where local artisans sell handicrafts, homemade sweets, and other regional goods. This vibrant hub of geotourism directly supports residents’ livelihoods while preserving cultural traditions. Similarly, the revitalisation of the historic Peirópolis Railway Station into a Cultural and Scientific Complex has transformed it into a centre of palaeontological excellence, attracting visitors and fostering economic resilience. Community-focused projects further enhance inclusivity and sustainability. The “Sewing a Better Future” initiative trains women in geoproduct crafting, providing vocational skills and creating sustainable income streams. Educational programmes, such as the Teacher Training Course for the Uberaba Geopark, engage educators in geoscience and heritage education, reaching over 40,000 students and fostering a deeper connection to the region’s heritage.",,ha,452300.0,340000,0.0,False,,,https://www.geoparqueuberaba.org/,"-19.593, -47.973",https://www.unesco.org/en/iggp/uberaba-unesco-global-geopark
b45a3afe-faa6-5ec0-b921-c0efacdf7038,ASCN49,Yunyang UNESCO Global Geopark,CN,2025-01-01,"Explore the famous “Great Wall of Dinosaur Fossil,” an 18-kilometre stretch of fossil-bearing rock layers dating back approximately 170 million years.Witness one of the world’s deepest sinkholes, plunging to a depth of 335 metres.Visit Zhangfei Temple, originally built during the Three Kingdoms period to honour General Zhang Fei, known for its distinctive calligraphy, sculptures and harmonious integration with mountain and river landscapes.","Yunyang UNESCO Global Geopark, located in Chongqing Municipality in southwest China, features low to medium mountains and distinctive hilly landforms. Its geological history spans nearly 260 million years, recording the disappearance of an inland sea and the formation of a terrestrial environment that followed. The geopark is best known for its dinosaur-rich fossil deposits, most notably the ‘Great Wall of Dinosaur Fossils’—an 18 km stretch of sedimentary rock laid down between 175 and 161 million years ago. This sequence contains thousands of fossils, including plesiosaurs, crocodilyiforms, turtles, ray-finned fishes, and early amphibians. In one spectacular outcrop measuring 150 metres wide and 6–10 metres high, approximately 5,000 dinosaur fossils are exposed. These finds are globally significant as they fill a critical knowledge gap in understanding dinosaur evolution during the Middle Jurassic, especially the early part of the period. Yunyang is also characterised by dramatic karst landscapes formed through the interaction of limestone formation, tectonic deformation, and long-term dissolution in a humid climate. These processes have created a variety of features including sinkholes, canyons, caves, funnels, and stone columns. Among them, one sinkhole measures 335 metres deep, ranking fifth in the world and offering valuable insights into karst processes and formation.","Yunyang UNESCO Global Geopark has a rich cultural history spanning over 2,300 years, with temples, traditional villages and fortresses strategically positioned along the Yangtze River. The geopark is home to the Tujia ethnic group, who have sustained distinctive traditions including root carving, brocade weaving and waving dances. To ensure these traditions thrive, the geopark works with local communities to support the production and sale of handicrafts, while local schools have incorporated lessons that teach these traditions to younger generations. Events such as the Tujia Daughters&#39; Meeting and cultural art exchanges provide local communities with opportunities to share their heritage and engage in the geopark’s development. The geopark’s museums and multiple tourist information centres—located in key scenic areas—offer visitors access to science education materials, guide services and interpretive tools. Yunyang also promotes geotourism and local development through the “Born in Yunyang” brand, which actively supports agricultural products such as citrus, black fungus, chrysanthemum, honey, tea and Yunyang beef.",,ha,112400.0,,,False,https://bioportalstprod.blob.core.windows.net/portal-media-public/GP/ASCN49/image/main/Qingshui_Lake_%E7%8E%8B%E5%AE%B6%E7%A6%8F_Wang_Jiafu.JPG,,http://www.yunyanggeopark.com,"30.77, 107.88",https://www.unesco.org/en/iggp/yunyang-unesco-global-geopark
73aebd7a-b7c3-5576-8cdf-c66be13b4f91,ASID11,Kebumen UNESCO Global Geopark,ID,2025-01-01,"Explore Seboro Village, home to two iconic geosites—Lava Bantal and Lincak Merah—featuring volcanic rock formations and vividly coloured layers that date back 80 million years.Learn about community-led turtle conservation efforts at Jogosimo, Tambak Mulyo, and Lembu Purwo Beach, where eggs are safeguarded from poaching and nurtured in secure hatching areas.Engage with the rich cultural tapestry of Kebumen, shaped by diverse historical influences and expressed through local crafts, traditional cuisine, language, and customs.","Kebumen UNESCO Global Geopark offers a remarkable record of Earth’s geological past, showcasing the oldest rock formations on the island of Java. A key feature is the Karangsambung site, a natural laboratory of oceanic and continental margin rocks that illustrate plate tectonic theory—showing how an ancient ocean floor was pushed up to the surface. These rocks document the subduction of the Indo-Australian plate beneath the Eurasian plate between 119 and 55 million years ago, a process that formed metamorphic rocks and exposed deep-sea materials. Between 55 and 25 million years ago, sedimentary rocks were deposited in tectonic basins, followed by volcanic activity between 25 and 16 million years ago. A subsequent pause in volcanism, combined with rising sea levels, led to the formation of fossil-rich limestone layers, while renewed volcanic activity from 10 to 2 million years ago left a distinct sequence of volcanic ash and limestone. These geological episodes have created a diverse and dynamic landscape, featuring ancient marine fossils, dramatic limestone karsts, underground rivers, and dozens of cave systems shaped by erosion and karstification.","The cultural richness of Kebumen UNESCO Global Geopark is deeply rooted in Javanese traditions, crafts, and cuisine, shaped over centuries by the region’s geological features. Settlement patterns and agricultural practices have long been influenced by proximity to rivers and groundwater sources, while spiritual and cultural expressions reflect this strong connection between geology and community life—from the Megalithic era to the Hindu-Buddhist and Islamic periods. One key example of environmental stewardship is the turtle conservation initiative at Jogosimo, Tambak Mulyo, and Lembu Purwo beaches. Here, eggs once threatened by hunting are now carefully relocated to secure hatching sites, protecting endangered species and raising awareness of conservation issues. Traditional crafts also play an important role in sustaining local identity and livelihoods. In Wonorejo Village, the Jiemat geopark programme teaches schoolchildren how to weave Pandanus leaves—used for generations to make bags, mats, and sandals—preserving this local wisdom. In Grenggeng Village, the Kebumen Youth Forum strengthens this heritage by supporting pandanus crafters with training in digital marketing, linking ancestral knowledge with new opportunities.","Pandanus weaving has existed since our ancestors’ time. Our hope is that pandanus weaving, as part of Kebumen’s cultural heritage, becomes known around the world while benefitting our community.
— Bu Eko, Pandanus Craftsman, Kebumen UNESCO Global Geopark",ha,116100.0,,,False,https://bioportalstprod.blob.core.windows.net/portal-media-public/GP/ASID11/image/main/06_Radiolarian_Watu_Rijang__Lava_Bantal__Rizal_Nur_Alfian.jpg,,https://geoparkkebumen.id/,"-7.61, 109.58",https://www.unesco.org/en/iggp/kebumen-unesco-global-geopark
70f3a5fa-2031-55d6-913b-029ac9a11de8,ASID12,Meratus UNESCO Global Geopark,ID,2025-01-01,"Learn about Sasirangan fabric, a key part of the Banjar Tribe’s identity, with each motif reflecting cultural heritage dating back to 1335.Visit the Sewangi Traditional Shipyard on Sewangi Island, an historic boatbuilding centre where visitors can observe traditional wooden ship construction and learn about the region’s riverine heritage.Take in the panoramic views from Matang Kaladan, where Jurassic-era metamorphic rocks rise above Lake Riam Kanan, offering striking geological features and stories deeply rooted in local legend and cultural memory.","Meratus UNESCO Global Geopark offers a fascinating geological record of complex tectonic evolution beginning in the Jurassic period, 201 to 145 million years ago. The geopark is home to the oldest and most complete ophiolite sequence in Indonesia—rare seafloor rocks that were uplifted onto land between 137 and 110 million years ago due to tectonic plate collisions. This makes Meratus a key site for understanding subduction-related geological processes. Subsequent tectonic activity uplifted marine limestones deposited between 36 and 16 million years ago, forming dramatic karst landforms and extensive cave systems. The dynamic geological history has shaped a varied landscape of mountains, valleys, rivers, waterfalls and lakes, ranging from lowlands to peaks reaching 1,900 metres above sea level. The area also contains alluvial deposits formed over the past one million years that are rich in diamonds, supporting traditional artisanal mining. This geological diversity has fostered rich biodiversity, including orchid species such as moon orchids and sugarcane orchids. The Bekantan long-nosed monkey, once endangered, is now the mascot of South Kalimantan Province. The geopark has supported mangrove restoration efforts that are critical to the species’ survival, contributing to a gradual recovery of the population.","Meratus UNESCO Global Geopark is home to two main Indigenous groups, the Banjar and Dayak tribes, who continue to uphold their distinct ways of life. The Banjar people have traditionally relied on rivers for transport and trade. The Floating Market of Lok Baintan, where goods are exchanged from small boats known as jukung, is one of the region’s best-known cultural landmarks. The Dayak Meratus tribe draw on forest knowledge and bamboo resources, with traditional techniques such as Balanting Paring—a method of bamboo rafting used for transport. Cultural heritage is well recognised and actively passed on through festivals, education, and community events. The Sasirangan fabric is a cornerstone of Banjar identity, dating back to 1335, with each colour and motif carrying symbolic meaning. Traditional Banjar houses and shipyard sites are also protected as intangible heritage. The Meratus Great Culture Carnival, the Meratus Geopark Run, and floating market festivals are among the public events that highlight the region’s cultural richness and attract visitors.",,ha,346500.0,,,False,https://bioportalstprod.blob.core.windows.net/portal-media-public/GP/ASID12/image/main/14.jpg,,https://www.meratusgeopark.org,"-3.21, 115.03",https://www.unesco.org/en/iggp/meratus-unesco-global-geopark
07be7f16-534f-5461-b438-81988ff9279f,ASKP01,Mt Paektu UNESCO Global Geopark,KP,2025-01-01,"Hike to Lake Chon, a vast caldera lake formed by a major eruption in 946 A.D., and explore volcanic features such as lava towers, hot springs, and mushroom-shaped rocks along Mt. Paektu’s summit rim.Experience geothermal activity at Rimyongsu Falls, where magma-heated groundwater cascades from volcanic rock, and unwind in nearby hot springs surrounded by alpine landscapes.Discover food traditions based on potato starch, shaped by the community’s adaptation to a cold, mountainous climate.","Mt Paektu UNESCO Global Geopark is marked by a fascinating geological legacy, with spectacular landscapes shaped by volcanic eruptions and glacial erosion. It is the first UNESCO Global Geopark to be nominated in the country. Mt Paektu sits at the heart of the geopark and is a key site for understanding volcanic activity. It was the location of one of the largest eruptions in recorded history – the Millennium Eruption in around 1000 CE – which spread volcanic ash as far as Japan and created extraordinary geological features, including Lake Chon, a striking caldera lake that sits at 2,190 metres above sea level. The aftermath of the eruption is vividly preserved in the landscape. Hot springs, carbonised trees and rising magma channels in the Janggun Peak laccolith offer a rare glimpse into different stages of volcanic eruptions. Today, geophysical research continues to monitor Mt Paektu’s volcanic zone where magma chambers and gaseous emissions hint at ongoing activity. The geopark extends across 1,326 square kilometres in Samjiyon County, Ryanggang Province, and is geographically divided by the Paektu mountain range. Its volcanic landscape includes both explosive and effusive eruption features, shaped by multiple eruptions of varying chemical composition over time. Glacial landforms such as cirques, moraine hills and outwash plains further contribute to the diversity of its topography. The site demonstrates a dynamic interplay of geological processes and remains under scientific observation due to its potential for future volcanic activity.","For centuries, Mt Paektu has been celebrated as an ancestral mountain, a symbol of dignity with deep spiritual and cultural significance. This reverence is reflected in centuries of poetry and travel writings, including works such as Pounjib (1533), Chongguyongon (1727) and Kwangokjib (1895). At the foot of Janggun Peak, a stone relic known as “Ryongsinbigak” was unearthed—believed to symbolise the Dragon God who protects Lake Chon. The inscription reflects early 20th-century beliefs in the sacredness of the lake and its protective role. The area is also home to enduring traditions such as the “Arirang” folk song, and food customs centred on potato starch—a reflection of the community’s adaptation to the region’s cold, mountainous climate, where temperatures average -0.6°C annually and can fall as low as -19.8°C in January. The practice of making potato starch, along with related traditions such as producing frozen potato noodles, fresh kimchi, and cultivating medicinal herbs, has been formally recognised as intangible heritage through cooperation with the Samjiyon City National Heritage Conservation Office. The geopark promotes sustainable tourism by developing guided routes to volcanic landmarks and improving accessibility through infrastructure such as cable cars, hiking trails, and planned rail links. Seasonal activities, winter festivals, and year-round geotourism initiatives help sustain the local economy, while residents play an active role in preserving and sharing traditional knowledge.",,ha,132600.0,,,False,https://bioportalstprod.blob.core.windows.net/portal-media-public/GP/ASKP01/image/main/Photo_05-Lake_Chon_on_Top_of_Mt_Paektu.jpg,,,"41.89, 128.23",https://www.unesco.org/en/iggp/mt-paektu-unesco-global-geopark
197d1096-3cbe-5a5a-900d-54200bc935dd,ASKR07,Gyeongbuk Donghaean UNESCO Global Geopark,KR,2025-01-01,"Trace the geological history of Jukdosan Yukgyedo, where layers of sandstone and pebbles reveal how this once-isolated island merged with the mainland through sedimentary processes.Visit the Yangnam Columnar Joints to see rare horizontal fan-shaped lava formations, and try the locally inspired “Columnar Joint Bread” created by a Gyeongju baker to celebrate the site’s geological heritage.Explore the Seokguram Grotto and Bulguksa Temple UNESCO World Heritage sites, where ancient Buddhist art meets the region’s granite landscape.","Gyeongbuk Donghaean UNESCO Global Geopark, located along the southeastern coast of Korea, presents a striking combination of mountain peaks, coastal cliffs, limestone caves and ancient volcanic formations. The area records more than two billion years of Earth history, including ancient rocks that help explain the geological evolution of the Korean Peninsula in the broader context of East Asia. A diverse range of granites and sedimentary rocks reveal episodes of continental collision, subduction, and the opening of new seas, along with fossil evidence that illustrates environmental change and biological evolution over time. Among the geopark’s highlights is Seongryugul Limestone Cave, stretching 870 metres and adorned with stalagmites that preserve valuable records of ancient sea levels and marine environments. The Yangnam Columnar Joints—horizontal fan and radial shaped formations created by cooling lava—are one of the most celebrated features in the geopark. Since the geopark’s establishment, awareness of their significance has grown, and local communities now play an active role in their protection. This renewed sense of pride is reflected in initiatives like the creation of “Yangnam Columnar Joint Bread” by Gyeongju baker Lee Chang-woon. Using regional ingredients such as glutinous barley, walnuts, and squid ink, the bread mirrors the joints’ dark colour and textured form. It was the first local product to be officially recognised by the geopark and has become a symbol of how geological heritage and community identity can come together.","The region is also rich in cultural heritage. Gyeongju, the ancient capital of the Silla Kingdom, is home to the Seokguram Grotto and Bulguksa Temple UNESCO World Heritage site. The grotto enshrines a monumental statue of the Sakyamuni Buddha carved from white granite, looking out to sea, and is widely regarded as a masterpiece of East Asian Buddhist art. The geopark promotes eco-tourism and environmental awareness through a variety of activities, including hiking, sightseeing, and “Plogging” days, where participants clean up litter while learning about conservation. In one initiative, elementary school students became “GeoRangers” for the day, exploring the east coast of the geopark and completing hands-on missions focused on protecting natural heritage. The “East Coast Geo-walk” programme also brings together residents from diverse backgrounds to strengthen community ties and share knowledge through guided walks and conservation efforts.",,ha,269300.0,,,False,https://bioportalstprod.blob.core.windows.net/portal-media-public/GP/ASKR07/image/main/Geosite_Namsan_Granite__Gyeongbuk_Donghaean_Geopark.jpg,,https://www.geotourism.or.kr/?language=eng,"36.96, 129.38",https://www.unesco.org/en/iggp/gyeongbuk-donghaean-unesco-global-geopark
a1a7d43a-8347-539c-b5cb-f41888e30f48,EUES18,Costa Quebrada UNESCO Global Geopark,ES,2025-01-01,"Explore one of Europe’s richest prehistoric landscapes in Costa Quebrada, where Paleolithic tools and world-renowned cave paintings offer insight into the lives and worldviews of early human species.Discover the limestone caves of Cantabria, shaped by water over millennia and home to specialised underground life forms such as bats, crustaceans and adapted fish species.Visit Tremeo Well, a rare stratified lagoon ecosystem that supports unique aquatic plants and animals, and attracts diverse bird and mammal species to its freshwater habitat.","Costa Quebrada UNESCO Global Geopark, located along the rugged Cantabrian coast in northern Spain, offers an extraordinary opportunity to explore the forces of nature that shape Earth’s landscape. Over the last 120 million years, tectonic movements have pushed mountains up from the seabed, forming highlands that have been sculpted by wind and water into the coastline we see today. The region&#39;s geological history is shaped by ancient layers of sedimentary rocks deposited in shallow seas and river deltas, with evidence of changing sea levels and the shifting position of the coastline. The cliffs and beaches of Costa Quebrada reveal an exceptional variety of rock types and structures. As waves erode the coast, different landforms are created depending on the hardness and tilt of each rock layer—producing dramatic coves, capes, islets, and arches. Some beaches now found high above sea level are “raised beaches,” formed when the land was uplifted during mountain-building events between 55 and 5 million years ago. The area also contains salt domes formed around 240 million years ago in evaporating seas, and fossils such as crabs preserved in pyrite—sometimes called “fool’s gold.” Inland, the landscape is shaped by the dissolution of limestone into sinkholes and underground caves, some of which were used by early humans and are now protected as World Heritage sites. These features make Costa Quebrada a living classroom for understanding how Earth’s surface evolves over time.","The geopark is home to a vibrant cultural heritage, where community-driven initiatives celebrate the region’s traditions and history. Susana Pacheco, founder of the tourism experiences company NansaNatural, leads guided walks in Cueto, a neighbourhood of Santander, that explore the landscape’s geological features, biological diversity, and agricultural history. Her project introduces visitors to the traditional art of dry-stone wall building—locally known as morios—which has been recognised by UNESCO as Intangible Cultural Heritage. These structures once supported extensive vineyards and are now part of a collaborative effort to recover, restore, and promote the cultural landscape through tourism and local engagement. Winemaking is a centuries-old tradition in the region. One current initiative led by agricultural engineer and winemaker Pablo Oria, in partnership with the European University of the Atlantic and the Costa Quebrada Geopark, is focused on identifying and reviving native grape varieties. The aim is to preserve the area’s distinct wine heritage and, in time, produce wines using local grapes that have long formed part of the region’s productive and social fabric.","Who would have thought that the places I walked as a child would one day become the heart of the geo-ecotourism I now lead with residents and visitors in the Costa Quebrada UNESCO Global Geopark — Susana Pacheco, Manager of NansaNatural",ha,34500.0,,,False,https://bioportalstprod.blob.core.windows.net/portal-media-public/GP/EUES18/image/main/Senderistas_en_el_entorno_de_lo_AAPYXtC._CostaQuebradaUGgp_NataliaMagdalena.jpg,,https://www.geoparquecostaquebrada.com,"43.42, -3.92",https://www.unesco.org/en/iggp/costa-quebrada-unesco-global-geopark
02488add-4c10-57e4-b9de-e86611dc118e,EUNO05,The Fjord Coast UNESCO Global Geopark,NO,2025-01-01,"Learn about and participate in the revival of ancient traditions in Hardbakke, where the community sustains coastal heathlands through Old Norse sheep grazing and controlled burning, preserving biodiversity and cultural heritage.Walk to Brurastakken on Atløyna, a coastal landmark known as “Norway’s most beautiful fold,” attracting geologists worldwide and once used by sailors for navigation.Hike, bike or kayak where the Sognefjord – the world’s second-deepest fjord – meets the Atlantic, and take in spectacular views from coastal mountain peaks near Hyllestad.","At the westernmost point of Norway, where the majestic Sognefjord meets the rough Northern Sea, the Fjord Coast UNESCO Global Geopark offers an extraordinary landscape of islands, fjords, cascading waterfalls and the lowest-lying glacier in Scandinavia. The geopark is home to the ancient Caledonian mountain range, formed between 425 and 395 million years ago, and showcases exceptional geological exposures, including remnants of oceanic crust and volcanic complexes. Few places in the world offer a better opportunity to study the rise and fall of a gigantic mountain range within such a limited area. The geology of the geopark includes ancient continental crust, island-arc volcanics, and deep oceanic material that was pushed to the surface during tectonic collisions—making it one of the finest analogues to a Himalayan-style mountain belt. These features are concentrated in an unusually compact area, providing unique insight into mountain-building processes. Over millions of years, recurring ice ages have carved and reshaped the landscape, with the most recent glaciation ending around 10,000 years ago. The vertical difference between the fjord floor and nearby peaks, such as Blægja at 1,304 metres, reaches over 2,500 metres, exemplifying the dramatic topography created by both tectonic uplift and glacial erosion.","The region’s geological history, combined with its abundant natural resources, paved the way for early human settlements along the coast, as people were drawn to the rich fishing grounds while glaciers still covered inland areas. These settlers quickly developed sustainable practices to manage the unique coastal heathlands. Today, local residents have revived the 5,000-year-old tradition of Old Norse sheep grazing and controlled heather burning, through a volunteer-led initiative that brings people together of all generations and backgrounds. Old Norse sheep grazing plays a crucial role in maintaining the heathlands, preventing the spread of taller shrubs, and allowing rare species to thrive, including birds and insects. In a blend of tradition and innovation, the younger generation of sheep herders is incorporating GPS-controlled fence technology to guide the sheep, enhancing land management while preserving ancient grazing methods. The park’s Viking heritage is also a source of strong local identity. The region was home to notable historical figures, such as Ingólf Arnarson from Rivedal, who brought Viking traditions to Iceland in the mid-800s. In 1066, Norway’s largest Viking fleet assembled at Utvær, the westernmost point of the country and now part of the geopark. Led by King Harald Hardrada, this fleet sailed to England, where the Battle of Stamford Bridge marked the decline of the Viking era. Youth involvement is a core priority of the geopark. Through the “Youth Communication” project, young people are trained to share their natural and cultural heritage in innovative ways. The geopark is also part of a wider UNESCO network in Vestland County, which is working to establish a UNESCO Trail linking all UNESCO-designated sites in the region.",,ha,450000.0,,,False,https://bioportalstprod.blob.core.windows.net/portal-media-public/GP/EUNO05/image/main/DALSFJORDBRUA_OG_LAUKELANDSFOSSEN_FOTO_VISIT_FJORDKYSTEN.JPG,,https://fjordkystparken.no/,"61.07, 4.85",https://www.unesco.org/en/iggp/fjord-coast-unesco-global-geopark
ef571bf0-dfc0-514d-b6b4-69a3d31928bf,LAEC02,Napo Sumaco UNESCO Global Geopark,EC,2025-01-01,"Explore the impressive crater of the Sumaco volcano at Laguna Guagua Sumaco, where weathered pyroclastic deposits and calm, crystalline waters offer rich geological insight and a haven for birdwatchers.Visit the AMUKISHMI women's association in Puerto Misahuallí, where Kichwa cultural traditions are shared through workshops, crafts, and the welcoming drink of yucca chicha.Follow the Cacao and Chocolate Route in Napo, linking birdwatching, ecotourism and cultural events with the region’s fine aroma cacao and Amazonian chocolate-making traditions.","Napo Sumaco UNESCO Global Geopark is located in the heart of Ecuador’s Amazon Basin, where the Andes meet the Amazon plains. The geopark records over 170 million years of geological history, spanning the Jurassic, Cretaceous, Paleogene, Neogene and Quaternary periods. The landscape features irregular slopes, mesas, plateaus, valleys and terraces, with Sumaco Volcano rising to 3,830 metres above sea level as its highest point. Sumaco Volcano is the geopark’s most prominent geological feature. It is potentially active and stands out from other volcanoes in northern Ecuador due to its rare alkaline composition, with volcanic rocks such as phonolites, basanites and feldspathoid tephrites. This makes it a key site for exploring how geological diversity is linked to biological diversity. The geopark also contains important karst formations, where scientists study cave deposits (speleothems) to reconstruct past climate changes. With more than 6,000 plant species and many rare and endemic animals, the area is recognised as one of Ecuador’s biodiversity hotspots. Its unique geological setting continues to attract scientific research and geotourism.","Local communities play an active role in protecting and maintaining the geopark’s geological sites, carrying forward the Indigenous Kichwa concepts of minga and turkana. Pacha Mama (Mother Earth) is central to the Amazon Kichwa people&#39;s value system, preserved as valuable ancestral knowledge that connects geodiversity, biodiversity and culture. Many geosites can only be accessed with the guidance of local residents, ensuring respectful land use while providing opportunities for local communities.&nbsp; In the early stages of the geopark’s development, researchers from Ikiam University turned to local residents for their knowledge of the landscape. This collaboration led to the creation of the Pushak Runas Guides—Pushak Runakuna meaning “guides with knowledge” in Kichwa—who received training in geology, cave science, and conservation. With support from the Ministry of Tourism and the geopark team, many guides gained national certification, and today they operate independently as a self-managed group. Through their own tour operator, GeoPushak Travel, they now lead visits to geosites and continue training future guides, strengthening local participation in geotourism. Several other key community groups contribute to the geopark’s activities. The Yachak Awakkuna collective specialises in traditional crafts such as ceramics, natural pigment painting, fibre art, and handmade costume jewellery featuring seeds and mullos, which are key elements of Amazonian attire. The Mikusha Kawsari Gastronomic Group highlights the importance of the Amazonian agroecological chakra system, showcasing its role in food production and natural medicine, while also bringing a gourmet twist to traditional Amazonian dishes.","Thanks to the support of the Ikiam university and the geopark, I’ve been able to take many training courses—water rescue, wilderness rescue, even courses in mycology and enology. Through all of this, I’ve come to understand what it means to work in tourism — Marcelo Bedoya, Director of Pushak Runakunas Guides",ha,180000.0,,,False,https://bioportalstprod.blob.core.windows.net/portal-media-public/GP/LAEC02/image/main/Volc%C3%A1n_Sumaco__Geoparque_Napo_Sumaco.jpg,,https://www.naposumaco.com,"-0.84, -77.79",https://www.unesco.org/en/iggp/napo-sumaco-unesco-global-geopark
67c73ed1-1493-5ea0-8a77-d09daee7134f,ASCN51,Mt. Siguniang UNESCO Global Geopark,CN,2026-01-01,"Mt. Siguniang UNESCO Global Geopark is situated on the eastern edge of the Qinghai-Tibet Plateau, featuring an alpine terrain with distinct vertical climate zones.","The geopark is known for its complex tectonics, including folds, flysch deposits, and towering granite peaks. Significant geological formations such as the “Xikang-type” folds, “Xikang Group” flysch, offer key insights into continental collision. Traversed primarily by the Fubian, Wori and Xiaojinchuan Rivers, the region exhibits a dendritic drainage pattern in the upper Yangtze basin. These landforms record the uplift processes of the Qinghai-Tibet Plateau, with dramatic alpine landscapes and numerous peaks towering over 5,000 metres.","The region is a key settlement for Jiarong Tibetan communities. The Tibetan language and associated cultural practices continue to be central to community identity and intergenerational knowledge transmission, and every year the Mt. Siguniang Pilgrimage Festival is held, paying homage to the legend that four girls transformed into mountain peaks. The region’s distinctive folding structures and tectonic context are of global scientific significance, while the region’s pastoralism, architecture, and cultural practices reflect long-standing relationships with and adaptation to high-altitude environments. Environmentally friendly tourism connects outsiders with the spectacular scenery in a way that supports sustainable local development and gives visitors a chance to experience traditional Tibetan dance, cuisine, and art, reflecting the practical knowledge and practices of the people developed over generations in the region.",,ha,276401.0,32898,12.0,False,https://bioportalstprod.blob.core.windows.net/portal-media-public/GP/ASCN51/image/main/Mt._Siguniang_Geopark__Bajiaopenghaizi_Lake.jpg,,,"31.2802, 102.5881",https://www.unesco.org/en/iggp/mt-siguniang-unesco-global-geopark
cb91eea1-34c2-5faf-8dc6-7632a8472388,LAUY02,Manantiales Serranos UNESCO Global Geopark,UY,2026-01-01,"The Manantiales Serranos UNESCO Global Geopark is located in southeast Uruguay, in the Department of Lavalleja. The region presents a rich geological history, with more than 80% of the territory composed of metamorphic and igneous rocks that record significant tectonic activity.","Over 28 distinct lithologies and valuable mineral deposits testify to the formation and breakup of ancient supercontinents such as Rodinia and Gondwana. Geological records document the opening of the Atlantic Ocean during the Mesozoic, which led to the separation of South America and Africa, followed by tectonic processes of uplift, erosion, non-deposition, and sedimentation accompanied by climate change.","Community is at the heart of the aptly-named ‘Manantiales Serranos’ (‘Mountain Springs’ in English), which was even named through a community-driven process to reflect the area’s hilly landscape and abundant water sources. The region is home to the headwaters of the Santa Lucía River, Uruguay’s third-largest basin, which supplies drinking water to 60% of the population and supports much of the country's industry. Its main urban centers include Minas, Solís de Mataojo, and the tourist village of Villa Serrana, which swells from 300 residents to 10,000 during peak seasons. Surrounding rural communities often bear names linked to local geological features. The region’s economy is based on agriculture, livestock, mining, water use, and tourism, fostering a culture strongly connected to natural resources and committed to environmental conservation.",,ha,201000.0,43350,22.0,False,https://bioportalstprod.blob.core.windows.net/portal-media-public/GP/LAUY02/image/main/3-Penitente.jpg,,,"-34.3584, -55.1277",https://www.unesco.org/en/iggp/manantiales-serranos-unesco-global-geopark
c30fe24a-e3ef-59c9-9399-689c6119c497,ASCN12,Huangshan UNESCO Global Geopark,CN,2015-01-01,"Explore geological, biological, and cultural heritage at the Geopark Museum and Huangshan Museum through exhibitions, videos, and educational tools.Hike three main trails in the park&#58; Yungu to Beihai, Wenquan to Ciguangge, and Houtouyan to Diaoqiaoan.Visit a site recognised as both a World Heritage Site and Biosphere Reserve for its outstanding natural and cultural value.","Huangshan UNESCO Global Geopark, located in East China’s Anhui Province, presents one of the world’s most striking Mesozoic granite landscapes. Elevations within the geopark range from 500 to 1,864 metres, forming part of the broader Southeast Hilly Area of China. The region’s geological heritage centres on the Huangshan granite landform, which is globally recognised as a natural granite museum. The mountain’s geological story begins in the Late Jurassic period, around 140 million years ago, when hot magma intruded through the Earth’s crust and slowly crystallised beneath the surface. This created the massive granitic bodies that define the area today. Around 65 million years ago, tectonic forces caused these intrusive rocks to uplift. Over millions of years, the overlying material was stripped away by erosion, exposing the granite and revealing a network of intersecting joints. These processes were critical in shaping the Huangshan landscape, allowing the formation of dramatic landforms such as domes, cones, crests, columns and box-like shapes across the valleys radiating from the main massif. The landscape continued to evolve, reaching its current form around 1.75 million years ago. Differences in mineral composition, crystallisation, and resistance to weathering contributed to the diverse and picturesque topography seen today. Geomorphologically, the area is an important site for studying granite formation processes and is considered a reference site for understanding granite morphology worldwide. Huangshan is also notable for its possible glacial history. While the presence of Quaternary glaciers in the region remains a subject of scientific debate, the hypothesis of past glaciation continues to attract geologists and adds further intrigue to the site’s geological evolution. Known for its iconic “Three Wonders of Nature” – spectacularly shaped rocks, peculiarly contorted pines, and sea-like clouds – the geopark integrates geological heritage with a broader natural and cultural landscape. These features, combined with the area’s scientific importance and aesthetic value, make Huangshan a key site for geoscientific research, conservation and education.","Huangshan UNESCO Global Geopark has long been embedded in Chinese culture and collective memory. According to legend, many turns around the sun ago, Emperor Huang journeyed to the enigmatic Yi Mountain with his entourage, in pursuit of immortality. Amid the mist-shrouded peaks, they refined herbal remedies and embraced a spiritual existence. Their dedication culminated in the creation of an elixir of immortality. In 747 AD, Tang Dynasty Emperor Li Longji, a devout follower of Taoism, renamed the site “Mount Huangshan” in tribute to the forefather of Chinese civilisation. The geopark is home to three nationally recognised intangible cultural heritage elements: Huangshan Maofeng green tea production, Taiping Houkui tea processing techniques, and Hui Opera. Tangkou ham curing, recognised at the provincial level, is also preserved. Institutional measures ensure the safeguarding and transmission of these traditions, including the establishment of legal frameworks and identification systems for local knowledge holders. The cultural influence of the geopark extends to the visual arts. The unique landforms and dramatic scenery have inspired the ‘Huangshan school’ of painting, which has had a lasting impact on Chinese landscape painting. In this way, the geological landscape continues to shape art and cultural expression. Educational routes have been developed in collaboration with tourism agencies to support school visits. Partnerships with academic institutions such as the China University of Geosciences and the Chinese Academy of Geological Sciences have led to the establishment of several research bases, with results informing both education and park management.","“Rock, cloud and sculpted pine combine to form a unique landscape that has shaped art and culture”",ha,17343.0,8331,29.0,False,https://bioportalstprod.blob.core.windows.net/portal-media-public/GP/ASCN12/image/main/ASCN12_main.jpg,,http://english.chinahuangshan.gov.cn/,"30.151, 118.178",https://www.unesco.org/en/iggp/huangshan-unesco-global-geopark
49745b0b-b9d7-5274-9042-ac70c4ea2cbb,AFMA01,M’Goun UNESCO Global Geopark,MA,2015-01-01,"Azilal is a buzzing city with traditional Moroccan architecture and food, and is home to the impressive Azilal Museum.&#160;Each year the Aït Hdiddu tribes hold an engagement festival where young men and women can meet. It is considered one of the most beautiful and unique gatherings in Morocco.&#160;Visit the amazing Mastfrane Cathedral, an imposing sandstone formation rising 300 m above the Assif n’zou Ahançal valley.","East of Marrakesh, the M’Goun UNESCO Global Geopark sits in the central High Atlas Mountains, enjoying a mild climate year-round. In the green valley of Asif Mellulen lie the enchanting lakes of Isli and Tislit.According to local lore, the lakes were formed from the tears of star-crossed lovers—two young people from enemy Berber tribes, divided by a long-standing feud. Forbidden to be together, they fled to the mountains on a moonlit night; as they looked back at their village, knowing their love was doomed, their tears flowed down the mountainside, forming the two lakes. In despair, they exchanged vows and drowned in their own tears. Shamed by the tragedy, the elders of the feuding families ended their quarrels and vowed to allow future generations the freedom to choose their life partners.&#160;On the margins of these lakes, the Aït Hdiddou tribes host a yearly moussem engagement festival, where young men and women gather to meet. This event is considered one of the most beautiful and culturally significant gatherings in Morocco. Moroccan and Italian research suggests that the lakes were formed by the impact of a meteorite.&#160;Geologically, the geopark bears witness to over 200 million years of Earth’s history, with significant stages of its evolution occurring during the Jurassic period, about 180 million years ago.&#160;The region is renowned for its dinosaur footprints, including those of Megalosauripus, a bipedal dinosaur found in the Iouaridene synclinal, and the feathered Dromaeosauridae discovered in the Ait Blal geosite.&#160;The territory's geological history is deeply tied to the evolution of the central High Atlas, beginning in the Triassic period, 250 million years ago. Its NE-SW intra-continental chain was shaped by the structural reversal of a Jurassic basin during the collision of the African and European plates. The region is also abundant in minerals such as copper, zinc, barite, iron, basalt, limestone, and dolomitic Triassic red clays. Among the most iconic natural landmarks of the M’Goun Geopark are the awe-inspiring Mastfrane Cathedral, a 300-meter-high sandstone cliff towering over the Assif n'ou Ahançal valley, and the stunning D'Ouzoud Waterfalls on the El-Abid River, showcasing the area's remarkable geological and natural heritage.","The M’Goun UNESCO Global Geopark is home to diverse and resilient communities that have lived for centuries in the rugged landscape of the High Atlas Mountains. Farming forms the backbone of the local economy, with over 40 cooperatives engaged in saffron cultivation, grown on terraced slopes, and others producing olive oil, almonds and sesame.&nbsp; The communities in the geopark are deeply invested in preserving biodiversity. The region’s vast knowledge of medicinal plants, with over 80 species growing naturally in the area, has been passed down through generations. Many of these plants are cultivated locally, combining conservation with practical benefits for the community. The geopark works alongside local residents, authorities and associations to promote sustainable practices that align with traditional knowledge while supporting biodiversity conservation and poverty alleviation. The territory is rich in cultural heritage, including kasbahs, granaries, irrigation systems, and terraced slopes, all testament to the ingenuity of local communities in adapting to their environment. Rock engravings, weaving, pottery and other crafts continue to enrich the cultural identity of these communities, creating a tangible connection to their past.","“Valleys, natural curiosities, fossilised footprints, engravings and authentic Berber villages”",ha,573000.0,200000,35.0,False,https://bioportalstprod.blob.core.windows.net/portal-media-public/GP/AFMA01/image/main/AFMA01_main.jpg,,,"31.857, -6.273",https://www.unesco.org/en/iggp/mgoun-unesco-global-geopark
e71522a7-31ce-5bf0-97d4-8afe3fa115e3,AFTZ01,Ngorongoro Lengai UNESCO Global Geopark,TZ,2018-01-01,"Engaresero, near Lake Natron, reveals footprints of modern humans dating back 5,000 to 19,000 years, offering a glimpse into our ancient past.The geopark has four discovery routes&#58; the North, South, Caldera, and Oldonyo Lengai Routes.","From the towering rainforest giants on the eastern flanks of the volcanic highlands to the sweeping savannahs of the Serengeti plains, 90% of the Ngorongoro-Lengai UNESCO Global Geopark serves as a sanctuary for an extraordinary array of wildlife. It is home to the highest density of mammalian predators in Africa, including lions, leopards, and cheetahs. Prey species such as zebras, Thomson’s and Grant’s gazelles, and over a million wildebeest support this ecosystem. Between July and November, these species form part of one of the world’s most remarkable natural events: the Great Migration. The geopark also hosts more than 500 species of birds. Flamingos wade in the alkaline lakes, ostriches roam the savannah, and lilac-breasted rollers add bursts of colour to the landscape. Beneath the surface lies the geological engine that has shaped the region. Located in the eastern branch of the East African Rift System, the landscape reflects more than 20 million years of crustal extension. Towering fault scarps mark the terrain, and the Ngorongoro Volcanic Highlands—a complex of basaltic volcanoes—may once have rivalled Mount Kilimanjaro in scale. At its centre is the Ngorongoro Crater, the world’s largest inactive, intact, and unfilled volcanic caldera. Although major volcanic activity has ceased, one volcano remains active. Oldoinyo Lengai, meaning “Mountain of God” in the Maasai language, is a sacred site and an active stratovolcano standing at 2,962 metres. It is the only known volcano in the world to erupt natrocarbonatite lava, which is low in silica and erupts at a relatively low temperature of around 510 °C. As a result, the lava appears black in sunlight rather than glowing red like typical lava flows.","The Ngorongoro-Lengai UNESCO Global Geopark is a living landscape where geology, biodiversity, and human cultures have coexisted for millennia. It is home to four distinct Indigenous communities—the Maasai, Hadzabe, Datoga, and Iraqw—each with unique traditions, livelihoods, and knowledge systems deeply rooted in the natural environment. The Maasai, the most prominent group in the region, are semi-nomadic pastoralists whose livelihoods revolve around cattle herding. Their sustainable grazing practices have long shaped the region’s grasslands, maintaining a delicate balance between livestock and biodiversity conservation. The Datoga, also pastoralists, are skilled blacksmiths, crafting tools and jewellery from recycled metals—an ancient practice that continues to sustain local trade. The Iraqw people engage in terraced farming on the slopes of the Ngorongoro Highlands, using advanced agricultural techniques that help prevent soil erosion and maintain the fertility of volcanic soils. The Hadzabe, one of the last hunter-gatherer groups in Africa, have preserved their traditional way of life, relying on foraging and hunting, demonstrating an unparalleled understanding of the region’s ecosystems. The communities express their cultural identities through music, dance, and oral storytelling. The Maasai are renowned for their ceremonial dances, the Hadzabe for their hunting songs, and the Datoga for their metalwork rituals—all of which contribute to the rich intangible heritage of the geopark. This dynamic cultural landscape, shaped by its geological setting, continues to evolve while maintaining a strong connection to traditions passed down through generations.","“An extra-ordinary volcano, extra-ordinary paleoanthropological sites and extra-ordinary wildlife”",ha,1200000.0,450000,19.0,False,https://bioportalstprod.blob.core.windows.net/portal-media-public/GP/AFTZ01/image/main/AFTZ01_main.jpg,https://www.youtube.com/watch?v=RT8_SeJtuxE,http://www.ngorongorolengaigeopark.go.tz/,"-3.105, 35.604",https://www.unesco.org/en/iggp/ngorongoro-lengai-unesco-global-geopark
219ae0e3-679c-5c87-8fb5-5753de00627a,ASCN28,Tianzhushan UNESCO Global Geopark,CN,2015-01-01,"The region is also known as the birthplace of Zen Buddhism and is home to the 1,500-year-old Sanzu Temple, which remains open to visitors.In the southern part of the geopark, Doumu village preserves a 6,000-year-old pottery tradition. Local artisans continue to use the same dragon kiln as their ancestors.","Nested in Qianshan County, Anhui Province, Tianzhushan UNESCO Global Geopark takes its name from Tianzhushan Mountain, the “Heavenly Pillar” – a giant granite block rising above the clouds, surrounded by lush green forests. The mountain is also known as Mount Wan, a reference to the ancient fiefdom of the same name – Wan State – one of many vassal states that contended for power during the Spring and Autumn Period of the Zhou Dynasty (1046–256 BCE). Cut across by the Qian and Wan Shui rivers, which meander through the mountains towards the Yangtze River plain, the geopark features more than twenty caves and waterfalls in its lower elevations. It covers 413,000 hectares of evergreen subtropical forest and includes significant areas of paddy fields. With some imagination, the light grey granites of Tianzhushan UNESCO Global Geopark appear to resemble animals and human forms. Visitors may spot a rooster in the “Flying-from-Afar Peaks,” a parrot leaning its head toward the clouds, a toad and a slug. Others see a grandchild whispering to a grandmother, or the five fingers of an open stone hand pointing skyward. These shapes are formed by the way granite responds to weathering agents, either fracturing or shedding layers like an onion. For geologists, these 800 million-year-old rocks reveal valuable insights into Earth’s history. During the Triassic Period (around 240 million years ago), the region was part of a subduction zone that pushed older rocks deep into the mantle. There, they were subjected to extreme pressure and temperature, transforming into what geologists classify as ultra-high-pressure metamorphic rocks. These rocks were later brought back to the surface by the same tectonic forces that once buried them. Their presence records the full cycle of plate collision, subduction, and uplift, and they are internationally recognised for their scientific significance.","In the southern part of the geopark, Doumu village is the home of an ancient pottery culture dating back 6,000 years. To this day, local artisans use the same dragon kiln as their ancestors, continuing a tradition rooted in the region’s distinctive red clay-rich rocks. This material has supported generations of craftsmanship and cultural continuity. The same geological formations that enabled this enduring pottery heritage have also preserved numerous vertebrate fossils from the Paleogene (66–23 million years ago), many of which exhibit characteristics unique to Asia. The geopark’s cultural heritage dates back to the reign of Emperor Xian, the last emperor of the Eastern Han Dynasty (189–220 CE), a period often regarded as a golden age in Chinese history. The region is also associated with the Qiao Sisters, figures featured in the 14th-century historical novel Romance of the Three Kingdoms, which recounts the division of China into the Cao Wei, Shu Han, and Eastern Wu dynasties. Tianzhushan UNESCO Global Geopark integrates geological heritage with education, environmental protection, and sustainable livelihoods. Educational activities serve tourists, geological professionals, residents, and students through outdoor interpretation, a geo-museum, science communication materials, documentaries, seminars, and field exploration. The geopark prioritises geo-environmental protection, supports green industries such as geotourism, ecological agriculture, and forestry, and enforces strict environmental standards. It also promotes local culture, supports the development of cultural industries, and raises awareness of environmental stewardship to support the long-term sustainability of the local economy and society.",“At the origin of Asian mammals”,ha,41314.0,86000,208.0,False,https://bioportalstprod.blob.core.windows.net/portal-media-public/GP/ASCN28/image/main/ASCN28_main.jpg,,http://english.tzsgy.com/,"30.693, 116.424",https://www.unesco.org/en/iggp/tianzhushan-unesco-global-geopark
8edd76c3-2c4c-5a9d-83bc-c2c09700d333,ASCN03,Dali-Cangshan UNESCO Global Geopark,CN,2015-01-01,"Enjoy a hike on the Jade Belt Road. Alternatively, visitors can walk or cycle on the Erhai Ecological Corridor.Explore the popular science and cultural stories of Cangshan and Erhai Lake at the Geopark Museum and the Erhai Museum.","The rugged nature of Mount Cangshan Geopark, with deep valleys, cliffs, and canyons, has given form to multiple ecosystems—tropical and subtropical forests, temperate-boreal forests, as well as savannas and grasslands. These are home to several protected animals, such as the clouded leopard, Hume’s pheasant, the black stork, and the dwarf musk deer. Still, even though one can find remarkable wildlife and landscapes, a small part of the geopark, particularly in the lowlands surrounding Erhai Lake, is also used for agriculture and animal husbandry. Although the Cang Mountains, as they are also known locally, form a relatively short mountain range of about 50 km, they feature 19 peaks, with the tallest being Malong at 4,122 metres. This serrated alpine landscape has developed an immense drainage network, from which thousands of picturesque creeks flow between each of the summits, and waterfalls cascade untroubled through ancient rocks. With a geological evolution spanning around 2,000 million years and strata from four eras between the Proterozoic and the Cenozoic, the region showcases several key relics of tectonic movements that took place during that period. One distinctive feature is the abundance of metamorphic rocks locally known as China Daliyan (China marble). Mount Cangshan is also linked with pivotal geological events and significant geological formations in China, making it a key site for observing China’s Quaternary glaciations. In 1937, H. V. Wissmann, an Austrian scholar, referred to the glacial activity in the area as the “Dali Glacial Period” and considered it representative of the most recent glacial period of the Late Quaternary (2.58 million years ago to the present). This glacial period produced two types of relics: glacial deposits and glaciated landforms. The Chinese Geological Survey has adopted it as China’s reference for both international and domestic glacial comparison, and Mount Cangshan’s glacial relics provide the best sources for studying the China Dali Glacial Period.","Dali was once one of the 14 largest cities in the world and was known as the “Famous Literature State”. The region, where Mount Cangshan is the most prominent geographical feature, has been inhabited for over 5,000 years. Today, its cultural heritage is reflected in the traditions of the different ethnic groups that live in the area, including Bai, Han, Yi and Hui. Situated at the crossroads of the ancient Southern Silk Road and the Ancient Tea Horse Road, the geopark is shaped by a unique multi-ethnic culture. It is home to eight nationally recognised intangible cultural heritage elements, including Raosanling of the Bai, the Sanyue Street Fair, and Bai Tie-dye Craftsmanship. The geopark actively supports the transmission and promotion of intangible heritage. Traditional practices such as Bai Tie-dye Craftsmanship, Xiaguan compressed tea production, and embroidery are used to encourage cultural and creative enterprises. These initiatives aim to integrate local heritage into the economy, support the development of products with distinctive cultural characteristics, and foster sustainable local industries.",“A sealed book of natural geology that has been written for over 2 billion years by nature”,ha,93300.0,771100,826.0,False,,,http://www.dlcsdzgy.gov.cn/,"25.769, 100.116",https://www.unesco.org/en/iggp/dali-cangshan-unesco-global-geopark
935653cd-c95e-5986-a49e-41db5e55b22b,EUNO04,Sunnhordland UNESCO Global Geopark,NO,2023-01-01,"Take a hike along the 2 km path to the Ryvarden cultural lighthouse, passing through 1.5 billion-year-old, ice-polished Auge gneiss and enjoying breathtaking views of the Hardangerfjord and volcanic seabed formations.Discover the charm of Espevær Village, a scenic collection of small islets with no cars and a winter population of around 45. Once a bustling hub for 19th-century herring fisheries, it remains a peaceful retreat today.Experience the geological wonder of Skjervika, an early Stone Age quarry for red microcrystalline quartz (jasper), formed by ancient hydrothermal sea floor volcanic activity. Accessible via a scenic path from Berge or by boat.","The geological landscape of Sunnhordland presents a remarkable narrative of Earth&#39;s dynamic history, featuring facinating examples of glacial erosion shaped during 30–40 ice ages. At its heart, the Hardangerfjord Fault marks a boundary separating a billion years of geological evolution, illustrating the extraordinary processes that shape continents and societies. The geopark showcases how volcanic systems built continents: at the place where two tectonic plates converge, the compressed plate crumples before being uplifted to form a mountain range in a process known as orogeny. Two of the largest orogenic belts on Earth meet in the geopark. On the south side lie rocks related to a continental volcanic arc (1.5 billion years ago) and, on the north side, lies bedrock from the oceanic crust and an island arc system (500–450 million years ago). Sunnhordland UNESCO Global Geopark vividly demonstrates these processes through the remnants of the ancient Iapetus sea, where tectonic activity created cracks in the oceanic crust, driving volcanic eruptions that built towering volcanoes. These processes formed the oceanic crust and island arc system found on the north side of the Hardangerfjord. Meanwhile, the south side reveals rocks from the ancient Baltica continent, a fragment of Earth&#39;s crust dating back 1.6 billion years. The collision of the continents Laurentia and Baltica initiated the formation of the colossal Caledonian Mountains—once reaching heights of 8,000 to 9,000 meters. This collision was a pivotal step in assembling the supercontinent Pangea. Today, the remnants of this immense orogenic event can be seen in Sunnhordland, where the rocks tell the story of an ancient seabed&#39;s journey through volcanism, tectonic uplift, and metamorphism. Glacial activity has further sculpted the region. The glacially carved Hardangerfjord stands as one of the world&#39;s deepest and most beautiful fjords, flanked by alpine landscapes, fertile moraines, U-shaped valleys, and the iconic Folgefonna glacier. Across the geopark, glacial striations, potholes, and erratic boulders serve as natural archives of the ice ages, preserving evidence of their long, icy journeys.","Sunnhordland’s rich geological resources have played a crucial role in shaping the livelihoods and cultural identity of its inhabitants for thousands of years. Hespriholmen, one of Northern Europe’s oldest continuously operating quarries, provided greenstone for axe production for over 5,700 years, contributing to the region’s early trade networks and tool-making traditions. Today, remnants of this quarry showcase the ingenuity of early communities who recognised and utilised the area&#39;s geological wealth. Mining has been an essential part of Sunnhordland&#39;s economy, with resources such as pyrite, copper, and soapstone being extracted at various periods. The quarry at Moster Amfi, which once provided marble for construction, has been repurposed into a cultural centre, preserving the geological heritage while serving as a hub for community engagement and tourism. Maritime traditions have been deeply embedded in Sunnhordland’s culture, with the Hardangerfjord serving both as a natural barrier and a vital transportation route. Local shipyards in Rosendal built the legendary Gjøa, the vessel Roald Amundsen, the famous Norwegian Explorer, used to navigate the Northwest Passage from 1903 to 1905, showcasing the region’s expertise in wooden shipbuilding. The enduring tradition of the &#39;Færing&#39; boat, a design unchanged since the Viking Age, continues to be a symbol of the region&#39;s connection to the sea. Sunnhordland has also been a pioneer in sustainable energy. Since 1952, hydropower from Folgefonna has powered local homes and industries, including energy-intensive aluminium production in Husnes, which today boasts one of the lowest carbon footprints in the world. The completion of Norway’s largest wind farm in 2010, with 55 turbines generating 443 GWh annually, further cements the region&#39;s role as a leader in renewable energy.",,ha,448000.0,63861,13.0,False,https://bioportalstprod.blob.core.windows.net/portal-media-public/GP/EUNO04/image/main/EUNO04_main.jpg,,https://www.geoparksunnhordland.no/,"59.853, 5.507",https://www.unesco.org/en/iggp/sunnhordland-unesco-global-geopark
cdb9cb45-8f6d-5406-93c4-be2bd39f9327,ASCN04,Danxiashan UNESCO Global Geopark,CN,2015-01-01,"Observe 30 million years of geological history at Chibidanya, where interlaced sandstone and conglomerate layers reveal changing palaeoclimates and striking red cliffs.Witness the iconic Danxia landforms of Danxiashan, where red sandstone cliffs, sculpted over 140 million years, form spectacular peaks, pillars, and gorges shaped by water and time.","Danxia means “rosy-red clouds,” a name that perfectly describes the multi-layered red sandstones and conglomerates formed by fluvial deposition between 140 and 65 million years ago, and shaped by millions of years of uplift, weathering, and erosion. Northeast of Shaoguan City in Guangdong Province, Danxiashan’s landscape is of exceptional beauty, with spectacular peaks, pillars, cliffs, and imposing gorges through which rivers wind and majestic waterfalls drop dozens of metres. Approximately 140 million years ago, Danxiashan was an intermountain basin within the Nanling Mountains. Over the course of the Cretaceous period, from 140 to 66 million years ago, floods and rivers carried sediments of silt and gravel from the surrounding hills, gradually depositing them in the basin. The hot and humid conditions, coupled with oxidation, transformed these sediments into distinctive red sandstone and gravel formations known geologically as Red Beds. As the land in the region uplifted, water erosion further sculpted the landscape, resulting in the breathtaking red walls and cliffs seen today—known as the Danxia landforms. In Danxiashan UNESCO Global Geopark, visitors can witness the remarkable shapes and formations of the Danxia landscapes, gaining insights into their evolution over the past 140 million years, from their origins in a basin to the majestic mountains they are today.","Alongside its geological significance, Danxiashan UNESCO Global Geopark also holds considerable cultural and archaeological value. It is the discovery site of prehistoric ‘Maba Man,’ who lived in the area around 129,000 years ago. It is also the birthplace of the 4,000-year-old Nian Yu Zhuan culture. According to legend, Emperor Shun (2233–2184 BC) visited the region, played the local Shao Music, and named the mountain Shao Shi. Since then, Danxiashan has been recognised as a renowned scenic site. Hundreds of rock carvings from the Tang and Song Dynasties (1,500 to 1,000 years ago) remain well preserved. Together with ancient villages, temples, and tombs, these cultural elements illustrate the long-standing interaction and harmony between people and the natural environment. The inhabitants of Danxiashan include the Hakkas and Tanka people. Over a thousand years ago, the Hakkas migrated from the north and settled in the small plain near the Jinjiang River at the mountain’s foothills. They formed more than 70 ancient villages, with each family bearing a distinct surname such as Li, Zhang, Wu, Zhou, Liu, and others. Agriculture was their primary livelihood. Surrounding Danxiashan, a wealth of intangible cultural heritage continues to be preserved and practiced, including the Yuejiege (Songs of Sister Yue), the vibrant Incense Dragon Dance, the Tea-leaf Picking Opera, Danxia ormosia hand-knitting, Baimao Tea from Renhua County, and the traditional rice wine of Shitang Town.",“The name Danxia means rosy red clouds and perfectly describes the appearance of this geological wonder”,ha,29200.0,11285,50.0,False,,,,"24.969, 113.698",https://www.unesco.org/en/iggp/danxiashan-unesco-global-geopark
207e233a-5a67-5769-a45c-8adf7ed9405b,EURU01,Yangan-Tau UNESCO Global Geopark,RU,2020-01-01,"Experience the Salauat Yiyiny Festival, an internationally recognised folklore event celebrating Bashkir traditions. Activities include a yurt competition, kuresh wrestling, horse races, and performances by ethnic groups from around the world.Relax at the Karatau Recreation Centre, a community-run retreat on the banks of the Yuruzan River. Enjoy fishing for local species, a wood-fired sauna, and peaceful picnic areas, all supporting sustainable tourism in the geopark.Ski at Berkut Ski Resort, with three slopes for skiers and snowboarders, a tubing run, and cross-country trails through scenic forest landscapes.","Spread across the rocky ridges and deep gorges of the Yangan-Tan Range, and covered by vibrant forests of conifers and a wide variety of deciduous trees—home to bears, wolves, lynx, and deer—Yangan-Tau UNESCO Global Geopark, located in the southern part of the Ural Mountains in the Russian Federation, is a remote and wild landscape. Key geosites include Mount Bolshoy Iremel, the highest peak in the Yangan-Tau Range, offering spectacular views of the surrounding terrain; the Taganai Plateau, known for its caves, canyons, and waterfalls; and the Pechishchora River Canyon. The region’s relief consists primarily of a hillocky plain. In the east and south, elevations reach 400–450 metres with rugged topography, while in the west and north, the land flattens and descends to around 190–300 metres. Hills and ridges follow a north–south orientation, aligned with the strike of the main tectonic structures. A defining geological feature of the geopark is Yangantau Mountain—meaning “Burning Mountain” in Bashkir—which exhibits unique thermal anomalies. Temperatures of up to 380 °C have been recorded at a depth of 90 metres, despite the absence of magmatic activity. This phenomenon has both geological and medical significance, with steam and gas emissions used in balneological treatments. The site is listed in the Global Register of the Earth&#39;s Geological Heritage under the ProGEO programme.","The region has a long history of human settlement, with archaeological evidence dating back to the Stone Age. Today, the local economy is largely based on farming, mining, and processing industries. The area is rich in natural resources, including deposits of bauxite, limestone, sand-gravel mixtures, cement clays, and silica sand, and has historically been an important source of gold, copper, and iron. Agricultural production focuses on winter rye, spring wheat, oats, barley, and potatoes, along with meat and dairy cattle, horse breeding, and pig farming. The folk craft of borteovoi beekeeping is one of the oldest living cultural traditions in the region and remains actively practised in the Republic of Bashkortostan. This ancient method involves keeping bees in natural and artificial tree hollows—a technique once widespread across Eastern and Central Europe, now preserved almost exclusively in this area. The geopark’s location at the meeting point of Europe and Asia creates ideal conditions for linden forests, which sustain this beekeeping tradition. As part of sustainable tourism efforts, horse-riding routes include visits to traditional bortey sites, where visitors can sample bortey honey and other beekeeping products. Future plans aim to develop dedicated honey tourism experiences, linking the preservation of intangible heritage with local economic development.",,ha,177400.0,24273,14.0,False,https://bioportalstprod.blob.core.windows.net/portal-media-public/GP/EURU01/image/main/EURU01_main.jpg,,,"55.285, 58.139",https://www.unesco.org/en/iggp/yangan-tau-unesco-global-geopark
3e96642b-73d8-51c3-8606-45ce40eefe99,EUSE01,Platåbergens UNESCO Global Geopark,SE,2022-01-01,"The Royal Hunt Museum (Hunneberg) – an experience centre that explores the royal moose, the nature of the mountains, captivating cultural history, and royal hunting traditions.The region offers outstanding hiking trails such as the Kinnekulleleden – around the table mountain Kinnekulle and through lush deciduous forests and flower-rich pastures.","In west Sweden, between the country’s two largest lakes—Vänern, the third largest in Europe, and Vättern—Platåbergens UNESCO Global Geopark presents a unique landscape of 15 flat-topped table mountains (platåbergen in Swedish). These mountains were shaped by the force of ice and water during the last Ice Age, approximately 115,000 years ago, and rise above the surrounding Västgöta Plain, a landscape of shallow floodplain lakes, undulating ridges, and well-preserved cultural heritage. The geological history of the geopark spans 1.7 billion years, capturing significant events in Earth’s evolution. The region preserves evidence of the Paleoproterozoic and Neoproterozoic orogenies (1,650–950 million years ago), followed by the formation of the sub-Cambrian peneplain (600–550 million years ago)—a flat rock surface that represents the remains of an ancient mountain range. This peneplain, visible in only a few places worldwide, forms the geological foundation of the geopark. The table mountains of Platåbergens were built by layers of Cambrian to Lower Silurian sedimentary rocks (540–400 million years ago), which sit atop the peneplain. Their striking flat-topped formations result from differential erosion, where resistant dolerite sills (300 million years old) protected the underlying rock from glacial and weathering processes. These mountains, along with Quaternary Ice Age deposits, are of international geological significance. Beyond their geological importance, the diverse ecosystems of the geopark support rich biodiversity, including large mammals such as moose, red deer, and fallow deer. The forests, wetlands, and rocky outcrops host a variety of birds of prey, dancing cranes, orchids, and deep spruce forests, contributing to the region’s ecological value. The landscape of Platåbergens transforms throughout the seasons. In winter, the northern lights can sometimes be seen from the flat rock surface of the peneplain at Nordkroken near Vargön. In spring, the region bursts into life with the blossoming cherry trees on Härad, adding a spectacular contrast to the rugged geology of the table mountains.","The Platåbergens UNESCO Global Geopark is deeply intertwined with human history, from early Neolithic settlements to the industrial age. The region’s geology has shaped both the landscape and livelihoods of its inhabitants. The fertile plains of Västgöta, enriched by glacial and limestone-derived soils, have made it one of Sweden’s most productive agricultural areas. For millennia, people have farmed these lands, cultivating crops and raising livestock. Today, this legacy continues, with local producers offering high-quality ingredients and food products, many of which can be experienced through farm shops and local markets. Human presence in the region dates back over 5,000 years, with one of the most significant concentrations of megalithic tombs in northern Europe. The Falbygden area holds around 250 passage tombs from the Funnelbeaker culture (5300–4700 BCE), scattered across the limestone plateaux. These ancient burial sites highlight the long-standing human connection to the land, with ongoing efforts to establish a dedicated megalithic centre to further study and preserve this heritage. The area is also home to one of Sweden’s most important Viking-era discoveries. At Varnhem, on the western slopes of Billingen, the remains of the first known stone church in Sweden were excavated, revealing that Christian Vikings had settled here by the early 11th century. The influential landowner Kata, who commissioned the church, was buried in an elaborate grave with a runestone, marking an important shift in Swedish history. Today, the geopark continues to support local communities through sustainable tourism and cultural initiatives. Historical sites such as Ekehagen’s ancient village allow visitors to experience Sweden’s early history in an open-air setting. Local businesses, from food producers to nature tourism operators, benefit from the growing interest in the region’s natural and cultural heritage. By promoting sustainable land use and conservation, the Platåbergens UNESCO Global Geopark ensures that its landscapes, resources, and traditions remain a foundation for both present and future generations.",,ha,369000.0,289198,78.0,False,https://bioportalstprod.blob.core.windows.net/portal-media-public/GP/EUSE01/image/main/Plat%C3%A5bergens_Geopark_DSC6367.jpg,https://www.youtube.com/channel/UC0nG4w9S40kDCZ6Eb4K2Twg,https://www.platabergensgeopark.se,"58.389, 13.233",https://www.unesco.org/en/iggp/platabergens-unesco-global-geopark
a3da82c0-8105-57a0-a636-71442fb7f94f,ASCN05,Dunhuang UNESCO Global Geopark,CN,2015-01-01,"Visit the Mingsha Mountain region to see multicoloured dunes and the sacred Crescent Moon Spring, a site of geological and cultural significance.Experience local traditions through events like the Buddha Bathing Festival and the desert Dragon Boat Festival, which connect Dunhuang’s natural landscape with deep-rooted cultural heritage.","Approximately 1.95 billion years ago, the area surrounding Dunhuang geopark was submerged beneath the vast expanse of an ancient ocean. Over the course of millennia, tremendous tectonic forces and relentless erosion shaped the geopark into the remarkable landscape we witness today. The park&#39;s formation predominantly occurred during the Quaternary period, characterised by subsidence, piedmont floods, river deposits, and local lacustrine formations. Continuous uplift, along with the persistent action of erosion, sculpted the land, eventually transforming it into an arid region dominated by the stunning Yardang landform and the captivating Gobi Desert. When embarking on a journey through this geopark, visitors are presented with a multitude of geological marvels. While each site offers its own unique allure, two aspects stand out as must-see attractions—the Yardang landform and the majestic Mingsha Mountain region. Unlike other Yardang landforms, the Yardang bodies in Dunhuang exhibit a remarkable variation in orientation within a relatively small area. A thorough exploration and study of these landforms proves instrumental in understanding the intricacies of arid landscapes, the evolution of paleogeography and paleoclimate, and the formation of distinctive wind-eroded features. The renowned Mingsha Mountain region holds its own allure, captivating visitors with its mesmerising sand dunes. Folklore has it that &quot;the sand mountain will not move for thousands of years, and the clear spring on the sand mountain will not dry up for ten thousand years.&quot; Mingsha Mountain’s sands, adorned with five distinct colours and intricate compositions, hold great significance for researchers studying the material composition and origins of these majestic dunes. Amidst this natural marvel lies the sacred Crescent Moon Spring, once believed to be a holy water basin associated with a long-lost temple, obliterated by an evil warlock who failed to damage this revered relic.","As one delves into the rich tapestry of Dunhuang geopark, it becomes evident that its geological wonders are inextricably intertwined with its profound cultural heritage. Legends and tales narrate the park&#39;s historical significance and contribute to the vibrant tapestry of festivals and cultural events that animate its landscapes. One such event is the annual Buddha Bathing Festival, held on the eighth day of the fourth lunar month. During this celebration, residents flock to the Mogao Grottoes, paying homage to the Buddha in a ritual bathing ceremony. This solemn occasion serves as a poignant reminder of the deep spiritual connection between the park’s natural wonders and the local community. Equally captivating is the Dragon Boat Festival, held on the fifth day of the fifth lunar month, where a unique desert dragon boat race takes place within the enchanting confines of Mingsha Mountain. This festival weaves together the vibrant threads of tradition, folklore, and the natural grandeur of the geopark, creating an immersive experience that delights both locals and visitors. Furthermore, Dunhuang geopark stands as a testament to its historical role as a vital waypoint along the ancient Silk Road. Its location along this fabled trade route played a crucial role in connecting civilisations, facilitating cultural exchanges, and fostering economic prosperity.",“Land of yardangs: rock protuberance shaped by wind erosion”,ha,218075.0,23000,87.0,False,,,http://www.dhdzgy.com/,"40.23, 93.873",https://www.unesco.org/en/iggp/dunhuang-unesco-global-geopark
b8e31425-d6b2-5bad-a2ad-1fee266d19da,ASCN07,Funiushan UNESCO Global Geopark,CN,2015-01-01,"Visit the Neixiang Local Magistrate’s Office, considered the best-preserved magistrate’s office from China’s feudal era, with over 280 buildings across 2,000 square metres.Explore the Great Wall Ruin Site of Chu State, known as the “father of the Great Wall”, built during the Chunqiu period and among the earliest Great Wall structures in China.","Located in the hinterland of the Funiushan Mountain Range, Funiushan UNESCO Global Geopark derives its name from the prominent Mt. Funiushan. The mountain&#39;s name has multiple interpretations, one of which suggests it resembles a sleeping bull when viewed from above, as described in the Henan Annal during the Sui and Tang dynasties. The grandeur of Funiushan is characterised by its vast expanse, steep peaks, and narrow ridges, with jagged summits reaching altitudes of over 1,500 metres. The geopark preserves a wide range of geoheritage, including palaeontological relics such as a dinosaur fossil group from the Cretaceous period, granite landscapes, karst landforms, and distinctive pond and pool waterscapes. Among the most important geosites is the Sanlimiao Dinosaur Egg Fossil Locality, situated in Xixia County, where a significant number of dinosaur egg fossils have been unearthed. This site is a key component of the global Cretaceous dinosaur record and holds immense scientific value for research into palaeobiology, the evolution and extinction of Cretaceous dinosaurs, and broader geological questions related to cataclysmic events. The Shangnan–Danfeng Fracture Belt serves as a structural suture zone between the North China Plate and the Yangtze Plate. It marks the boundary fracture that once divided ancient China into its southern and northern regions and is of major importance for understanding the tectonic evolution of the North China Plate and the Qinling orogenic belt. Another remarkable site is the Jiguan (Cockscomb) Cave Scenic Area, a natural limestone formation with a distinctive ladder-like pattern dating back approximately 534 to 438 million years. The cave itself formed between 1.8 and 0.13 million years ago. Extending 5,600 metres in length and with a vertical drop of 138 metres, Jiguan Cave features spectacular underground water formations, including subsurface rivers, ponds, pools, splashes, and drops. These have given rise to non-gravitational water travertine deposits, with stalactite landforms in various shapes such as stone pillars, stalagmites, stone shields, stone curtains, crystal needles, and stone flowers. Revered as &quot;the No.1 Cave in north China&quot;, it serves as a key site for cave observation and research.","Funiushan UNESCO Global Geopark lies within the culturally rich cities of Nanyang and Luoyang, whose long histories have shaped the heritage of the region. The geopark is home to a range of significant cultural sites, including the Neixiang Local Magistrate’s Office, the Great Wall Ruin Site of Chu State, and the Laojunshan Laozi Cultural Buildings, as well as temples and memorial sites such as Fan Li Memorial Site, Yi Yin Temple, Zhang Liang Temple, and Yuhuang Pavilion. The geopark also preserves diverse forms of intangible cultural heritage. It holds one world intangible heritage element—Beating the Spring Ox in the 24 Solar Terms—and four nationally recognised traditions: Xiping folk songs, Zhenping jade carving, Wanbang, and pyrography - the art of decorating wood or other materials with burn marks. Local craftsmanship is promoted through cooperation with Nanyang pyrography workshops to produce cultural and creative products featuring elements of the geopark. In parallel, Funiushan UNESCO Global Geopark actively supports environmental education and community engagement through school partnerships and outreach initiatives. These programmes introduce young people to the region’s biodiversity, karst landscapes, and cultural heritage.","“Thirteen different types of fossil dinosaur eggs have been discovered and are on display, including two very rare specimens”",ha,585800.0,1002321,658.0,False,,,http://nyfuniushan.com/en/,"33.576, 111.797",https://www.unesco.org/en/iggp/funiushan-unesco-global-geopark
06e9254d-a321-51f0-91bb-9050882ab4a9,ASCN10,Hong Kong UNESCO Global Geopark,CN,2015-01-01,"Visit the Tin Hau Temples at Kat O and Leung Shuen Wan, important cultural landmarks and historic buildings.Explore the Hip Tin Temple, a site of great religious and cultural significance.Discover the Lai Chi Wo rural revitalization project, recognised for sustainable development in the 2020 UNESCO Asia-Pacific Awards for Cultural Heritage Conservation.","Hong Kong UNESCO Global Geopark boasts a diverse landscape, including low-elevation flatlands along the coast and picturesque islands adorned with cliffs that gracefully meet the sea. It is a place where nature and human heritage seamlessly intertwine, offering visitors a multifaceted experience. With a geological record spanning more than 370 million years, from the Devonian to the Paleogene, and a diversity of ancient environments that over time changed from a large river delta flowing into a shallow sea, to a territory of lava-spewing volcanoes, and finally a tropical lagoon, Hong Kong UNESCO Global Geopark bears witness to a planet in constant change. One of the most impressive geological formations of the geopark, and part of the First 100 IUGS Geological Heritage Sites, is the rhyolitic columnar rock formation found in the High Island Reservoir in Sai Kung East Country Park. Unlike other hexagonal rock columns found around the world—usually composed of dark-grey basalt with low silica content—the High Island Formation is made of light-coloured rhyolitic volcanic rock that is rich in silica. The formation comprises a huge number of columns, which are large, well-preserved and widely distributed, making it a globally rare and iconic geological wonder. Visitors can hike and observe these rhyolitic rock columns up close on the High Island Geo Trail along the East Dam, or take a boat tour for a panoramic view from afar. Tung Ping Chau is a picturesque island with the youngest rock formation in Hong Kong, consisting of shale, a fine-grained sedimentary rock. Aside from the shale formation, which is well exposed along the island’s coast, visitors can observe a wide range of sedimentary features and coastal erosion landforms. The roughly 6-km-long Ping Chau Country Trail winds around the island’s coastline, allowing hikers to visit many significant geosites. On Sharp Island, there are large boulders mostly composed of rhyolite and granite (quartz monzonite). These granite boulders exhibit extraordinary cracks and resemble Hong Kong’s iconic snack, the pineapple bun. Appropriately, they have been named the Pineapple Bun Rocks. There is also a tombolo that emerges at low tide, allowing visitors to walk across it to the small island of Kiu Tau and climb to its highest point. From there, visitors can enjoy panoramic views of the tombolo, the Sai Kung Inner Sea, and the Clearwater Bay Peninsula.","Due to its unique proximity to Hong Kong’s renowned financial centre, the Hong Kong UNESCO Global Geopark is a one-of-a-kind “Geopark in the City,” just a one-hour bus or car ride away. A visit to the Hong Kong Geopark offers encounters with protected wildlife thriving among a wide range of geological features. Beyond its geological significance, the geopark is rich in cultural traditions and history. Local communities, including Hakka villagers and fishing families, maintain distinctive customs, festivals, and ways of life. These traditions form a vibrant tapestry of intangible heritage, reflected in architectural styles, seasonal celebrations, traditional songs, and healing practices. Coastal residents maintain a deep spiritual connection with the sea, expressed in rituals that honour sea gods and goddesses. On the island of Kat O, believed to be blessed with a “dragon vein,” residents celebrate the Da Jiu Festival to nourish this sacred energy through community gatherings and offerings. Several sites within the geopark have received international recognition for cultural heritage conservation. The Hung Shing Temple on Kau Sai Chau received the Outstanding Project Award at the 2000 UNESCO Asia-Pacific Awards for Cultural Heritage Conservation, while St. Joseph&#39;s Chapel on Yim Tin Tsai was honoured with the Award of Merit in 2005. These restored sites reflect the ongoing commitment of local communities to preserving their cultural heritage.","“A city Geopark with rare acidic columns, diverse coastal landforms and a wide range of sedimentary rocks”",ha,43900.0,50000,333.0,False,https://bioportalstprod.blob.core.windows.net/portal-media-public/GP/ASCN10/image/main/ASCN10_main.jpg,http://www.youtube.com/watch?v=7egvcKdjZSw,http://www.geopark.gov.hk/en_index.htm,"22.419, 114.329",https://www.unesco.org/en/iggp/hong-kong-unesco-global-geopark
5f54130a-7b12-5abf-bfac-18a90e4aa9a2,ASCN15,Leiqiong UNESCO Global Geopark,CN,2015-01-01,"Taste local specialities including pineapple, coffee, red sugar, and black beans, all grown in the geopark region.Explore local crafts such as litchi wood carvings and scented rosewood chains traditionally worn as ornaments.Visit Rongtang village and its 72 lava tube caves, an 800-year-old stone village explored with local guides and connected to traditional legends and practices.","Leiqiong UNESCO Global Geopark is located in southern China, straddling the Qiongzhou Strait. The geology of the area is defined by the Leiqiong Rift Volcanic Belt, and 78 geosites—mostly volcanic—document its complex formation history. Over 100 volcanoes are densely distributed across the geopark, with 38 protected volcanic structures. These include nearly all known volcanic types formed through basaltic and phreatomagmatic eruptions. Particularly notable are the numerous maar craters—broad, low-relief volcanic depressions formed when rising magma interacts explosively with groundwater. Several sea cliffs in the geopark also originated from maar-type explosions. These features represent a highly complete and well-preserved collection of Quaternary volcanoes, and the site is regarded as one of the most significant Quaternary basaltic volcanic regions in China. Among the geopark’s most prominent geological features is Huguangyan Maar Lake, where the first Chinese research on maar lakes was conducted. It remains an important reference site for international cooperation, particularly between Chinese and German scientists. Leiqiong UNESCO Global Geopark also contains a wide variety of lava structures and volcanic landforms, including different types of lava flows and tunnels. These form a natural exhibition of basaltic volcanism and contribute to the park’s scientific and educational value. The geopark is also situated in an ecological transition zone with a high diversity of flora and fauna. Volcanic processes have created fertile red soils that support dense tropical forest, in contrast to the surrounding blue sea and silver beaches. These geological and ecological elements combine to form a dynamic landscape where natural processes and biodiversity coexist.","Leiqiong UNESCO Global Geopark has a long and rich historical and cultural background. The region includes significant cultural heritage sites such as Lengyan Temple, built during the Sui Dynasty (581–618 AD), and the Leizu Ancestral Hall (642 AD). It is also connected to the Ancient Maritime Silk Route, which linked China to overseas countries through trade, communication, and cultural exchange. Across the geopark, more than 20 old villages preserve traditional architectural styles, including stone houses, walls, gates, towers, temples, and basalt-paved passageways. These sites reflect the region’s long-standing interaction between human settlement and volcanic landscapes. Longmen Village, located within what is locally known as the “pineapple sea,” is an example of an active community embedded in the geopark. The village maintains a strong cultural identity based on pineapple cultivation, introduced in the 17th century. The village also reflects how agricultural practices have adapted over time to volcanic soils and economic change. The geopark spans both Haikou City and Zhanjiang City—important coastal cultural centres—where human activity has long coexisted with volcanic features. In Mt. Ma’an Scenic Area near Haikou, visitors can walk along well-developed paths to observe lava flows, tropical forests, and volcanic cones. The area includes science centres and restaurants that serve local cuisine prepared with meat and vegetables grown in the fertile volcanic soil.",“Maar craters were formed when groundwater came into contact with lava and exploded”,ha,305000.0,1486000,487.0,False,https://bioportalstprod.blob.core.windows.net/portal-media-public/GP/ASCN15/image/main/ASCN15_main.jpg,,http://www.geopark-leiqiong.com/eng/index.php,"20.515, 110.263",https://www.unesco.org/en/iggp/leiqiong-unesco-global-geopark
765e7a8d-eb1b-5e2a-abf5-e076094ad5bc,ASCN16,Leye Fengshan UNESCO Global Geopark,CN,2015-01-01,"Discover the Dashiwei tiankeng cluster, featuring 35 spectacular collapsed dolines along the Bailang underground river, including one over 600 metres wide and 613 metres deep.Explore the Sanmenhai karst windows, a unique group of surface openings in the Poxin resurgence area connected to an underground cave river system.","Leye-Fengshan Geopark, nestled between the Yunnan-Guizhou Plateau and the Guangxi Basin, holds a remarkable tapestry of natural wonders within its expansive borders. Rising to its pinnacle, Gaodaping Mount stands tall at an awe-inspiring height of 1,982 metres, while the Liangwanhe River gracefully meanders through its lowest point at 412 metres. Here, the stage is set for a captivating journey into the heart of geological marvels and cultural treasures. Karst formations dominate the landscape of Leye-Fengshan Geopark, displaying their grandeur in various captivating forms such as dolines, karst canyons, poljes, underground rivers, and karst springs—each inviting exploration into hidden realms. Countless caves, adorned with magnificent chambers, beckon adventurous visitors. Unveiling the geological history of the region, the park’s heritage traces back to the Cambrian era over 500 million years ago, as expressed through a diverse array of sedimentary rocks. Amidst this geological spectacle, three captivating wonders demand attention. The Dashiwei tiankeng cluster astounds with its 35 collapsed dolines, nestled along the midstream of the Bailang underground river. Among them, the most spectacular spans a staggering 600 metres and plunges 613 metres into the Earth&#39;s depths. The Sanmenhai karst windows, a group of karst features scattered across the Poxin resurgence area, form a mesmerizing ensemble. These intricate landforms are shaped by the convergence of six formations and harmonise with the serenity of an underground cave river. Adding to the geological diversity, Luomeidong Cave reveals its splendour across two levels. The upper level, dry and serene, showcases a captivating array of lotus rimstone formations in various shapes and sizes. The &quot;king of lotus rimstones&quot; commands particular attention with its colossal 9.3-metre diameter.","Leye-Fengshan UNESCO Global Geopark spans the counties of Leye and Fengshan and is home to 11 Indigenous communities, with the Zhuang ethnic group making up more than half of the local population. The region combines agricultural livelihoods with significant efforts to conserve biodiversity, and large areas of the park continue to support protected species of plants and animals. The geopark has actively worked to transition to more sustainable economic practices. Traditional agricultural production—previously based on rice, corn, sweet potato, canola, and sugarcane—has been transformed toward organic crops including walnut, chestnut, aniseed, kiwifruit, tea, and Roxburgh rose. These are promoted for their higher market value, contributing to increased income for local farmers. Six art processing enterprises and eight agricultural product enterprises operate within the geopark, supporting local employment. Local craftsmanship includes weaving methods from the Zhuang community, and many products are distributed through commercial platforms to reach wider markets. Tourism has become an increasingly important economic activity. The geopark features 39 scenic routes, offering hiking, cycling, and boat tours that allow visitors to experience the geological and cultural landscape firsthand. The area is also known for geotourism events and sports-based tourism. Activities such as the China Rock Climbing League Contest, Leye Hiking Contest, Leye Outdoor Sports Cross-Country Challenge, and the Chinese-Foreign Cave Expedition take place annually. Education is a key focus of the geopark’s work. The Leye Rock Climbing School runs a monthly “Journey to the Hidden Earth” programme for students. Cultural and promotional events—such as the 3rd March Festival and the Bulong Song Festival—celebrate local traditions and are also used to strengthen cooperation with sister geoparks including Danxiashan, Yandangshan, Zhangjiajie, and Lushan.",“The territory of caves and of the world’s longest natural bridge”,ha,111300.0,150000,161.0,False,https://bioportalstprod.blob.core.windows.net/portal-media-public/GP/ASCN16/image/main/ASCN16_main.jpg,,http://www.lfgeopark.com/,"24.633, 106.776",https://www.unesco.org/en/iggp/leye-fengshan-unesco-global-geopark
246c54c0-eee2-5ba2-b7b4-3bbf13401637,ASCN24,Shilin UNESCO Global Geopark,CN,2015-01-01,"The Traditional Torch Festival is one of the most important and splendid festivals in southwestern China.The Naigu (or ‘black’) Stone Forest in the north of the geopark features dark-coloured dolomitic limestone.Changhu Lake, surrounded by green hills, is a natural karst lake where traditional festivals are held, and also makes for a good picnic spot.","Literally “stone forest”, Shillin Geopark got its name from the region’s distinctive karstic landform part of the Yunnan karst plateau.&nbsp; The Major Stone Forest is deemed the quintessential stone forest worldwide.&nbsp; In Shilin, visitors will also enjoy beautiful views of rivers, lakes, and green trees. Many of the plant and animal species living in the park are protected. The area’s geological history traces back to the late Palaeozoic era. Shilin’s bedrock consists primarily of Devonian, Carboniferous, and Permian shallow marine carbonate deposits. These sediments, originally laid down in an ancient sea, were later uplifted and subjected to long-term weathering and dissolution processes. This resulted in one of the world’s most complete and varied expressions of karst development, characterised by striking limestone formations in the shape of pillars, swords, mushrooms, and towers. The Major Stone Forest, one of the park’s most iconic sites, displays dense clusters of stone pillars rising 20–50 metres high, creating a forest-like appearance on the horizon. These geomorphological features are not only scientifically significant, offering insight into karst evolution over multiple stages, but also hold substantial aesthetic and cultural value.","The Indigenous Sani People of the Yi ethnic group have lived in the Shilin UNESCO Global Geopark for more than 2,000 years. Their culture is closely tied to the karst landscape, with stories such as the widely celebrated epic Ashima reflecting this connection. Geological sites across the geopark are interpreted in relation to this legend, and the Ashima Intangible Culture Exhibition Hall—housed within the Geopark Museum—plays an important role in presenting Yi traditions. The geopark supports the preservation and transmission of Yi intangible cultural heritage through partnerships with the local tourism bureau, cultural museum, and intangible cultural heritage protection centre. Intangible cultural heritage elements include Yi embroidery, dance, music, language, wrestling, religious customs, and the Traditional Torch Festival—southwestern China’s most significant Yi celebration, held according to the lunar calendar.",“Shilin delights visitors with its fantastic karst formations while educating them about fundamental geology”,ha,36570.0,67830,165.0,False,https://bioportalstprod.blob.core.windows.net/portal-media-public/GP/ASCN24/image/main/ASCN24_main.jpg,,http://en.chinastoneforest.com/,"24.779, 103.373",https://www.unesco.org/en/iggp/shilin-unesco-global-geopark
67a998a9-1352-586d-bf4a-9565c3d4799f,ASCN25,Songshan UNESCO Global Geopark,CN,2015-01-01,"Experience the vibrant village life of Chanxinju, where homestays, workshops and a vegetarian restaurant offer a model for sustainable tourism.Marvel at the quartzite cliffs of Shaoshi Mountain, folded by the Zhongyue Movement and a key site for understanding regional tectonics.Visit the iconic Shaolin Temple, a traditional Buddhist site and birthplace of Shaolin Kung Fu, still active under the guidance of Abbot Shi Yongxin.","Songshan UNESCO Global Geopark stretches east–west across the mountains and ridges of Ma An, Five Fo, Dan Yang, Shaoshi, and Taishi. These striking hills rise straight up, each seemingly higher than the one before, making for a grand setting. It consists of five scenic areas – Mount Taishi, Mount Shaoshi, Mount Wufo, Mount Wuzhi, and Shicong River – revealing 3.6 billion years of geologic history in a region described by geologists as “Five-Era-in-One” for its continuous and clearly exposed stratigraphic sequence. The geopark preserves rock layers from the Archean, Proterozoic, Paleozoic, Mesozoic and Cenozoic eras, and provides one of the best places to study the evolution of the Earth’s crust. It is also internationally significant for recording three major Precambrian tectonic movements – the Songyang Movement (around 2.5 billion years ago), the Zhongyue Movement (around 1.85 billion years ago), and the Shaolin Movement (around 0.8 billion years ago) – which created the angular unconformity interfaces visible today, especially in Shaoshi Mountain.","The area surrounding Songshan UNESCO Global Geopark is home to an exceptional concentration of cultural heritage, including ten temple monasteries, five shrines, five palaces, three Taoist temples, four Buddhist convents, and more than 270 pagodas. Mount Songshan itself represents a confluence of Buddhist, Taoist, Confucian, wushu, and folk cultures. In 2010, UNESCO inscribed the “Historic Monuments of Dengfeng in ‘The Centre of Heaven and Earth’” as a World Cultural Heritage site. This includes eleven historical structures across eight locations, among them Shaolin Temple, the Three Han Que Gates, Zhongyue Temple, Songyue Temple Pagoda, Huishan Temple, and Songyang Academy. In addition to the World Heritage sites, the geopark contains nationally recognised cultural heritage sites, such as the Shaolin Temple Pagoda Forest and the Astronomical Observatory. These cultural sites are not only preserved but actively integrated into the geopark’s educational and visitor programming. On site, visitors can engage with traditional practices such as calligraphy and the making of prayer beads, as well as attend performances including the Zen music festival, which showcases the area’s intangible heritage.",“Geological and cultural heritage together in an ancient landscape”,ha,46400.0,420000,60.0,False,https://bioportalstprod.blob.core.windows.net/portal-media-public/GP/ASCN25/image/main/ASCN25_main.jpg,,http://songshangeopark.com/index.php?v=en,"34.486, 113.007",https://www.unesco.org/en/iggp/songshan-unesco-global-geopark
64bac144-2683-5818-9b05-d6ca55d23068,ASCN26,Taining UNESCO Global Geopark,CN,2015-01-01,"Make sure not to miss the traditional Nuo Dance, dating back to the Shang Dynasty 3,000 years ago, and performed as an exorcism ritual.Follow the hiking route through Zhaixia Grand Canyon to the historic Jingui Temple.Explore the cycling and walking trail that runs from Jixi Village to Luozhu Rock.","Taining UNESCO Global Geopark is located in the northwest of Fujian Province, on the southeastern side of the mid-Wuyi Mountains. The landscape consists of mountains, hills and basins, with elevation decreasing from northwest to southeast. Baishiding, the highest peak in the area at 1,858 metres, is one of the tallest granitic peaks in southeastern China. The geopark preserves a wide range of landforms shaped by different geological substrates: steep volcanic mountains, low and hilly Danxia landforms, and gently undulating metamorphic and red-bed landscapes. The geopark’s geological heritage records five major tectonic stages and spans sedimentary, volcanic, intrusive and metamorphic rocks. It developed on the Wuyi mountain range, situated along the Cathaysian block, and has remained on the active tectonic margin of the West Pacific since the Late Triassic, approximately 200 million years ago. Volcanic activity and magma intrusions have occurred multiple times, and several types of geological basins—coal-bearing, oil-bearing, double-peak volcanic, and red-bed—overlap across the territory. The Shaowu–Heyuan Fault is the main structural feature. Taining is especially renowned for its Danxia landforms, formed from Cretaceous red beds, and granite egg-shaped formations. The ancient planation surface, deep-incised meandering canyons, early-stage peak clusters, and striking red cliffs offer high scientific and aesthetic value. Key geosites include Hongshi Mountain, Zhaixia Grand Canyon, and the Golden Lake area. Features such as the Shangqing Stream meander, Shiwang Grand Canyon, Danxia caves, and stone pillars provide insight into the region’s complex geological evolution.","Taining UNESCO Global Geopark supports sustainable rural development by integrating geotourism with local livelihoods. In recent years, six geovillages have been established, each with distinct characteristics that reflect both geological and cultural identity. These villages are now key components of the geopark’s visitor routes, offering residents new economic opportunities through tourism. Shuiji Village, once a low-income farming community, is a notable example—local farmers now lead tourism activities, generating income while strengthening ties to their land. The geopark also plays a significant role in preserving and promoting intangible cultural heritage. Efforts include the protection of traditional practices such as the Taining Meilin Opera, recognised at national level, alongside other locally valued forms of cultural expression. These are sustained through community partnerships, public events, and educational outreach, helping to maintain cultural continuity across generations. Geoscience education is a core part of the geopark’s mission. Programmes are tailored to different age groups, from schoolchildren to young docents, and include outdoor learning activities and student-led science communication. In parallel, the geopark contributes to risk preparedness and climate resilience. It supports public awareness of geo-hazards through early warning systems, and runs regular education campaigns on forest fire and typhoon prevention across key sites within the territory.",“Taining offers a wealth of geological and cultural sites to visitors”,ha,49250.0,55000,111.0,False,https://bioportalstprod.blob.core.windows.net/portal-media-public/GP/ASCN26/image/main/ASCN26_main.jpg,,http://www.taininggeopark.com/,"26.862, 117.101",https://www.unesco.org/en/iggp/taining-unesco-global-geopark
59ddd9d7-6465-5996-b581-d68d68a4004a,ASCN27,Taishan UNESCO Global Geopark,CN,2015-01-01,"Fans of hiking and climbing shouldn’t miss the Taishan climbing route from Daimiao to Yuhuangding.Experience the dramatic relief and neotectonic landforms of Mount Taishan, including scenic features like Caishixi Stream and Zuixin Garden.","Taishan UNESCO Global Geopark, located in the midwest of Shandong Province, occupies a key position at the eastern edge of the North China Plain. The geopark lies to the north of Qufu, the hometown of Confucius, and east of the Yellow River. Mount Taishan rises prominently from a group of surrounding mountains, offering striking geological formations and extensive scientific value. This ancient land has witnessed dynamic and violent geological events dating back approximately 2.8 billion years. The park contains rich and diverse geoheritage, long recognised by national and international geologists. The Taishan Group-Complex includes basic igneous rocks such as komatiite and multiple phases of Precambrian intrusive rocks formed between 2.73 and 1.8 billion years ago. These provide key insights into Archean–Proterozoic geology, including the formation of granite–greenstone belts and the broader geodynamic processes involved in the evolution of Earth’s early continental crust in East China. A complete and well-preserved Cambrian stratigraphic section, located in Zhangxia County within the geopark, allows researchers and visitors alike to explore more than 50 million years of early palaeontological history. The sequence contains abundant trilobite fossils and other Cambrian fauna, aiding scientific understanding of regional and international age correlations for the Cambrian Period. The influence of more recent neotectonic activity is also visible across the landscape, contributing to the dramatic relief of Mount Taishan and shaping its distinct landforms. Among the notable features within the geopark are Caishixi Stream, a 5-kilometre-long scenic waterway, and Zuixin Garden, both of which provide further opportunities to engage with the area’s geological and geomorphological evolution.","Taishan UNESCO Global Geopark has a cultural history spanning over 5,000 years and is home to numerous historic and cultural sites, including the Dai Temple and Azure Clouds Temple. The geopark also features an integrated museum where visitors can explore the region’s natural and cultural heritage, and learn about the importance of safeguarding its aesthetic, ecological, and scientific values. Taishan UNESCO Global Geopark places protection at the core of its development strategy. Its natural landscapes, geological heritage, and ecosystems are subject to strict conservation measures. Tourism activities are managed within the limits of environmental capacity to ensure long-term sustainability. Drawing on its unique geological features, including the rare komatiite and the Taishan Group-Complex, the geopark supports Tai’an City in achieving balanced environmental, cultural, and economic development. Through activities such as sightseeing, scientific research, ecotourism, and cultural tourism, the geopark creates employment opportunities, raises local living standards, and promotes community wellbeing. This integrated approach ensures that geoheritage is protected while contributing to the sustainable development of the local economy and society.","“Zuixin stone and barrel-shaped structure, Popular Bridge quartz diorite, Fan cliff, Three large faults, Summit stone”",ha,41836.0,100000,630.0,False,https://bioportalstprod.blob.core.windows.net/portal-media-public/GP/ASCN27/image/main/ASCN27_main.jpg,,http://www.taishangeopark.com/geologyeng.shtml,"36.106, 117.127",https://www.unesco.org/en/iggp/taishan-unesco-global-geopark
d9e8c7f8-7c91-5bec-b23a-fda7b02f0704,LAEC01,Imbabura UNESCO Global Geopark,EC,2019-01-01,"The region is also known for traditional festivals such as Inti Raymi, a religious ceremony from the Inca Empire in honour of the god Inti (Quechua for &quot;sun&quot;), the most venerated Inca deity, celebrating the winter solstice.Relax in hot springs heated by the region’s volcanic systems, popular with visitors.","Travelling from Quito to Ibarra, the largest city in the Imbabura UNESCO Global Geopark, one will inevitably circle around the Imbabura volcano. This inactive stratovolcano, rising to 4,621 metres above sea level, dominates the landscape with its rock crest towering above San Pablo Lake. While nearby Cayambe reaches 5,790 metres, making Imbabura seem modest in comparison, its steep, water-carved slopes and imposing presence remain striking. Although it has been dormant for around 7,500 years, Imbabura is not considered extinct. The geopark spans the western foothills of the Cordillera Real and Cordillera Occidental and is home to twelve other volcanoes. Some, like Chachimbiro and Cuicocha, are potentially active. Others, such as Pilavo, Parulo, Yanahurcu de Piñan, Pulumbura, Cotacachi, Cubilche, Cushnirumi, Cusin, Fuya-Fuya and Mojanda, are dormant or extinct. This volcanic terrain provides habitats for the Andean bear—the only bear species native to South America—and the Andean condor, one of the world’s largest flying birds. The geology of the Imbabura UNESCO Global Geopark reflects the formation of the Andes, the world’s longest continental mountain range, stretching 8,900 kilometres through seven countries. The Andes began forming during the Triassic period (252–201 million years ago), when the oceanic Nazca Plate began subducting beneath the South American Plate. This process generated both uplift, creating mountains, and volcanic activity through magma formation. In Imbabura, volcanic activity has been ongoing for over 60 million years. The volcanoes are the key geoheritage of the geopark, many of which can be explored on foot. The Gorki Campusano Trail, a 14.5-kilometre route, follows the rim of the Cuicocha volcanic caldera—a three-kilometre-wide lake at 3,256 metres altitude. Cuicocha takes its name from the Kichwa Indigenous language, meaning “Guinea Pig Lake”.","The Imbabura UNESCO Global Geopark is the ancestral territory of Kichwa Indigenous peoples, including the Cayambi, Otavalo, Zuleta, and Natabuela communities. It is also home to Afro-Ecuadorian peoples, as well as Montuvio and Awa communities, creating a multicultural territory where diverse traditions and identities coexist. The Andean volcanoes of the region, including Imbabura, are deeply embedded in Indigenous worldviews and are seen both as spiritual presences and as the source of fertile soils. These soils support traditional agriculture, including maize, beans and sugarcane—staple crops cultivated for generations. The volcanic terrain has also given rise to the cloud forests of the northern Andes, which reach altitudes of up to 3,000 metres and contribute to the region’s biodiversity and food systems. Volcanic activity also provides opportunities for sustainable development. The hydrothermal systems of the region are being explored for geothermal energy, with drilling in Chachimbiro reaching depths of 2,000 metres and capturing temperatures over 200°C. These geothermal resources offer a renewable energy source while nearby hot springs support local tourism. Traditional knowledge, crafts and gastronomy continue to play an important role in community life and livelihoods. Many entrepreneurs produce and sell handicrafts—such as pottery, embroidery, and wool or wood-based items—using techniques passed down through generations. Local cuisine, based on fresh produce, includes distinctive preparations of pancakes, meats and ice cream. Through such practices, culture is maintained as a living, evolving element of daily life and economic activity.","“Imbabura: land of lakes and volcanoes, inter-cultural heritage, legends, and more”",ha,479100.0,476256,87.0,False,https://bioportalstprod.blob.core.windows.net/portal-media-public/GP/LAEC01/image/main/LAEC01_main.jpg,,,"0.452, -78.457",https://www.unesco.org/en/iggp/imbabura-unesco-global-geopark
9956ddfd-c243-5714-99be-58a1bcc23dd4,ASID07,Ijen UNESCO Global Geopark,ID,2023-01-01,"Visit Parangireng Beach to explore pillow lava formations and fossilized foraminifera, unique geological features that reveal the region’s volcanic and marine history.Discover the Bondowoso Coffee site, where coffee plantations coexist with diverse flora and fauna, including rare butterflies like Papilio memnon and Papilio polytes, and shade plants like Suren Toona sureni, and Cinnamomum zeylanicum.","Ijen UNESCO Global Geopark is characterised by a high concentration of volcanic cones, craters, and lava flows, showcasing the complex geological processes that have shaped the region over millions of years. The most prominent attraction within the geopark is Ijen volcano and its crater lake, which is famous for being the most acidic lake in the world, and its otherworldly blue fire phenomenon—a rare sight attributed to the reaction between sulphur and oxygen. While most volcanoes produce red or orange fire, the high sulfur concentrations and temperatures exceeding 360°C in Ijen Crater create a unique environment for the formation of blue fire. This phenomenon is observable only during night-time due to the intensity of sunlight obscuring the visibility of the blue flames. Ijen is one of the most active volcanoes in the Ijen caldera system. Approximately 22 post-caldera volcanic cones were generated inside and on the rim of the caldera. This volcanic activity rises above the limestone basements and tertiary volcanic rock which can be found forming the old hills 50 km south of Ijen. The geopark overlaps with the Belambangan Biosphere Reserve, designated by UNESCO in 2016.","The communities of Ijen maintain a deep connection to their cultural heritage, which is upheld and celebrated through various traditions and ceremonies including the Gandrung Dance of Banyuwangi, performed to the accompaniment of traditional Javanese-Balinese musical instruments. Annual events like the Gandrung Sewu Festival and the Banyuwangi Ethno Carnival not only highlight these rich traditions but also contribute to the local economy by drawing visitors from across Indonesia and beyond. The geopark has made concerted efforts to bridge the communication gap between visitors and local communities. By providing trainings for local guides, the geopark ensures that visitors experience an authentic connection to the region&#39;s heritage.&nbsp; The geopark supports schools of all levels with the teaching of Earth sciences and sustainable living. Its “School Goes to Geopark” programme facilitates student and public visits to various sites within the geopark for hands-on learning. The Geopark Corner initiative supports schools in setting up small information centres, creating outdoor learning spaces within a controlled environment.",,ha,472300.0,2121473,390.0,False,https://bioportalstprod.blob.core.windows.net/portal-media-public/GP/ASID07/image/main/ASID07_main.jpg,https://www.youtube.com/Geoparkijen,http://geopark-ijen.jatimprov.go.id/,"-8.2676905, 114.198",https://www.unesco.org/en/iggp/ijen-unesco-global-geopark
63ab9b18-4d79-5507-b753-6ab4debb5718,ASCN30,Wudalianchi UNESCO Global Geopark,CN,2015-01-01,"Don’t miss the Holy Water Festival. Unique to Wudalianchi, this vibrant celebration is recognised as part of China’s National Intangible Cultural Heritage.Hike the scenic plank road. This long, wide trail winds around the lakes of Wudalianchi, stretching from the lava plateau to Laoheishan Volcano.","Wudalianchi UNESCO Global Geopark is located in the middle-north part of Heilongjiang Province, China, approximately 380 km from Harbin, the provincial capital, and 230 km from the Russian Federation border city of Blagoveshchensk. Its name means “five connected lakes,” a reference to the lava-dammed lakes that define the landscape — and the local economy, thanks to the region’s commercial mineral water industry. The geopark is internationally renowned for its exceptional volcanic landforms, shaped by eruptions that occurred across different geological periods. Fourteen volcanoes — both ancient and relatively recent, including two that erupted in the 18th century — rise dramatically above the otherwise flat terrain. These include rare features such as driblet cones: miniature lava formations created by droplets of lava projected from gas vents. More than 1,500 such cones have been documented in the park, falling into four distinct types: cone-shaped, tower-shaped, mound-shaped, and corolla-shaped. In addition to its Quaternary volcanic landscapes, the geopark preserves rich geoheritage from the Cambrian and Cretaceous periods, offering an outstanding cross-section of geological time. Its unique combination of undisturbed volcanoes, expansive lava plateaus, mineral-rich springs, and well-preserved geomorphology has earned Wudalianchi the reputation of a “Natural Volcano Museum” and a “Living Textbook on Volcanoes” among geologists.","Wudalianchi UNESCO Global Geopark is home to several Indigenous communities, including the Manchu, Daur, Ewenki, and Oroqen peoples, each with deep-rooted cultural ties to the region. The Daur people, believed by some historians to descend from the Khitan of the Liao Dynasty, maintain distinctive cultural practices, including traditional garments such as the “Hashmi” leather robe worn by men and embroidered gowns worn by women. Daur bridal dress styles are uniquely ornate, differing from the Phoenix coronas of the Han tradition, and are rich with ethnic symbolism. The Oroqen, historically known as “the People in the Forest,” preserve a hunting-based culture deeply connected to nature. Their traditional clothing is made from roe deer skin, including coats and vividly lifelike head caps shaped and sewn to resemble roe deer, using roe deer tendons and fur. These garments, decorated with motifs such as “bow cut” or “cloud roll,” are both functional and symbolic, designed for warmth and camouflage. Similarly, the Ewenki people, whose name means “People Living in the Mountains,” have long relied on leather garments and reindeer for winter travel, referring to their animals as the “Boats of the Forest.” Cultural storytelling and spiritual practices are vital to the region’s intangible heritage. One of Wudalianchi’s most distinctive cultural traditions is the Holy Water Festival, a National Intangible Cultural Heritage event. According to local legend, the festival began after a Daur hunter was led by a deer to a healing spring at the foot of Yaoquan Volcano. The spring’s waters were said to cure ailments and were attributed to the intervention of the Holy Water Goddess. Today, the festival—held annually during the Dragon Boat Festival—draws together multiple ethnic groups. Families gather to bathe in and celebrate around the springs with bonfires, food, and traditional songs. Before leaving, they tie red silk to tree branches to symbolise health and protection for the coming year. Wudalianchi’s commitment to education and public engagement is exemplified by its Global Geopark Museum, located in the heart of the park, covering topics from global volcanism and ecology to the cultural heritage of the region. Designed for hands-on, inquiry-based learning, the museum also includes research labs, a specimen collection, and a 3D cinema.",“A Natural Volcano Museum with every volcanic landscape that one expects to find”,ha,79011.0,14223,20.0,False,,,,"48.722, 126.236",https://www.unesco.org/en/iggp/wudalianchi-unesco-global-geopark
d9adb059-0693-5cd7-b36f-b051c2ff9f9e,ASCN37,Zhangye UNESCO Global Geopark,CN,2020-01-01,"Visitors should not miss the Yumushan Rock Paintings, the Heiyao Cave Traditional Steel Furnaces, the Gaoche Domed Tents, the Machangtan Battle Site, and the Kanglong Temple.Make sure to listen to Yugur folk songs and discover unique oral literature.","Zhangye UNESCO Global Geopark, located in the northwest of China and known for its colourful hills, centres on Sunan County—the only Yugur autonomous county in China. In the heart of the Qilian Mountains, the region boasts a diverse range of mesmerizing landforms that showcase its geological evolution. In the Nine Springs area, centrally incised mountainous terrains dominate the landscape, captivating visitors with their awe-inspiring beauty. Journeying to the eastern region of Sunan County Town, one is greeted by mid to low mountainous terrains shaped by structural erosion, resulting in enchanting vistas like the vibrant Colourful Hills and mesmerizing Danxia landscapes. Zhangye lies within a transitional zone between the Qilian Caledonian fold belt and the Alxa block, shaped by complex geological processes over hundreds of millions of years. This has given rise to a wide range of geological features, including Danxia formations, structural landforms, erosion-formed gorges, and the internationally significant Nine Springs ophiolite suite—an Early Palaeozoic collision zone between the North China and Qaidam plates. The site has long drawn international geological interest, serving as a field stop for the 30th International Geological Congress in 1996 and for joint field research by the Australian-China Tectonics and Earth Resources Centre in 2018. The Colourful Hills, shaped by tectonic uplift into striking monocline peaks, and the Binggou Danxia, with its window-lattice and palace-style landforms, provide vivid examples of arid-region Danxia topography. Along the Heihe River, the second largest inland river in northwest China, steep gorges and erosion-formed landforms further enrich the region’s geological diversity and contribute to its value as a natural classroom for geoscience education.","Zhangye UNESCO Global Geopark is home to fifteen ethnic groups, including Yugurs, Tibetans, Mongols, Huis, Manchus, Dongxiangs and Bonans. With 56.5% of the local population belonging to minority groups, and the core area located in Sunan County—the only Yugur autonomous county in China—the geopark reflects a rich cultural and linguistic diversity. Zhangye is an important site along the ancient Silk Road. Cultural heritage sites within the geopark include Yumushan rock paintings, Heiyao Cave Traditional Steel Furnaces, Gaoche domed tents and yurts, the Machangtan Battle Site, and Kanglong Temple. Intangible cultural heritage is also a defining feature of the geopark. Three practices—Yugur folk songs, costumes, and weddings—are inscribed on China’s national intangible cultural heritage list. Additional practices, including leather carving, are recognised at the provincial and municipal levels. Whether on foot, horseback, or camelback, there are countless ways to immerse oneself in the wonders of Zhangye Geopark. For a truly unique perspective, helicopter and hot-air balloon rides offer a bird&#39;s-eye view of the park, allowing to marvel at its geological marvels from above.",,ha,128971.0,18300,29.0,False,https://bioportalstprod.blob.core.windows.net/portal-media-public/GP/ASCN37/image/main/ASCN37_main.jpg,,,"38.773, 99.694",https://www.unesco.org/en/iggp/zhangye-unesco-global-geopark
d566de8e-c969-5974-bd58-ea2113083984,ASID05,Toba Caldera UNESCO Global Geopark,ID,2020-01-01,"Explore traditional Batak houses, centuries-old wooden structures, adorned with intricate Gorga carvings in symbolic colours, feature unique architectural elements like &quot;bara&quot; lower rooms for pet cages and cone-shaped roofs.Experience the beauty of the Eden Park botanical garden featuring endemic Toba plants such as andaliman, a key spice in Batak cuisine, Toba orchids, and pitcher plants.","The Toba Caldera UNESCO Global Geopark, located in North Sumatra, Indonesia, has a unique landscape shaped by one of Earth’s most powerful eruptions. Approximately 75,000 years ago, the Toba Caldera experienced a super-eruption, considered one of the most powerful volcanic events in Earth&#39;s history. This eruption is estimated to have been a thousand times stronger than the 1980 eruption of Mount St. Helens in the United States. It released vast amounts of ash and gases that spread across South Asia, causing significant climate cooling and widespread ecological devastation. Although earlier theories suggested this event led to the near extinction of the human species through a &quot;genetic bottleneck,&quot; these theories have since been dismissed. Nevertheless, the eruption left behind a barren landscape where few plants or animals survived. Today, the Toba Caldera hosts Lake Toba, the world’s largest volcanic crater lake, spanning 1,100 km². Surrounded by lush Sumatran forests, the lake also features Samosir Island, located at its centre. The caldera’s steep walls form watersheds, and the lake&#39;s surface lies at 904 meters above sea level, with a maximum depth of 505 meters. The surrounding terrain includes undulating hills, mountains, and plains, creating a varied and dramatic landscape. Lake Toba is not only a geological wonder but also a vital ecological and cultural site. It provides habitats for diverse flora and fauna while sustaining local communities like the Batak people, who have lived in harmony with the area&#39;s natural resources for generations.","The Toba Caldera UNESCO Global Geopark is home to the Batak Toba people, whose culture and traditions are deeply rooted in the region’s history and environment. Their traditional wooden houses, known as “rumah adat,” are built using wooden planks with walls shaped like a boat hull and supported by sturdy pillars set on stone foundations without cement. This architectural style reflects the community’s deep understanding of their environment, as the region is prone to tectonic activity, earthquakes and flooding. The front of a traditional Batak house is adorned with Gorga, intricate carvings in white, red, and black—each carrying its own symbolic meaning.&nbsp; The Batak culture is vibrant and diverse, marked by skilled handicrafts and traditional festivals like the Sigale-gale festival, where wooden puppets are used to tell stories and entertain. One of their most iconic crafts is ulos, a handwoven cloth made in vibrant red, black, and white hues, often adorned with gold or silver thread. Ulos is integral to traditional ceremonies, gifted at important moments such as weddings and births, and even worn for protective purposes during labour. Though some varieties, such as Ulos Raja and Ulos Sibolang, are no longer produced, ulos remains a significant cultural symbol and is now crafted into modern items like bags and tablecloths. The region’s rich biodiversity supports these traditions: Salaon (Indigofera tinctoria) and Sona (Pterocarpus indicus) plants provide blue and red dyes for ulos-making, while Kemiri trees (candlenuts) are an essential spice in Batak cuisine.",,ha,300000.0,279000,94.0,False,https://bioportalstprod.blob.core.windows.net/portal-media-public/GP/ASID05/image/main/ASID05_main.jpg,,,"2.644, 98.814",https://www.unesco.org/en/iggp/toba-caldera-unesco-global-geopark
21dcaeca-c937-566a-90ab-57acd9c228e8,ASID06,Belitong UNESCO Global Geopark,ID,2021-01-01,"Walk along a 650-meter trail through the serene Kuale Granite Mangrove Forest, home to at least six mangrove species and rich geological history dating back 145 million years.Explore the Nam Salu Open Pit at Gunung Kik Karak, one of Southeast Asia’s oldest tin mines, where visitors can see remnants of historic tin-processing technologies and some of the island’s oldest exposed rocks.","The Belitong UNESCO Global Geopark, located off the east coast of Sumatra, Indonesia, is a remarkable landscape shaped by tectonic activity and rich geological diversity. The region&#39;s formation was influenced by the convergence of the Eurasian and Indo-Australian tectonic plates, which led to the creation of the Barisan Mountains and Belitung Island. Today, the geopark spans land and sea, including 241 surrounding islands, which feature thriving marine ecosystems of coral reefs, mangrove forests and seagrass beds. One of the most striking features of Belitong is its tor granite landscape, where massive, light-coloured granite boulders, with minimal jointing, rise dramatically from the crystal-clear waters. These formations are found in the northwestern coastal plains and nearby small islands, creating breathtaking scenery and offering opportunities for exploration by boat. The island is also home to the Nam Salu primary tin deposit, one of Southeast Asia’s most significant geological sites. Visitors can explore open ramp sites showcasing some of the oldest exposed rocks on Belitung Island, offering insights into ancient geological phenomena through fossils, minerals and rock structures. Rare tektites —natural glass formed by meteorite impacts— of international geological importance have also been discovered here, forming part of the Australian Strewnfield and accounting for 18–19% of the world’s known tektite distribution. Belitong’s biological diversity is equally remarkable, exemplified by the Belitong Tarsier (Cephalopachus bancanus saltator), an endemic species found in the island’s dry shrublands and secondary forests, known for its large eyes adapted for night vision and its long hind legs. These ecosystems, although sustained by nutrient-poor soils derived from granite weathering, also support diverse flora and fauna, making Belitong an important site for ecological and biogeographical studies.","Belitong’s vibrant communities reflect a deep connection to their environment and a long history of adaptation and sustainability. As a hub of maritime trade, Belitong&#39;s waters played a crucial role in the maritime silk route from the 7th to the 13th century, linking the Tang Dynasty in China with the Abbasid Dynasty in the Middle East. Ships crossing the Gaspar Strait and Karimata Strait bypassed Palembang, the capital of the Sriwijaya Empire, on their way to Java. Shipwrecks from the 9th to the 20th centuries, scattered across these waters, provide tangible evidence of this dynamic trade history, with many artifacts preserved in the Tanjungpandan Museum. This maritime legacy continues today, as fishing remains a vital livelihood for coastal communities. Traditional kater boats, designed for nearshore fishing with minimal environmental impact, reflect a harmony between human activity and nature, enabling sustainable fishing practices. Unique traditions such as Nirok Nanggok, guided by village shamans, align fish harvesting with ecological cycles, protecting marine ecosystems. Cultural rituals like the Muang Jong ceremony, where a replica boat is offered to the sea for safety and abundance, and Maras Taun, a celebration of gratitude for agricultural prosperity, highlight the community&#39;s enduring connection to nature. Both rituals have been recognised as Intangible National Heritage by Indonesia’s Ministry of Culture and Education. Local beliefs further demonstrate a commitment to environmental sustainability. Small forests known as “Hutan Watas” or “Dinding Kampong” serve as natural dividers between villages, while “Tali Utan” protects riverbanks, preserving groundwater reserves and preventing erosion. In rural areas, agriculture plays a central role, with crops like white pepper, coconut, and oil palm.",,ha,480000.0,316794,16.0,False,https://bioportalstprod.blob.core.windows.net/portal-media-public/GP/ASID06/image/main/ASID06_main.jpg,,,"-2.983, 108.001",https://www.unesco.org/en/iggp/belitong-unesco-global-geopark
a14b4315-3e45-5c8e-816c-6ea6dfa96491,ASMY02,Kinabalu UNESCO Global Geopark,MY,2023-01-01,"Visit Low’s Gully, the deepest and longest canyon on Mount Kinabalu, formed by glacial erosion and later shaped by rivers.Explore the traditional crafts of the Kadazandusun, Bajau, Dusun, and Rungus communities, including weaving, embroidery and decorative objects.Discover the unique flavours of Kadazandusun traditional cuisine, featuring dishes like purple rice, turmeric-cooked chicken, and salted egg paired with side dishes such as hinava (a raw fish salad), tuhau (wild ginger), sliced young papaya fruit, and bambangan (a wild mango).","Mount Kinabalu, the highest peak between the Himalayas and New Guinea, dominates the Kinabalu UNESCO Global Geopark in the State of Sabah, at the northern tip of Borneo. Rising over 4,000 meters above sea level, it has attracted explorers for over a century and offers an outstanding mountainous landscape at its peak, shaped by glacial processes during the last Ice Age. The geopark boasts exceptional geodiversity, including the youngest granitoid intrusion in Southeast Asia (7–8 million years old) and an ophiolite sequence representing ancient oceanic crust (130 million years old) from the subducted Proto-South China Sea lithosphere. Ultramafic rocks, typically found in the Earth’s mantle, are exposed here and date back billions of years, contributing to unique landforms such as the Poring Hot Springs and the folded and faulted sedimentary rocks of the Ranau-Tambunan area. A highlight is the Sungai Baliojong River gorge in Tandek, Kota Marudu, where tightly folded red chert layers (130 million years old) rest on pillow basalt, providing a rare glimpse into the ancient oceanic crust. Along the summit trail from Laban Rata to Low’s Peak, visitors can observe the Hornblende Granite, distinguished by fine-grained hornblende minerals within the Kinabalu pluton. The geopark is home to numerous endemic species, including 90 orchids found only on Mount Kinabalu and the crimson-headed partridge, a bird unique to this region. Kinabalu Park, inscribed as a World Heritage site in 2000, covers about 16% of the geopark’s total area.","The Kinabalu UNESCO Global Geopark is a significant site for geological research and education, offering visitors a unique opportunity to explore the geological history of Southeast Asia. Its distinctive position for the biota of Southeast Asia also enhances the site&#39;s ecological importance, making it a vital location for both scientific discovery and biodiversity conservation. Beyond its scientific and ecological values, the geopark emphasises the empowerment and active participation of local and Indigenous communities in its management and conservation efforts. Through initiatives that foster sustainable tourism, community-based entrepreneurship, and the preservation of natural and cultural heritage, the geopark has delivered significant economic and social benefits to its residents. Kampung Luanti, a village community within the geopark, serves as a prime example, promoting a traditional river management practice where locals sustainably manage fish populations. This Tagal system not only preserves natural ecosystems but also incorporates eco-tourism activities, offering visitors an engaging way to learn about conservation while providing economic opportunities for the community. Similarly, community-based entrepreneurship in other areas, such as homestays in Bundu Tuhan and small cafes in Kampung Kiau, has enabled residents to secure livelihoods while maintaining their natural and cultural heritage. The geopark celebrates the rich heritage and cultures of its Indigenous communities. Traditional crafts—such as weaving, embroidery, and the creation of decorative objects—are preserved as important expressions of material culture and are also integral to tourism. The Sumazau, a traditional folk dance of the Kadazandusun, is a lively celebration of the region&#39;s intangible heritage. Performed during festivals, it reflects the community&#39;s deep spiritual connections and cultural identity, showcasing traditions that have been passed down through generations.",,ha,475000.0,291300,61.0,False,https://bioportalstprod.blob.core.windows.net/portal-media-public/GP/ASMY02/image/main/ASMY02_main.jpg,,https://www.internationalrelations.sabahparks.org.my,"6.247, 116.693",https://www.unesco.org/en/iggp/kinabalu-unesco-global-geopark
2ed457d9-9fcc-59dc-bdc3-c13478ac4c69,ASCN38,Zhijindong Cave UNESCO Global Geopark,CN,2015-01-01,"Explore the Zhijindong Cave Geological Museum, which presents local biodiversity research and conservation efforts.Visit eco-parks and garden landscapes where native species like gingko and wild mushrooms are integrated into limestone peak settings.","Zhijindong Cave UNESCO Global Geopark is located in the west of the Guizhou Plateau, covering parts of Zhijin County and Qianxi County in Bijie City, Guizhou Province. It is composed of three scenic areas—Zhijindong Cave, Qijiehe River, and Dongfenghu Lake—each corresponding to distinct karst geomorphic units. Intense tectonic uplift during the Triassic period (251 to 201 million years ago) gradually created the inland plateau. Since then, successive phases of crustal movement and water flow have shaped a range of surface and underground karst landscapes. These include caves, gorges, natural bridges, and sinkholes—features that stand out globally for their geological significance and beauty. Zhijindong Cave, the main geosite of the geopark, developed within Triassic limestone formations over 300 metres thick. The cave exemplifies subsurface karst systems and forms part of a broader sequence of karst evolution across the geopark. From the subsurface formations of Zhijindong Cave to the surface karst of Dongfenghu Lake, the region provides a systematic record of geomorphological development on the Guizhou Plateau. The geopark spans seven geological periods, from the Sinian to the Quaternary, and is legally protected. Conservation measures for Zhijindong Cave include real-time air quality monitoring and restrictions on visitor numbers to protect sensitive formations such as stalactites and stalagmites. Additional efforts focus on preserving groundwater systems and restoring degraded forests to maintain the integrity of the cave’s hydrology and air system.","Zhijindong Cave UNESCO Global Geopark reflects the cultural diversity of Guizhou Province, home to 23 ethnic groups including Han, Miao, Yi, Hui, and Buyei communities. Nearly half of Zhijin’s population belongs to minority groups, contributing to a wide range of tangible and intangible heritage expressions. Cultural heritage is preserved in the form of ancient architecture and traditional village structures, including large family complexes and houses made of mixed mud and straw. A newly designated cultural area, the Zhijin Ancient Architectural Complex, comprises 25 historical buildings such as the Temple of the God of Wealth, Wenchang Pavilion, and Feng Xi College. Recognised in 2006 as a national key cultural relic protection unit, it is considered a unique example of this ancient architecture in China. The geopark’s intangible heritage is actively practised and passed on across generations. Regionally recognised traditions include Miao batik from Caiqun in Guanzhai, Zhijin grit ceramics, Shixing shooting crossbow, the Nuo Opera of the Chuanqing people, and traditional Miao hairstyles and musical practices. These are celebrated during local festivals such as the Miao Flower Dance Festival, the Yi Torch Festival, and ceremonies linked to Zhuanqing beliefs. Culinary heritage, rooted in Miao and Yi food cultures, is promoted through local restaurants using regional produce. A dedicated centre trains women in traditional crafts and provides employment, while cultural performances and guided tours further support local livelihoods.",“Karst wonderland”,ha,18331.0,41320,223.0,False,,,http://www.gzzjd.com/en/,"26.793, 105.992",https://www.unesco.org/en/iggp/zhijindong-cave-unesco-global-geopark
1d992882-ff81-529b-922c-31a29e9bd283,ASCY01,Troodos UNESCO Global Geopark,CY,2015-01-01,Wander through the Troodos National Forest Park and take one of the geopark's 84 hiking trails.Marvel at the rare sight of an exposed fragment of an oceanic tectonic plate.Discover an ancient heritage of lost empires in the Byzantine chapels and monasteries.,"The history of Troodos, the rugged mountain chain in the south of Cyprus, is both violent and gripping. Stretching for about 90 km and hosting an outstanding Mediterranean forest, rich with countless endemic species and contrasting with the rust-coloured surroundings typical of limestone regions, the range is what geologists call an ophiolite—a fragment of oceanic crust and the underlying upper mantle that has been thrusted (obducted) on to the edge of continental plates. The Troodos Ophiolite Complex, as it is known, was formed due to the convergence between the African and Arabian tectonic plates with the Eurasian plate approximately 92 to 82 million years ago (Upper Cretaceous). It is considered the most stratigraphically complete, best exposed, and best-preserved ophiolite sequence in the world. Troodos UNESCO Global Geopark features 38 geosites that display this geological wonder in all its splendour. The Troodos Ophiolite’s importance is such that since the 1960s, 120 PhD dissertations, 60 Master’s theses, and thousands of research papers have delved into the intricacies of its formation, structure, evolution, and mineralisation—and, more importantly, into the features that help us understand oceanic crust and sea-floor spreading. Through the 84 hiking trails set by the geopark, places like the Lower Pillow Lavas in the Maroullena River, the veins of Mandari Ridge (Teisia tis Madaris), and the scenic view of the Arakapas Valley help visitors engage with this complex region.","Cyprus, the third-largest island in the Mediterranean, lies at the crossroads of European and Asian cultures and histories. Its cultural significance is reflected in literature and mythology—from Shakespeare’s Othello, which contrasts Venice with the dangers of Cyprus, to ancient Greek myths that describe the island as the birthplace of Aphrodite, emerging from the sea near Paphos. The cultural heritage of Troodos is as rich as its geological significance. The region is home to one of the largest concentrations of churches and monasteries from the former Byzantine Empire. A group of ten churches, dating from the 11th to the 17th centuries and decorated with elaborate murals, is inscribed on UNESCO’s World Heritage List. In the hills and valleys of Troodos, several villages retain their medieval character. One example is the village of Fikardou, located on the eastern slopes of the mountain. The region is also known for producing koumandaria, regarded as the oldest wine in the Mediterranean, with continuous production over centuries. Local wineries welcome visitors, who can also sample traditional sweet delicacies such as soutzouko, palouze, kiofteri, and pastellaki.",“Oceanic whispers on high altitude”,ha,114700.0,21000,22.0,False,,https://www.youtube.com/watch?v=-6vFXF4BQWM,http://www.troodos-geo.org/,"34.957, 32.964",https://www.unesco.org/en/iggp/troodos-unesco-global-geopark
03e334cb-08fa-585f-a188-e5eb6befab8c,ASPH01,Bohol Island UNESCO Global Geopark,PH,2023-01-01,"Visitors to Balicasag Island, part of the Bohol Marine Triangle, can explore world-class snorkelling and diving spots, encountering its fringing reef and diverse marine life, including dolphins, whale sharks, and sea turtles.Hinagdanan Cave, located in Panglao Island, features an impressive pool of brackish water and striking stalactites and stalagmites formed through limestone deposition. The cave, once used as a wartime hideout, is now a popular site for tourism, research, and exploration.Discover the iconic Chocolate Hills, a remarkable cone-karst landscape with 1,268 conical hills ranging from 30 to 400 meters in height.","Bohol Island, the Philippines&#39; first UNESCO Global Geopark, is located in the heart of the Visayas island group. Its geological story unfolds over 150 million years, with tectonic forces continuously shaping and elevating the island from the ocean depths to create a dynamic landscape rich in geological diversity.&nbsp;&nbsp; The island’s geological framework is built upon a “half-horst” structure, featuring elevated marine terraces in the southwest, formed by tectonic movements over the past 1.8 million years. Bohol’s physiographic diversity ranges from gently undulating northern landscapes to higher hills in the east, while the southern region is marked by narrow coastal plains and east-west trending mountain ranges. In the west, a plateau-like interior is flanked by broader coastal plains.&nbsp;&nbsp; The rocks that make up Bohol span from the Late Jurassic to the Pleistocene period. Among the oldest formations is the Alicia Schist, whose colour varies from light green to light grey depending on its mineral composition. The island’s geological history also includes the emplacement of the Bohol Ophiolite during the Early Cretaceous period, followed by the Ubay Formation, comprising andesite, basalt, gabbro, and diabase interbedded with sandstone and mudstone, dating back to the Eocene. Subsequent volcanic activity in the Late Eocene to Oligocene gave rise to the Jagna and Jetafe Andesite, while the Neogene period saw the development of extensive limestone formations, including the Wahig, Carmen, Sierra Bullones, and Maribojoc formations.&nbsp;&nbsp; Two of Bohol’s most significant geosites are the world-renowned Chocolate Hills and the uplifted marine terraces of Maribojoc. The Chocolate Hills, a stunning cone-karst landscape of 1,268 conical hills with elevations ranging from 30 to 400 meters, formed during the Plio-Pleistocene period through limestone uplift and subsequent weathering. Declared a National Geological Monument in 1988, the Chocolate Hills continue to attract thousands of visitors annually, supporting the local tourism industry.&nbsp;&nbsp; The Maribojoc uplifted marine terrace is a testament to the island’s dynamic geological processes. The result of a 7.2 magnitude earthquake in 2013, this coastal feature showcases an extensive marine platform uplifted by 1.5 meters, with the shoreline shifting approximately 50 meters seaward, exposing 4 meters of previously submerged coral reef. This site provides a unique example of natural biological succession, as once-submerged marine ecosystems have transformed into thriving terrestrial habitats within just a few years.&nbsp;&nbsp;","Main industries in the geopark include agriculture, aquaculture and tourism. Agriculture is the primary source of income, with rice, coconut, and corn as key crops that support local communities. Aquaculture and fisheries provide additional livelihoods, particularly in coastal areas. Tourism is rapidly growing, driven by the island’s natural beauty, unique geological features, and rich cultural heritage. Fishery and aquaculture also play an essential role in sustaining coastal populations, offering both sustenance and economic opportunities.&nbsp;&nbsp; Tourism in Bohol has seen a significant rise, positioning the island as a premier eco-cultural destination. With its white sand beaches, renowned diving spots, unique geological formations, rich biodiversity, and deep-rooted cultural heritage, tourism serves as a major economic driver. The traditions and culture of the island&#39;s people reflect their long-standing adaptation to the natural environment, showcasing a living heritage passed down through generations.&nbsp;&nbsp; One of the unique aspects of Bohol’s cultural fabric is the Eskaya Tribe, an Indigenous community residing in the southeastern part of the island. Their distinct language, which has no known connection to any other language, and their rich cultural heritage are protected under the Indigenous Peoples Rights Act of 1997. The Eskaya Tribe has been involved in the process of developing the geopark, ensuring that their heritage is preserved and celebrated. Efforts are being made to sustain and promote their traditions through educational programs and cultural initiatives.&nbsp;&nbsp; The Banacon Island Mangrove Forest in Getafe stands as a testament to local community efforts in environmental sustainability. Covering 425 hectares, it is the largest man-made mangrove plantation in Asia, with 410 hectares thriving in tidal flat areas. Initially established as a response to deforestation in the 1950s, the mangrove forest has provided vital protection for marine biodiversity and sustained livelihoods through fishing and eco-tourism. The nutrient-rich waters surrounding the mangroves serve as breeding grounds for fish, seahorses, shrimps, and crabs, contributing to both food security and economic growth. Hundreds of families now benefit from the mangrove plantation, which has become a popular tourist destination with walking trails offering visitors an immersive experience in the natural landscape.&nbsp;&nbsp;",,ha,880825.0,1394329,158.0,False,https://bioportalstprod.blob.core.windows.net/portal-media-public/GP/ASPH01/image/main/ASPH01_main.jpg,,https://geopark.bohol.gov.ph/en,"9.88, 124.168",https://www.unesco.org/en/iggp/bohol-island-unesco-global-geopark
488f5d18-89c0-5a08-84a7-c01c2c072dcd,ASIR02,Aras UNESCO Global Geopark,IR,2023-01-01,"Explore the vast Kiamaki Wildlife Refuge, home to species including the Armenian mouflon - Ovis orientalis gmelini - and golden eagles - Aquila chrysaetos - along with scenic rivers such as the Kharvana and Dastjerd, stunning waterfalls like Asiab-Kharabeh, and diverse tree species including willow - Salix - and walnut - Juglans regia.Experience the vibrant Ashiq Music Festival, a cherished tradition during Nowruz holidays in March, showcasing poetic melodies inspired by the region’s rich natural and cultural heritage.","Aras UNESCO Global Geopark is situated in the northwest of Iran. The Aras River forms the northern boundary of the geopark, serving as the dividing line between Iran, Armenia and Azerbaijan. Within the geopark’s region, there are three designated protected areas. Conservation efforts are significantly influenced by the area&#39;s rich wildlife and the presence of endangered species such as the Caucasian black grouse, red deer, Armenian mouflon, and leopard. Within Aras geopark, four lithological provinces can be identified. The western cliffs and highlands consist of Late Paleozoic and Early Mesozoic carbonate rocks. In the central areas, Cretaceous and Eocene sandstone, shale, and marl beds with prevalent flysch facies dominate. Towards the east, intrusive igneous rocks, primarily granitic in nature, are present. In the southern and central parts of the area, dacitic volcanic and sub-volcanic rocks can be found. The Alli-Bashi geosite within the geopark holds exceptional international geological significance. It provides a rare opportunity for geoscientists to study uninterrupted successions of carbonate to claystone-dominated facies, rich in fossils, at the Permian–Triassic boundary. In addition to Alli-Bashi, the geopark includes approximately 30 other geosites.","Aras UNESCO Global Geopark is home to several important cultural landmarks. These include the UNESCO World Heritage site of Saint Stepanos Monastery, which reflects the region&#39;s historical and religious significance. Other national monuments include the Khajeh-Nazar Caravanserai, the Historical Bath, the Duzal Historical Tower, the Zia-ol-Molk Bridge, and the Choopan Church—each representing key elements of the region’s cultural heritage. The geopark also preserves vibrant intangible heritage traditions. Celebrations such as the Chaharshanbe Suri ceremony, held on the last Wednesday of the year, involve jumping over fires for purification, sharing sweets, and performing the traditional “Hanging Shawl” ritual. During Yalda Night, the longest night of the year, families gather to tell stories and myths, and enjoy seasonal fruits—customs that reflect a deep connection to community and nature. Aras geopark engages actively with communities through a variety of educational programmes. These include student-targeted materials such as information leaflets and themed playing cards that promote environmental awareness. Public workshops support women’s empowerment by teaching skills for creating geoproducts and sustainable businesses, including soap making and casting in Oshtobin village, and Varni bead-weaving in Shoja village. A dedicated geoeducation course for Indigenous youth prepares future tourism guides with knowledge of geology, ecotourism, and cultural heritage—fostering both educational growth and local economic development.",,ha,167000.0,65000,39.0,False,https://bioportalstprod.blob.core.windows.net/portal-media-public/GP/ASIR02/image/main/ASIR02_main.jpg,,https://www.arasgeopark.com,"38.828, 45.887",https://www.unesco.org/en/iggp/aras-unesco-global-geopark
125c102b-f5e8-5cfa-b393-e47a3213797e,ASJP01,Aso UNESCO Global Geopark,JP,2015-01-01,"Dive into the hot spring waters of Aso’s onsen in Uchinomaki, Jigoku, Tarutama, and the mountain resorts of the Oguni-go area.Drive through the vast grasslands on the Milk Road. Between mid-February and March, it’s noyaki season, when local communities undertake controlled burnings.Take the Mt. Kishima trail route starting from the Aso Volcano Museum. At the top, enjoy a spectacular view of the northern part of the Aso caldera, with the Nakadake volcano still fuming in the background.","While larger calderas exist elsewhere in the world, the 25 by 18 kilometre caldera of Mount Aso remains a striking feature—not because of its size, but because of what human communities have built within it: thousands of hectares of cultivated land, a large city (Aso), and several other towns and villages, all connected by railway and road networks. Some 70,000 people live here, not only undisturbed by the presence of Japan’s largest active volcano but seemingly thankful for it. The reason becomes clear when viewing the area from the Daikanbo viewpoint: the land is extraordinarily fertile, and water is abundant. Having erupted four times between 90,000 and 270,000 years ago, Mount Aso is what geologists refer to as a somma volcano: a caldera filled or partially filled by a new volcanic cone—Nakadake—formed during the most recent eruption and still visibly steaming today. That eruption, the largest of the four, left behind a vast pyroclastic plateau, with ash reaching as far as Yamaguchi Prefecture, 160 km away. Descending from the Nakadake crater, the sight of the Komekuza cone is almost surreal. The scoria cone, created around 3,000 years ago, is perfectly shaped. Behind it lie hundreds of cultivated fields and the jagged rim of the caldera—an ideal photo opportunity.","The Aso UNESCO Global Geopark is a significant centre for preserving cultural and intangible heritage, closely linked to the traditions and daily lives of its communities. Aso Shrine is a key landmark, dedicated to the deity Takeiwatatsu-no-mikoto. It symbolises the deep spiritual and historical roots of the region. Though severely damaged in the 2016 Kumamoto earthquakes, the shrine is undergoing reconstruction and remains a cornerstone of local identity and devotion. Rituals and festivals connected to the shrine—particularly those celebrating agriculture—express the community’s gratitude for harvests and their hopes for protection from natural hazards. Several of these events are designated National Important Intangible Properties, reflecting the continuity of agricultural life and spiritual practice in the region. The geopark also supports historical and cultural education through its museums and visitor centres. The Aso Volcano Museum and related institutions share the story of how people have coexisted with the dynamic environment of the caldera for centuries. Agriculture and livestock remain central to the local economy, supported by traditional practices. Among these is the centuries-old tradition of noyaki, the controlled burning of grasslands. This technique helps maintain cultural landscapes, supports biodiversity, and sustains agriculture—demonstrating the deep-rooted connection between human activity and environmental stewardship in the region.","“Vast grassland, rich bio-diversity and unique human culture based on the volcano are its symbolic features”",ha,119800.0,64000,57.0,False,https://bioportalstprod.blob.core.windows.net/portal-media-public/GP/ASJP01/image/main/ASJP01_main.jpg,https://www.youtube.com/watch?v=QtF7zJ4mzRA,http://www.aso-geopark.jp/en/about/,"32.96, 131.098",https://www.unesco.org/en/iggp/aso-unesco-global-geopark
aa4695e6-1351-504c-8d67-dc7d9c4582ab,ASJP04,Mt. Apoi UNESCO Global Geopark,JP,2015-01-01,"The Hidaka Yabakei, a breathtaking 7-km stretch of cliffs where Mt. Apoi plunges into the Pacific, marks the ancient collision site of the Eurasian and North American Plates, with the Hidaka Main Thrust boundary still visible today.The historic Samani Mountain Path, built 200 years ago to navigate the cliffs along National Route 336 (Golden Road), is now a picturesque footpath offering stunning coastal views.","The Hidaka Mountains, stretching 150 km across southern Hokkaido, form the rugged backbone of Japan&#39;s northernmost island. Rising to peaks between 1,500 and 2,000 metres, this mountain range is a testament to the immense geological forces that have shaped the landscape over millions of years. At its southwestern edge lies the remarkable Mt. Apoi UNESCO Global Geopark, located in the coastal town of Samani. While much of the geopark’s 92% forestland consists of hilly terrain with Cretaceous period formations and coastal intrusive rock monoliths, it is Mt. Apoi itself, standing at 810 metres, that commands global attention for its geological significance. Mt. Apoi is formed of peridotite, a rare, dense rock from the Earth’s mantle. This unique feature stems from a tectonic collision 13 million years ago between the Eurasian and North American plates. The immense pressure of this collision forced part of the Earth&#39;s mantle—normally deep below the crust—to rise to the surface, creating the Horoman peridotite complex, of which Mt. Apoi is the centrepiece. These mantle-derived rocks offer a rare glimpse into the inaccessible depths of our planet, providing invaluable insights into Earth’s internal processes. Beyond its mantle rocks, Mt. Apoi UNESCO Global Geopark also reveals the story of plate collisions and other geological marvels, such as oddly shaped masses of cooled magma and rocks transported from distant southern seas. This diverse geological narrative, combined with cultural ties and striking natural beauty, makes Mt. Apoi a unique and globally significant site for understanding Earth’s history and cultural continuity.","The Mt. Apoi UNESCO Global Geopark holds deep cultural and spiritual significance for the Ainu people, whose ancestral connection to the land is reflected in the mountain’s name, “Apoi,” derived from their language. The geopark acts not only as a geological treasure but also as a vital bridge for preserving and sharing the Ainu’s rich heritage. Through partnerships with the Samani Ainu Association, the geopark ensures that Ainu traditions—including dances, songs, and rituals—are celebrated and passed down to future generations. Education and community engagement are central to the geopark’s mission of fostering a strong sense of local identity. In 2010, the geopark Promotion Council launched the Hometown Geo-workshop, a lecture series designed to help residents connect with their heritage by exploring the region’s geological, ecological, and cultural resources. These efforts have also attracted researchers and students. In 2013 alone, 344 researchers and university students from 30 institutions visited the geopark, underscoring its international role as a hub for scientific exploration. Cultural preservation is woven into the fabric of daily life in Samani, with vibrant seasonal festivals such as the Wasuke Jizo Festival and the Apoi Fire Festival bringing the community together to honour their history and the natural world. Food traditions like iizushi—a fermented salmon and vegetable dish—further emphasise the deep connection between local customs and the surrounding environment. Trail maintenance initiatives by the Mt. Apoi Fan Club help ensure continued access to the area’s unique and spectacular landscapes.",“A story of gifts from deep inside the Earth connecting land and people together”,ha,36430.0,4045,11.0,False,https://bioportalstprod.blob.core.windows.net/portal-media-public/GP/ASJP04/image/main/ASJP04_main.jpg,,http://www.apoi-geopark.jp/english/,"42.16, 143.045",https://www.unesco.org/en/iggp/mt-apoi-unesco-global-geopark
378ea6be-8489-57aa-87c7-66682a1aa1bb,ASJP10,Hakusan Tedorigawa UNESCO Global Geopark,JP,2023-01-01,"Visit Shiramine Village near Mt. Hakusan to experience traditional architecture and crafts, including Ushikubi Pongee, a soft and durable silk fabric made from unique twin silk cocoons.&#160;Discover Oguchi Dekumawashi Puppetry, a rare and captivating art performed on waist-high stages, passed down through generations in the snowy mountain regions.Celebrate the Mikawa Okaeri Festival, where vibrant floats and mikoshi bring local traditions to life, honouring the historic Kitamaebune trading ships.","Located in central Japan, the Hakusan Tedorigawa UNESCO Global Geopark follows the Tedori River from Mount Hakusan down to the sea, recording approximately 300 million years of Earth history. Part of the geopark overlaps with the Mount Hakusan Biosphere Reserve, designated by UNESCO in 1980. The region includes rocks formed by continental collisions and strata containing dinosaur fossils that accumulated in rivers and lakes at a time when Japan was still part of the Eurasian continent. Volcanic deposits from about 15 million years ago mark the rifting that separated Japan from the continent, as tectonic plates pulled it eastward. More recent volcanic layers originate from the still-active Mount Hakusan, one of Japan’s ‘Three Holy Mountains.’ Rising 2,702 metres above sea level, it records some of the highest levels of snowfall in the world for a mountain so close to the Equator. This heavy snow drives a water and erosion cycle that continues to shape the landscape. The geopark encompasses a significant concentration of early Cretaceous fossils from the Tetori Group, a geological layer spread across the Tedori River Basin and much of the Hokuriku region, including Fukui, Ishikawa, Toyama, and Gifu Prefectures. The Kuwajima Fossil Bluff within the geopark contains one of the most complete exposures of the Tetori Group. This site provides a unique opportunity to observe the processes of sedimentation and fossilisation. The formation of sedimentary rocks through erosion, transport, and deposition is clearly visible, offering a valuable context for understanding Earth’s geological history.","The Hakusan Tedorigawa UNESCO Global Geopark supports sustainable community development through education, cultural preservation, and local collaboration. Partnerships with schools and organisations such as the Hakusan-roku Bunamori Nature School foster environmental awareness through monthly activities involving elementary schools, community centres, and colleges. Cultural heritage in the geopark is closely tied to its varied topography and historical evolution. Shiramine Village, designated as a National Important Preservation District for Groups of Historic Buildings, exemplifies architectural resilience in a snowy mountain setting. Its temples, shrines, and Ushikubi Pongee silk production reflect deep adaptation to the natural environment. The geopark also preserves and promotes intangible cultural heritage. Oguchi Dekumawashi Puppetry is a traditional art form passed down through generations. The Mikawa Okaeri Festival celebrates the maritime heritage of the Kitamaebune trade routes. Hinoki-zaiku Cypress Weaving, with over 400 years of history, continues to produce fine crafts such as vases, decorations, and jewellery, linking natural resources to cultural identity. Geotourism further strengthens local communities by showcasing natural and historical sites. The Torigoe and Futoge Castle Ruins tell stories of regional conflict and resilience, while the Yokoe-no-Sho Estate offers a glimpse into the Nara–Heian period. Visitors can also explore Shirayama Hime Shrine, dedicated to the deity of Mt. Hakusan, deepening understanding of the region’s religious significance.",,ha,75493.0,113581,150.0,False,https://bioportalstprod.blob.core.windows.net/portal-media-public/GP/ASJP10/image/main/ASJP10_main.jpg,https://www.youtube.com/channel/UC3G4r5Iky1fTWOIZqsVbsmw,https://hakusan-geo.jp/en/,"36.297, 136.664",https://www.unesco.org/en/iggp/hakusan-tedorigawa-unesco-global-geopark
fec975fa-39e7-54cf-ba8e-8d4e80559048,ASKR03,Jeju Island UNESCO Global Geopark,KR,2015-01-01,"Explore Manjanggul Cave, one of the longest lava tubes in the world. Stretching over 7 kilometres, it was formed by lava flows from Hallasan, the island’s largest volcano.Visit Seongeup Folk Village to see traditional thatched-roof houses, stone walls, and cultural artefacts that reflect Jeju’s heritage.","Jeju Island UNESCO Global Geopark, located at the southernmost tip of the Korean Peninsula, is a volcanic island in the centre of northeast Asia. The island enjoys a mild climate, with clean air maintained by land and sea breezes and temperatures that rarely fall below zero due to the influence of the warm Kuroshio Current. As the youngest volcanic island in Korea, Jeju preserves a wide range of volcanic landforms, including lava tubes, small volcanic cones, and shield volcanoes. Its landscapes range from the alpine forests of Mount Hallasan to vibrant coral ecosystems beneath the sea. The geopark is a Quaternary shield volcanic island with a generally gentle topography and an elliptical shape, located off the Republic of Korea’s southern coast. Formed by volcanic activity between approximately 2 million years ago and historic times, the island is composed largely of basaltic to trachytic lava flows. Jeju features diverse volcanic landforms, including Mount Hallasan at its centre and around 360 volcanic cones scattered across the island. Below the surface, numerous hydromagmatic volcanoes—such as tuff rings and tuff cones—can be found, along with volcanoclastic sedimentary deposits resulting from explosive hydrovolcanic activity. One of the most iconic geological features of the geopark is Seongsan Ilchulbong Peak, also known as &quot;Sunrise Peak&quot; for its east-facing position ideal for watching the sunrise. This volcanic cone rises 182 metres above sea level and offers panoramic views of the surrounding landscape. A well-maintained hiking trail allows visitors to reach the summit in approximately 30 to 40 minutes.","Jeju UNESCO Global Geopark preserves and promotes the island’s rich cultural heritage. Traditional batdam (stone walls) continue to support sustainable land management and local farming practices. Other protected cultural sites—including prehistoric settlements and dol-hareubang, the island’s iconic stone sculptures—contribute to community identity and continuity. The haenyeo of Jeju, a community of women divers who harvest shellfish up to 10 metres underwater without oxygen masks, represent a unique and enduring cultural tradition. Some divers continue this work into their 80s, spending up to seven hours a day in the water for as many as 90 days each year. Their distinctive verbal resurfacing signal is recognised by UNESCO as Intangible Cultural Heritage. Jeju’s ecotourism programme contributes to the local economy by linking nature, culture, and community infrastructure. Forest trails at Seonheul Gotjawal and Gyorae Samdasoo attract visitors while promoting biodiversity conservation and offering guided interpretation by local residents. A notable success story is the revitalisation of a small branch school, which—due to population growth driven by sustainable tourism—was upgraded to a regular elementary school in 2021. In addition to being a UNESCO Global Geopark, Jeju Island is also designated as a UNESCO Biosphere Reserve and a World Heritage site.",“UNESCO’s triple crown of Jeju Island”,ha,185000.0,696000,367.0,False,https://bioportalstprod.blob.core.windows.net/portal-media-public/GP/ASKR03/image/main/ASKR03_main.jpg,https://www.youtube.com/watch?v=DHV9RODNCl4,http://geopark.jeju.go.kr/english/,"33.362, 126.533",https://www.unesco.org/en/iggp/jeju-island-unesco-global-geopark
609e029a-d869-50d7-9b34-e40bcd9f45f9,EUDE02,Harz - Braunschweiger Land - Ostfalen UNESCO Global Geopark,DE,2015-01-01,"Follow the Harz Border Trail along the former Iron Curtain, where patrol paths have become part of Europe’s “Green Belt.” The trail crosses an area once divided for over 40 years, where the UNESCO Global Geopark now serves as an instrument for overcoming the legacy of separation.Discover the Schöningen Spears, the oldest complete wooden weapons in the world, dating back over 300,000 years and providing exceptional evidence of early human hunting strategies and technological skill.Witness forest ecosystems and raised bogs preserved since the Last Ice Age in Harz National Park, home to wild cats, lynx, and the black stork.","The Harz - Braunschweiger Land - Ostfalen UNESCO Global Geopark is Germany’s largest geopark, stretching from the industrial city of Wolfsburg in the north to the medieval town of Allstedt in the south. Its central geological feature is the Harz Mountains, a low-altitude range composed of Palaeozoic sediments and magmatic rocks. The Brocken, with its highest peak at 1,142 metres, is notable for its plateau summit and subalpine climate, with an average annual temperature of 2.9°C and persistent snow cover for much of the year. The surrounding area is part of the Harz National Park, which conserves forest ecosystems and raised bogs dating back to the Last Ice Age, as well as habitats for species such as the lynx, wild cat, and black stork. The geopark encompasses a geological record extending from the Silurian period to the Last Ice Age, covering approximately 400 million years. The Braunschweiger Land and Ostfalen areas to the north are characterised by fossil-rich Mesozoic and Cenozoic sediments, shaped by salt tectonics that led to the formation of diverse mineral resources such as iron ore, brown coal, salt, and oil. One of the most renowned geological areas within the geopark is the so-called &quot;Classic Square Mile of Geology&quot; near Goslar, where the abrupt contact between Variscan basement and Mesozoic cover rock is visible in numerous reference outcrops. This juxtaposition between the Harz Mountains and the surrounding foreland exemplifies the exceptional geological diversity of the geopark.","The Harz Mountains region is one of Germany’s most renowned tourist destinations, with the Brocken peak serving as a major attraction. Beyond its geological significance, the Brocken holds cultural importance as the site of the world’s first television tower, constructed in 1936 to broadcast the Berlin Summer Olympics, and later used for Cold War surveillance operations. Referenced in Goethe’s Faust, the summit today hosts the Brockenhaus museum and a botanical garden, while the historic Brocken Railway, operated year-round by steam locomotive, connects visitors to this emblematic peak. The region’s mining heritage, particularly in the Upper Harz, dates back to the Bronze Age and reached its peak between the 16th and mid-19th centuries. During this time, silver, lead, and copper mining contributed significantly to the wealth and influence of the Hanover and Brunswick-Wolfenbüttel royal families. This legacy is preserved at various sites across the geopark, including the Knesebeckschacht and Upper Harz Mining Museums, the Lange Wand mine, the Kaiser Wilhelm and Ottiliae shafts, and the Oker Region Industrial Landscape. Cultural traditions continue to play a central role in the region’s identity. Walpurgis Night, celebrated in over 20 towns across the Harz Mountains on 30 April, has roots in pre-Christian spring rituals once dedicated to the Germanic god Wodan. Today, the celebration includes costumes, bonfires and community gatherings. The region is also known for its vibrant Christmas markets, with towns such as Goslar, Quedlinburg, and Nordhausen hosting events that showcase regional crafts, local foods and winter customs, supporting local livelihoods and attracting visitors year after year.",“Uplift area at the Northern Rim of the Harz Mountains”,ha,964600.0,1400000,156.0,False,https://bioportalstprod.blob.core.windows.net/portal-media-public/GP/EUDE02/image/main/EUDE02_main.jpg,https://www.youtube.com/watch?v=HFsAZc4AAw8,https://www.geopark-harz.de,"51.907, 10.861",https://www.unesco.org/en/iggp/harz-braunschweiger-land-ostfalen-unesco-global-geopark
51e4a4f2-fe79-54ca-a78c-4a629826df2c,ASTH01,Satun UNESCO Global Geopark,TH,2018-01-01,"Explore the newly developed Tula Cave geosite, where a limestone cave opens into a pristine sinkhole with a unique, independent ecosystem, home to newly identified endemic species.&#160;Discover the traditional Nora Dance, a UNESCO-recognised element of Thailand’s intangible cultural heritage, performed alongside local songs in Satun.","Satun UNESCO Global Geopark, located in the southern province of Thailand, is a site of extraordinary geological significance, spanning two national parks and a wildlife sanctuary. The region is widely recognised as the “Land of Palaeozoic Fossils,” home to an unparalleled diversity of fossil species dating back over 500 million years. The geopark contains an extensive and continuous sequence of marine sedimentary rocks from the Cambrian to the Permian period, making it a key location for understanding Earth’s early evolutionary history. The geopark&#39;s fossil-rich landscapes provide crucial insights into past life forms, with discoveries including trilobites, brachiopods, stromatolites, conodonts, graptolites, tentaculites, and nautiloids. Cambrian trilobites found on Tarutao Island are the oldest recorded in the Thai-Malay Peninsula. The presence of volcanic ash layers interbedded with trilobite fossils allows for absolute dating of the Late Cambrian biostratigraphy, reinforcing the international geological importance of the site. A significant amount of evidence supports the theory that Shan-Thai was once part of the peri-Gondwana terrane, a crucial aspect in reconstructing Earth&#39;s ancient paleogeography. Among the most striking geological features of the geopark is Prasat Hin Panyod, a breathtaking pinnacle karst formation. This geosite is characterised by dramatic limestone towers, sea caves, and a hidden lagoon, accessible only by kayak, offering visitors an immersive journey through one of Thailand’s most spectacular geological formations. The continuous formation of karst landscapes, including notable sites such as Talu Cave, showcases the ongoing geological processes shaping the region. Beyond its fossil heritage, Khao Noi in Lal-Ngu District is an internationally recognised geosite where a stratigraphic boundary marks the transition from Ordovician to Silurian rock formations, providing vital evidence for global geological time boundaries. Additionally, Molae Bay in Mueang Satun District holds the distinction of preserving the oldest fossils in Thailand, dating to the Late Cambrian.","Satun UNESCO Global Geopark is home to a diverse population, and the geopark has played a significant role in fostering strong collaborations between local communities, governmental bodies, and conservation efforts—particularly following the discovery of its extensive fossil records in 2007. One of its key initiatives has been the promotion of geotourism, which has provided economic benefits through job creation, new income streams, and investment in infrastructure. Events such as the Satun Fossil Festival and other cultural fairs provide platforms for local artisans and businesses to showcase traditional crafts, food, and products. Satun’s rich intangible cultural heritage includes distinctive traditions such as the Pe-Bo ceremony, a ritual of praying to spirits, and the Loi Rue (boat floating) festival of the Urak Lawoi people, which reflects their deep connection to the sea. Tangible cultural landmarks like Tarutao Island and the historic town of Su-Ngai U-Poh further highlight the region’s historical significance.",“A peaceful place with renowned natural beauty”,ha,259700.0,113110,43.0,False,https://bioportalstprod.blob.core.windows.net/portal-media-public/GP/ASTH01/image/main/ASTH01_main.jpg,https://www.youtube.com/watch?v=ZipgWEFWOkM,http://www.satun-geopark.com/en/,"6.808, 99.61",https://www.unesco.org/en/iggp/satun-unesco-global-geopark
c8792338-6fcf-5c21-900f-2bdccc304240,ASVN03,Non nuoc Cao Bang UNESCO Global Geopark,VN,2018-01-01,"Visit the Magic Water Mine in Lung Sang hamlet, where a local legend tells of three sisters who protected hidden treasure by raising floodwaters to seal the cave.Discover the traditional paper-making craft of the Nung An people in Dia Tren Hamlet, where May Sla tree bark is transformed into votive paper using age-old techniques passed down through generations.Visit the Lung Luong rock chrysanthemum site, where 260-million-year-old ammonite fossils in layered limestone reveal the region’s ancient marine origins and help geologists date rock formations.","Located around 300 km from Hanoi, Non Nuoc Cao Bang UNESCO Global Geopark is characterised by both natural diversity and cultural richness, home to eight Indigenous groups. The geopark showcases an exceptional geological heritage, with limestone sequences displaying a complete tropical karst evolution cycle. This includes classic landforms such as caves with speleothems, underground and surface rivers, and the Ban Gioc Waterfall—one of the world’s largest waterfalls situated on an international border. The Thang Hen lake system, comprising 36 interconnected natural lakes, is another key feature, offering insights into karst hydrology and presenting a tranquil landscape shaped by geological processes. The geopark is also home to rare and endangered species, including the Eastern black crested gibbon, which inhabits the forested limestone mountains.","Non Nuoc Cao Bang UNESCO Global Geopark reflects a long history of human occupation and cultural continuity. The region is known for its vibrant cultural traditions, including festivals, traditional crafts, and folk arts maintained by its eight ethnic groups. It is considered a ‘Holy Land’, with archaeological evidence showing human presence over 20,000 years ago. It was once the capital of various feudal dynasties and later became a centre of revolutionary activity in Viet Nam’s modern history. The geological heritage and biodiversity have strongly influenced local culture, shaping traditional cuisines, costumes, rituals, and daily life. The traditional paper-making craft of the Nung An people in Dia Tren Hamlet, transforms May Sla tree bark into votive paper using age-old techniques passed down through generations. Cultural identity and natural heritage come together to form a foundation for sustainable tourism, as local communities offer visitors meaningful engagement with both Earth history and living traditions.",“Frontier province and one of the cradles of pre-historic people”,ha,339000.0,517900,153.0,False,https://bioportalstprod.blob.core.windows.net/portal-media-public/GP/ASVN03/image/main/ASVN03_main.jpg,,http://caobanggeopark.com/en/,"22.694, 106.309",https://www.unesco.org/en/iggp/non-nuoc-cao-bang-unesco-global-geopark
9b89d518-ecd9-51f7-8308-2568e5605775,EUA401,Cuilcagh Lakelands UNESCO Global Geopark,"GB,IE",2015-01-01,"The geopark contains a particularly high concentration of archaeological features, some dating back to Neolithic times. The Burren Forest in west Cavan offers striking examples of prehistoric tombs.Discover the 2,600-hectare Lough Navar Forest, a paradise for walkers, anglers, and outdoor enthusiasts. A scenic 10km drive offers one of the best views in Ireland, with diverse trails through bogs, woodlands and open water.Embark on the Scarplands Cycle Trail, starting in Belcoo and ending in Lough Navar Forest. With panoramic views over Lough Erne, 60km of rugged terrain, and shorter options like the 21km Aghanaglack Loop, it's ideal for biking enthusiasts seeking adventure.","Cuilcagh Lakelands UNESCO Global Geopark is the world’s first UNESCO Global Geopark to cross an international border. Located in the northwestern corner of the island of Ireland, it spans County Fermanagh in Northern Ireland and County Cavan in the Republic of Ireland. The landscape reflects a glaciated history, with extensive uplands smoothed by successive ice sheets and broad U-shaped valleys leading down to lowlands dotted with lakes formed in glacial hollows. Swarms of drumlins form rounded, egg-shaped hills throughout the region. The uplands are characterised by forest, blanket bog, and karst terrain, where limestone has been sculpted by rainfall into significant cave systems—most notably the world-famous Cuilcagh Lakelands caves. These caves, widely regarded as a world-class natural attraction, contain stream passages formed by three rivers that sink underground on the slopes of Cuilcagh Mountain. Visitors can explore this subterranean environment via guided tours, beginning with a boat ride along an underground river and continuing on foot past formations of stalactites, stalagmites and flowstones. While the oldest rocks in the geopark date back 895 million years to the Precambrian and consist mainly of metamorphosed sedimentary rocks, the dominant geology consists of marine and deltaic sedimentary rocks—including limestones, mudstones, shales, and sandstones—from the Lower and Upper Carboniferous period (340 to 320 million years ago). These sequences are best viewed in the upland regions, where dramatic cliffs, escarpments, and caves expose the layers. Palaeogene intrusive igneous dykes, formed around 65 million years ago, are also present. More recent Quaternary deposits, starting from 1.8 million years ago, include glacial material such as drumlins and moraines, while extensive peat bogs have developed since the last glaciation about 15,000 years ago.","Cuilcagh Lakelands UNESCO Global Geopark celebrates a near-continuous human presence spanning more than 10,000 years, shaped by and deeply connected to the landscape. Communities have long depended on the land’s resources, fostering a strong cultural and ecological relationship that the geopark continues to support through engagement and collaboration. Initiatives such as the Digital Poetry Map, created during the COVID-19 pandemic, showcase this connection through contributions from local poets, schoolchildren, and ambassadors inspired by the geopark’s geoheritage. The geopark’s network of Guides, Ambassadors, and Heritage Champions further strengthens these ties by helping local residents and visitors explore and interpret the natural and cultural heritage of the area, while also advancing sustainable tourism and community-based development. Education is a core priority. The geopark offers hands-on, curriculum-aligned learning experiences in its &quot;Outdoor Classrooms,&quot; where students of all ages engage with topics such as geology and biodiversity through interactive workshops, including poetry sessions and minibeast hunts. These programmes foster a lifelong appreciation for the environment and the region’s unique heritage.","“A natural underworld of rivers, waterfalls, and winding passages”",ha,178100.0,66356,369.0,True,https://bioportalstprod.blob.core.windows.net/portal-media-public/GP/EUA401/image/main/EUA401_main.jpg,https://www.youtube.com/watch?v=hmCwyreJDAg,https://www.marblearchcavesgeopark.com,"54.254, -7.734",https://www.unesco.org/en/iggp/cuilcagh-lakelands-unesco-global-geopark
012c4a57-65d4-5d68-b155-94ed6ebd155b,EUES03,Central Catalonia UNESCO Global Geopark,ES,2015-01-01,"Within the territory, there are four colles castelleres, groups that create human towers at almost all the local festivities.The geopark features a unique heritage related to the art of dry-stone construction paired with the culture of wine, the Denomination of Origin &quot;Pla de Bages.&quot;In 2003, the Salt Mountain Cultural Park was established, providing a captivating insight into the significance of this natural wonder.","The remarkable tale of Central Catalonia UNESCO Global Geopark unfolds approximately 41 to 37 million years ago, in the midst of the Eocene epoch. At that time, this region lay submerged beneath vast waters, stretching from the present-day Balearic Islands to the northeastern reaches of the Iberian Peninsula. Within this expanse, rivers deposited sequence upon sequence of sediments. However, the relentless forces of tectonic activity shaped the landscape, giving rise to the majestic Pyrenees. These dramatic transformations caused the once-thriving sea to retreat, ultimately transforming it into an expansive salt lake. Gradually, this ancient body of water succumbed to evaporation, leaving behind a rich tapestry of sediments that now bear witness to the birth and demise of an ancient sea. Once at the depths of that sea stood Montserrat’s imposing massif which, resembling a saw-shaped wonder, dominates the geopark, captivating the gaze from every vantage point. Its remarkable conglomerate-built geomorphology adds to its allure, forming a distinctive silhouette that has fascinated not only local Catalans but also renowned modernist authors and architects worldwide. Figures like Santiago Rusiñol, Ramon Casas, and, according to tradition, Antoni Gaudí found inspiration in the deep wells, vast chambers, and awe-inspiring speleothems within the caves. One of the most remarkable legacies is the Cardona Salt Mountain. The Salina Valley of Cardona, known for its abundant salt reserves and the discovery of potash in the early 1900s, has been a vital part of the region&#39;s identity since Neolithic times. In 2003, the Salt Mountain Cultural Park was established, providing a captivating insight into the significance of this natural wonder. This unique salt formation, resembling a mountain of pure salt that continues to grow with each extraction, stands as a testament to the Earth&#39;s geological processes throughout the ages. Beneath the surface lie the magnificent El Toll Caves, subterranean wonders formed within calcareous rocks deposited as an ancient coral reef 38 million years ago. Known as the &quot;Palace of the Fauna of the Quaternary&quot; (Palau de la Fauna del Quaternari,) these caves are not only a geological marvel but also a crucial paleontological site. Archaeological excavations have uncovered remnants of human presence from the Middle Paleolithic to the Bronze Age, offering a fascinating glimpse into our ancestors&#39; lives. Paleontologists have made significant discoveries, including important Neanderthal remains, within these historic depths.","The cultural heritage of the geopark is deeply connected to the region’s history, with Romanesque and medieval sites such as the Santa Maria Monastery at L’Estany, the Castle of Castellbell, the Castle of Mura, the Castle of Súria, the Salipota Tower, and the Castle of Talamanca, all designated as Cultural Assets of National Interest. Additionally, elements of industrial archaeology, particularly related to the textile and mining industries, reflect the historical economic activities of the area. Local communities maintain and promote their heritage which includes wine vats, dry-stone constructions, along with churches and lime kilns, which contribute to the traditional landscape and economy. Intangible heritage plays a significant role in sustaining local traditions. The art of dry-stone walling is closely linked to viticulture, with ongoing collaborations between the geopark, the DO Pla de Bages, and the Natural Park of Sant Llorenç del Munt i l’Obac to safeguard this practice. The human towers (castells) tradition, upheld by four colles castelleres in the region, remains a key feature of local festivals and community life. Additionally, the geopark promotes the Mediterranean diet, which has been recognised by UNESCO for its cultural significance in food production, preparation, and shared consumption.","“Amazing geology, mining heritage and landscape, together with millennia of human presence”",ha,131720.0,195444,150.0,False,https://bioportalstprod.blob.core.windows.net/portal-media-public/GP/EUES03/image/main/EUES03_main.jpg,https://www.youtube.com/watch?v=1RFMIlJXlE8,http://www.geoparc.cat/en/,"41.783, 1.855",https://www.unesco.org/en/iggp/central-catalonia-unesco-global-geopark
aec16a25-06d9-58b7-b875-187eeefa40f4,EUGB01,Black country UNESCO Global Geopark,GB,2020-01-01,"Visit the Red House Glass Cone, one of the UK’s last surviving glassmaking cones, now a visitor centre showcasing the region’s glassmaking heritage.Explore Bumble Hole and Warrens Hall, a historic coal mining landscape and active canal junction central to the Black Country’s industrial past.Discover Park Lime Pits, a former limestone quarry now transformed into a local nature reserve with clear pools and species-rich grasslands.","The Black Country UNESCO Global Geopark, located between Birmingham and Wolverhampton, presents a unique urban landscape shaped by 428 million years of geological history. The area is internationally recognised for its exceptionally well-preserved fossils and rich deposits of coal, ironstone, fireclay, and limestone—natural resources that fuelled discovery and invention, placing the region at the heart of the Industrial Revolution. The rocks of the Black Country record major environmental changes over deep time and include Europe’s thickest coal seam (12 metres), interbedded with other economically important layers. Fossil reef structures preserved in life position and the world’s best-preserved fossil spider highlight the scientific value of the area. The trilobite species Calymene, known locally as the ‘Dudley Bug’, has strong cultural ties and appeared as the mascot of the limestone miners and on the town of Dudley’s coat of arms. The geopark encompasses a wide range of geosites, including disused mines and quarries, canals, nature reserves, museums, open-air attractions, and historic buildings. It connects the geology beneath our feet with the cultural and industrial heritage that continues to shape the landscape above.","At the height of the Industrial Revolution, American Consul Elihu Burritt described the Black Country as a land “black by day and red by night”, shaped by intensive coal mining. Despite its dark industrial past, the region became a centre of experimentation and innovation, closely linked to the development of geology. It was here that the oldest geological map (Metallum Martis, 1665) was produced, and the earliest seismograph recording was made (Milne-Shaw, 1913). The area’s geodiversity supported a variety of landscapes and habitats, as well as vast natural resources, enabling the emergence of the world’s first large-scale industrial region. It became a cradle of technological innovation, with major contributions from figures such as Abraham Darby, known as the “Father of the Industrial Revolution”, and Sir Roderick Murchison, who defined the Silurian Period. The world’s first powerful steam engine—the Newcomen engine—was developed in the Black Country, revolutionising mining. To support industry, the region also constructed a dense network of canals, including the world’s oldest navigable canal tunnel. Today, the legacy of this industrial past is visible in the landscape and continues to be expressed through the traditions, dialect, and cultural practices of local communities. The geopark welcomes nearly 32 million visitors each year, many of whom walk the Monarch’s Way, a historic route linked to King Charles II’s escape after the English Civil War.",,ha,35600.0,1200000,4297.0,False,https://bioportalstprod.blob.core.windows.net/portal-media-public/GP/EUGB01/image/main/EUGB01_main.jpg,,,"52.517, -2.08",https://www.unesco.org/en/iggp/black-country-unesco-global-geopark
cd83fee1-4ebc-5e51-b54e-a569df21e540,EUES08,Las Loras UNESCO Global Geopark,ES,2017-01-01,"Discover an important concentration of Megalithic monuments, with remnants of Celtic fortifications atop each Lora, including the fourth largest Celtic fortification in Europe at Ulaña Lora.Visit the Cañón de la Horadada for scenic hiking trails overlooking limestone gorges carved by the Pisuerga River.","Located at the southwestern edge of the Basque-Cantabrian Basin, Las Loras UNESCO Global Geopark offers a unique geological experience. Visitors can witness the effects of the opening of the Atlantic Ocean, discover remnants of Mesozoic fauna and flora, observe the grand marine transgression of the Upper Cretaceous, and explore the stages of deformation during the Alpine Orogeny. Two notable natural monuments within the geopark are Las Tuerces and Covalagua. These sites showcase the final stages of karst evolution, often referred to as rock cities or enchanted towns. They exemplify the karst ruinform landscape, featuring doline fields and other remarkable karstic elements. The morphology of the area is controlled by the different hardness of the Mesozoic substrate materials, as well as by the geological structures of the sedimentary rock layers. In this sense, the limestones and dolomites are the competent materials compared to the loams and sands, which erode more easily. This generates the development of large and deep canyons excavated by the current river network. The transitional location of the geopark, halfway between the Castilian Plateau and the Cantabrian Mountain Range, gives the region a wide range of environments and biodiversity, with both Euro-Siberian sites and Mediterranean sites. Limestone cliffs and significant high-altitude moorlands alternate with gorges and deep valleys sunk by the existing river system. Palaeontology and geomorphology are other highlights of the geological heritage of the territory. There are many important palaeontological sites such as Upper Jurassic floral macrofossils, skeletal remains of a Camptosaurus, and also important Upper Cretaceous rudist and coral colonies. The Mesozoic moorlands, known as Loras, define the landscape of the region and serve as a unifying element for the geopark, connecting geology, landscape, and cultural characteristics and setting the region apart from neighbouring areas. The presence of several castros (forts), almost one for each Lora, gives coherence and cohesion to Las Loras UNESCO Global Geopark.","The communities within the Las Loras UNESCO Global Geopark rely primarily on arable and livestock farming as their main sources of livelihood, maintaining traditional agricultural practices that have shaped the landscape for generations. In Aguilar de Campoo, the biscuit industry plays a significant role in the local economy, contributing to employment and regional production. The oil industry is also present in the territory, with the only onshore oil field in the Iberian Peninsula located in Ayoluengo. Cultural heritage is deeply rooted in the region. The geopark boasts the highest concentration of Romanesque churches in Spain, with over 100—many of which are maintained through local restoration initiatives. The Monastery of Santa María la Real, managed by a foundation in collaboration with the geopark, serves as a centre for conservation, interpretation, and promotion of the area&#39;s historical and architectural legacy. The restoration of San Lorenzo Mártir Church in Fuentes de Valdepero, led by the Manapites Association, reflects community efforts to preserve heritage while fostering cultural engagement. The geopark also supports intangible cultural heritage, with dry-stone walling and manual bell ringing recognised by UNESCO for their historical and cultural significance. Local festivals, music, dances, and traditions—such as Mascaritos y Zamarrones—continue to be actively promoted through community initiatives and regional tourism efforts, strengthening cultural identity and sustaining traditional knowledge.","“The Loras, high altitude moorlands, topped with impressive forts”",ha,95076.0,12043,14.0,False,https://bioportalstprod.blob.core.windows.net/portal-media-public/GP/EUES08/image/main/EUES08_main.jpg,https://www.youtube.com/watch?v=yLPsEC39EYQ,http://proyectogeoparquelasloras.es/,"42.704, -4.082",https://www.unesco.org/en/iggp/las-loras-unesco-global-geopark
f6dd3045-f562-5481-9989-7e8135601523,EUES09,Maestrazgo UNESCO Global Geopark,ES,2020-01-01,"Visit the enchanting Spring of the Pitarque River, one of the geopark's remarkable natural wonders.Explore 13 historical villages designated as &quot;National Monuments&quot; for their Middle Age castles and traditional country houses known as &quot;masadas.&quot;","Nestled within the Spanish western Iberian Range and formed during the Alpine Orogeny, some areas of Maestrazgo UNESCO Global Geopark are characterised by a large and varied number of Mesozoic (220–65 million years ago) stratigraphic formations, deposited when an embayment of a warm sea periodically covered this area. During periods of sea ingress, the seabed became a thriving habitat for corals and various invertebrate creatures. However, as the tides receded, rivers took their turn, depositing layers of sandy sediments on to the seabed. This alternating cycle of marine colonisation and river sedimentation created a dynamic environment within the geopark, leaving behind a remarkable geological record which was later shaped by the formation and folding of the Pyrenees. This makes Maestrazgo UNESCO Global Geopark an exceptional laboratory for exploring the geological evolution of the Iberian Plate during the Mesozoic and Tertiary periods. Some of the geopark’s highlights include the mesmerising Grutas de Cristal (Crystal Caves) in Molinos—a network of chambers adorned with stalactites and stalagmites—and the towering limestone formations known as the Órganos de Montoro, reaching over 200 metres in height. The small village of Aliaga, 50 km northeast of Teruel, is another geological hotspot. Lying at the nodal point of two geological folds that follow one another, the geological structures can be clearly observed in the Guadalope River valley, which cuts deep into them. An educational path with eleven interpretive points explains these geological processes. The village also features a Mining Interpretation Centre that tells the story of past coal mining, used to generate electricity until 1982. Maestrazgo UNESCO Global Geopark also has an important palaeontological heritage, which has been used to accurately reconstruct palaeoenvironments that existed millions of years ago in this area. Focusing exclusively on dinosaurs, there are 76 catalogued palaeontological sites, including one at Galve—a small village with a significant collection of fossils, several footprints, and life-size reconstructions of the most representative specimens.","During the medieval era, the region—then part of the Kingdom of Aragón—was governed by a military order called the maestres, who named it “Maestrazgo”, from which the geopark takes its name. Maestrazgo UNESCO Global Geopark is deeply connected to its cultural heritage, with over 600 documented archaeological sites highlighting centuries of human settlement and activity. The rock art of the Mediterranean Basin on the Iberian Peninsula, inscribed on the UNESCO World Heritage List, includes exceptional prehistoric paintings depicting the way of life during a key phase of human development. The built heritage of the geopark reflects its long history of human habitation, including monasteries, churches, castles, and structures linked to traditional industries. A notable example is the Piquer Tower, the only preserved fortified farmhouse in the Somontano region of Teruel. The geopark has played a key role in drafting restoration plans for this unique structure. Another significant feature is the network of ice houses and cold vaults, which showcases historic methods of ice storage and trade. Intangible heritage is an integral part of life in the geopark, encompassing traditional festivals, music, and rituals. The Tamboradas drum-playing rituals take place annually during Easter Week, with coordinated drum performances resonating across villages along the Tambor and Bombo Route. Seasonal traditions such as the Fiestas de Invierno (Winter Parties), including Hogueras, Mochigangas, and Sanantonadas, are supported by the geopark and reflect the region’s deep-rooted folklore and communal celebrations. The Romerías (pilgrimages) to hermitages, accompanied by traditional music and customs, are a vital part of local identity and were the subject of a publication in 2021. Another key cultural event is the Poplar Tree Festival, celebrated in Berge and Cuevas de Almudén to honour the role of poplar tree culture in Aragonese traditions.",,ha,262200.0,14000,5.0,False,https://bioportalstprod.blob.core.windows.net/portal-media-public/GP/EUES09/image/main/EUES09_main.jpg,,,"40.638, -0.527",https://www.unesco.org/en/iggp/maestrazgo-unesco-global-geopark
26517bb9-755a-5b80-8431-c07ce5b2050a,EUES11,Sierra Morena de Sevilla UNESCO Global Geopark,ES,2015-01-01,"The “Beja-Acebuches” amphibolites, interpreted as the remains of an ancient ocean floor and a suture between tectonic plates, are a rare occurrence.Located in the geographical centre of the park, Cazalla de la Sierra is one of the most famous towns in this northern part of the province of Seville.Constantina is a stunning small village that is well worth the visit.","Like a balcony overlooking the vast and fertile plains of Andalusia, the Sierra Morena de Sevilla UNESCO Global Geopark stretches across the gentle mountains of the western Sierra Morena, north of Seville. The landscape is shaped by ancient Mediterranean forest, with towering holm and cork oaks forming a distinctive natural environment. The geopark reveals over 1 billion years of Earth’s history through its undulating terrain—ranging from carbonates and quartzite to eroded plutonic rocks and expansive valleys filled with more recent sediments. Several canyons and river gorges cut through the landscape, and numerous geosites offer insights into the region’s geological evolution. One of the most notable is the Cerro del Hierro Natural Monument, a palaeo-karst landscape formed 520 million years ago in a tropical marine environment that once hosted archaeocyathids and cyanobacteria. In the Valle Syncline, sedimentary layers document the Lower Palaeozoic, when marine fauna thrived around the supercontinent Gondwana. The area preserves a complete fossil record spanning from the Ordovician to the Devonian period. Another exceptional palaeontological site is found in Constantina, where Lower Cambrian jellyfish imprints are preserved. Ninety large discoidal imprints are etched into a single surface, providing a rare glimpse into the marine life of this ancient period.","Sierra Merena de Sevilla UNESCO Global Geopark actively supports local communities by preserving cultural heritage, promoting sustainable tourism, and fostering economic opportunities linked to geodiversity and traditional practices. The geopark plays a key role in safeguarding the intangible heritage of the region, which includes Holy Week processions, religious pilgrimages, woodworking, saddlery, liquor production, and traditional crafts such as charcoal making, embroidery, and song and dance. Collaboration with cultural associations and volunteers has enhanced the visibility of historical routes like the Camino Real del Azogue (Royal Mercury Path), which was crucial for mercury transport during the 16th to 18th centuries. Interpretation materials and guided activities inform visitors of the region’s mining history, contributing to local engagement and tourism. Additionally, the geopark is linked to historical trade routes such as the Vía de la Plata, a Roman consular road that facilitated commerce and cultural exchange. By promoting this network of historical paths, the geopark connects communities and fosters economic opportunities tied to heritage tourism. Key heritage sites such as the Mina de Cerro del Hierro, the Necropolis of La Traviesa, and the Roman quarries of Los Covachos highlight the intersection of geology, history and local traditions.",“700-million-year story”,ha,177484.0,24986,20.0,False,https://bioportalstprod.blob.core.windows.net/portal-media-public/GP/EUES11/image/main/EUES11_main.jpg,https://www.youtube.com/watch?v=gbTlA2bz4wE,http://www.juntadeandalucia.es/medioambiente/sierranortedesevillageopark,"37.924, -5.772",https://www.unesco.org/en/iggp/sierra-morena-de-sevilla-unesco-global-geopark
2c4b6902-e137-5811-9295-039c0c9265f5,EUES12,Sierras Subbéticas UNESCO Global Geopark,ES,2015-01-01,"The Mycological Garden &quot;La Trufa&quot;, the first of its kind in Europe, combines research, an interpretation centre, and a garden featuring eight recreated Andalusian ecosystems where mushrooms are cultivated.The Santa Rita Visitor Centre is the main reception point of the geopark, offering general information and featuring a stratigraphical column made of natural rocks and a giant ammonite sculpture.","In the heart of Andalucía, approximately 80 km south of Córdoba, lies the region of La Subbética, an area of notable natural and geological interest in the central part of the Betic Mountain Range. Here lies the Sierras Subbéticas UNESCO Global Geopark. Limestone and dolostone formations dominate the higher terrains of the geopark, creating a landscape marked by significant karst features. These include poljes, dolines, and karrens, as well as the recent formation of a ponor—a sinkhole that provides access to a network of around 900 caves and abysses. Among these is the Sima de Cabra, a vertical shaft located near the village of Cabra. With a depth of 131 metres, it is recognised as a distinctive cave and geosite of historical and geological importance. The first documented descent took place in 1683, when a quarry worker was lowered into the chasm as part of a murder investigation. He successfully retrieved a body from the bottom, in what is considered one of the earliest recorded cave rescues. In 1841, two teachers from Cabra High School undertook a scientific exploration of the cave and documented their observations. This expedition predates the work of Édouard-Alfred Martel, who is widely credited with founding modern speleology. Today, access to the Sima de Cabra is restricted to professional speleologists in order to ensure the site’s preservation.","Traversing the low and midlands of the Sierras Subbéticas UNESCO Global Geopark means passing through extensive olive groves—evidence of the region&#39;s main economic activity: olive oil production. Olive farming, particularly in the hilly landscapes of the geopark, is increasingly practised as ecological agriculture, ensuring sustainability for future generations. The region’s extra virgin olive oil has been recognised as among the best in the world since 2013, earning numerous international awards. The town of Cabra holds a unique place in literary history. Miguel de Cervantes, the renowned author of Don Quixote, spent five years of his childhood in Cabra and referenced the town’s well-known sinkhole in three of his works, including Don Quixote. This connection to Spain’s literary heritage reflects the deep cultural layers present within the geopark. Traditional cultural expressions remain vibrant throughout the geopark. Flamenco, born in Andalusia and designated UNESCO Intangible Cultural Heritage in 2010, continues to thrive in the region, with Peñas Flamencas (flamenco clubs) present in many villages and the annual Zambra Flamenco Festival in Rute. The region also preserves a distinct local musical tradition, the Mochileros de Gaena, celebrated in a dedicated museum in Gaena (Cabra). Education and sustainable tourism play a key role in community development. The geopark has implemented school programmes such as the &quot;Geodiversity and Geological Heritage of Sierras Subbéticas&quot; didactic unit, aimed at secondary students. Other educational projects include the Book of Strata, documenting the region’s geological evolution, and the Benches of Time in Doña Mencía, which incorporate geological storytelling into public spaces.","“Sierras Subbéticas, the Kingdom of Ammonites”",ha,32056.0,66993,231.0,False,https://bioportalstprod.blob.core.windows.net/portal-media-public/GP/EUES12/image/main/EUES12_main.jpg,,http://www.juntadeandalucia.es/medioambiente/sierrassubbeticasgeopark,"37.441, -4.314",https://www.unesco.org/en/iggp/sierras-subbeticas-unesco-global-geopark
8825ae07-bc63-5e49-97c8-cac9fec19f07,EUES13,Sobrarbe-Pirineos UNESCO Global Geopark,ES,2015-01-01,"Hike the over 1,000 km of well-maintained trails that offer breathtaking views, accompanied by the ever-present sound of flowing water from melting ice.Visit the Ordesa y Monte Perdido National Park, a spectacular ensemble of four valleys&#58; Ordesa, Añisclo, Escuaín and Pineta.","The Sobrarbe-Pirineos UNESCO Global Geopark, encompassing the entire Sobrarbe region in northern Spain’s Huesca province, is a striking geological and ecological sanctuary where the forces of nature have sculpted the landscape over half a billion years. The geopark’s diverse topography, ranging from the El Grado reservoir at 475 metres to the Llardana peak at 3,375 metres, hosts a unique blend of Mediterranean and high-mountain climates, fostering a remarkable variety of ecosystems. The geopark is structured into four main geomorphological units, each bearing witness to major geological events. The axial zone of the Pyrenees preserves the area’s oldest rocks, dating back 500 million years, while the Inner Sierras, dominated by Monte Perdido, represent the largest limestone massif in Europe, with summits exceeding 3,000 metres. The dramatic collision of tectonic plates and the disappearance of the Tertiary Sea played a fundamental role in shaping these landscapes, leaving behind vast sequences of Cambrian to Quaternary rocks. This geological evolution is still visible today, from ancient Variscan metamorphic rocks to the more recent Pyrenean orogeny, which gave rise to the imposing mountain chain. The geodiversity of Sobrarbe-Pirineos is exceptional, shaped not only by mountain-building processes but also by glacial, periglacial, karst, and fluvial activity. The last Ice Age left a profound imprint, with active glaciers such as those of Monte Perdido, Marboré, and Llardana continuing their slow retreat. The karst landscape, particularly abundant in the region, features fluviokarstic ravines, deep limestone gorges, and hidden cave systems formed by underground water erosion. Rivers like the Cinca and Ara have carved their way through the mountains, forming terraced deposits that align with ancient glacial moraines, offering invaluable insights into past climatic conditions. Landslides and mass movements, still active today, further contribute to the region’s dynamic geology.","The local communities of the Sobrarbe-Pirineos UNESCO Global Geopark have a deep appreciation for their landscapes, and education plays a key role in the geopark’s approach. Activities include geological itineraries for primary and secondary schools, an intensive geological heritage course for university students, and an annual seminar open to the general public. A training course for geological heritage guides has also been established to generate new employment opportunities and strengthen local businesses. The geopark is home to many heritage sites. Notable among them is the Pirineos-Monte Perdido UNESCO World Heritage Site, recognised for its cultural landscape and historical transhumance practices. Additionally, the Camino de Santiago European Cultural Route passes through Sobrarbe, linking the geopark to one of the most important pilgrimage routes in Europe. Intangible heritage is also well preserved, with several traditions officially recognised by UNESCO. The Pyrenean Summer Solstice Fires and the Falleta de San Juan de Plan are both designated as UNESCO Intangible Cultural Heritage. The region is also known for its dry-stone constructions, recently added to the UNESCO Intangible Heritage list; the Mallata Project focuses on restoring traditional dry-stone buildings and preserving transhumance practices. Other significant traditions include the Navatas descent of the River Cinca—an Aragonese Activity of Touristic Interest—and the conservation of folk legends tied to the region’s geological heritage, including ancient tales of Silvan and Roldan.",“The formation of the Pyrenees”,ha,220300.0,7657,3.0,False,https://bioportalstprod.blob.core.windows.net/portal-media-public/GP/EUES13/image/main/EUES13_main.jpg,,http://www.geoparquepirineos.com/index.php?idi=3,"42.498, 0.098",https://www.unesco.org/en/iggp/sobrarbe-pirineos-unesco-global-geopark
59f0e27b-e9aa-5b09-893a-96078263352e,EUFI01,Rokua UNESCO Global Geopark,FI,2015-01-01,"The Isterinkoski rapids in the Poikajoki River fall nearly thirty metres and span millions of years in the geological record.Visit Lake Oulujärvi, the fourth largest lake in Finland, covering almost 900 km².Local museums, such as Lamminaho Farm and the Kalevala village of Ahmas, preserve traditional ways of life and support educational activities focused on sustainability.","Just 200 km south of the Arctic Circle, between the cities of Oulu and Kajaani, Rokua UNESCO Global Geopark tells the story of a landscape shaped over billions of years by tectonic activity and glaciation. The geopark lies within one of the oldest and most stable parts of the Earth’s continental crust, composed of Archean granite and gneiss formed up to 3.6 billion years ago. These ancient rocks are visible at geosites such as Kilonniemi. Although the area has experienced multiple phases of mountain building and glaciation, it was the last Ice Age—ending around 10,000 years ago—that left the most visible imprint. Features such as drumlins, moraines, esker ridges and kettle holes define the landscape. The geopark forms a geological corridor following the Rokua esker field, extending in a northwest–southeast direction. Glacial activity over millennia ground the bedrock into fine sand. As the glaciers retreated, winds carried this sand inland, forming extensive dune fields. Today, these dunes are covered with vegetation that supports a wide range of plant and animal species. Viewed from the air, the dunes appear as long ripples across the terrain.","Rokua UNESCO Global Geopark reflects the strong relationship between local communities and the region’s arctic nature, traditions and history. In winter, visitors can experience a snow-covered landscape shaped by the Ice Age, where frozen lakes and forests offer a glimpse into past ways of life. The Geopark School concept, launched in 2015, integrates geodiversity, sustainability, and heritage into education. In Muhos, a secondary school, upper secondary school, and adult education centre form a shared “Geopark Campus.” Students participate in field trips, expert-led lessons, and international exchanges. The school buildings themselves reflect local geology through natural colours, recycled materials, and public art created by students. This place-based approach to learning is now being adopted in other geoparks across Europe. The region’s intangible heritage is rooted in local folktales and oral traditions, especially those linked to the Oulujoki River and stories of giants, some of which are tied to the Finnish national epic, the Kalevala. Villages within the geopark were home to the poets whose verses were collected during the compilation of the Kalevala in the 19th century. These tales were used to explain landscape features and are still preserved in place names today. Rokua UNESCO Global Geopark supports this heritage through publications, exhibitions and locally produced crafts inspired by these stories. Human settlement in the area dates back approximately 9,000 years, shortly after Lake Oulujärvi separated from the Ancylus Lake stage of the Baltic Sea. Archaeological remains of early dwellings—particularly around Säräisniemi village—include the oldest ceramics found in the geopark, known as Säräisniemi ceramics.",“Tells the story of the last Ice age and the story of people who followed the retreating ice”,ha,132600.0,10000,7.0,False,https://bioportalstprod.blob.core.windows.net/portal-media-public/GP/EUFI01/image/main/EUFI01_main.jpg,https://www.youtube.com/watch?v=_doQlfR8pGE,http://www.rokuageopark.fi/en,"64.559, 26.648",https://www.unesco.org/en/iggp/rokua-unesco-global-geopark
d276e3e4-5f94-58a6-b5b9-63c76ab98771,EUFI02,Lauhanvuori-Hämeenkangas UNESCO Global Geopark,FI,2020-01-01,"Visit Susiluola (Wolf Cave), the oldest archaeological site in the geopark.The medieval road of Kyrönkankaantie is one of the best-preserved medieval roads in Finland.The region is home to vast wildlife, typical of the boreal coniferous forest, including bears, lynx and wolves. The elk population is high and more recently, a population of Finnish Forest Reindeer has been reintroduced to the area.","Located in southern Finland, 268 km north of Helsinki, Lauhanvuori–Hämeenkangas UNESCO Global Geopark spans a landscape shaped by dramatic geological change—from ancient mountain ranges to mires and sandy plains. Its gently undulating terrain, covered by boreal forests, raised bogs and sparse human settlement, bears the marks of tectonic forces and glacial retreat. The geopark traces a journey beginning 1.9 billion years ago, when tectonic collisions formed a mountain range, now worn down by erosion and reshaped by Ice Age glaciers and the retreating waters of the Baltic Sea. Kivijata, a sandstone boulder field formed from an ancient beach, is one of the geopark’s most striking sites. Originally a sandstone cliff, it collapsed under erosion and was later shaped by glacial and marine activity. Today, a 4.6 km hiking trail allows visitors to explore this unique landscape. Nearby, the Aumakivi corestone is a rounded granite tor, seemingly placed in the forest like a giant stone egg. Its origin—possibly through freeze–thaw cycles or groundwater weathering—remains a point of scientific discussion. The Hämeenkangas ridge, a sandy esker in the southern part of the geopark, features kettle holes, fossil dunes, and paleo-shorelines. Natural springs emerge from its edges, including the culturally significant Jämijärvi&#39;s Uhrilähde (Sacrifice Spring) and Kylmänmyllynlähde (Cold Mill Spring), highlighting the ongoing interaction between geology, water and human history.","Lauhanvuori–Hämeenkangas UNESCO Global Geopark is home to rich cultural and intangible heritage shaped by thousands of years of human presence and interaction with the landscape. Archaeological remains such as the Myllyluoma tepee—inhabited between 6000 and 6500 BC when the area was part of the shoreline of the ancient Lake Ancylus—highlight early settlement in the region. The Susiluola cave has drawn national and international attention for its evidence of possible Neanderthal habitation during the Eemian interglacial period. It remains the only known site with such traces later covered by a continental ice sheet. Today, the site is protected under the Finnish Antiquities Act and managed in cooperation with national and provincial heritage authorities. Cultural heritage is actively promoted through exhibitions, educational programmes, and guided tours. Intangible heritage is also a strong focus. Traditional practices such as tar burning and the brewing of sahti—a traditional beer—remain part of local identity. Spelit, a traditional folk music and dance festival, celebrates the musical heritage of southern Ostrobothnia each summer, and includes the the Finnish championships for harmonica and mandolin players.",,ha,490796.0,40526,8.0,False,https://bioportalstprod.blob.core.windows.net/portal-media-public/GP/EUFI02/image/main/EUFI02_main.jpg,,,"62.112, 22.452",https://www.unesco.org/en/iggp/lauhanvuori-hameenkangas-unesco-global-geopark
93e0e17e-e8d4-5dca-943e-66caf283db60,EUFR02,Causses de Quercy UNESCO Global Geopark,FR,2017-01-01,"The Camino de Santiago, known in English as the St. James Way, crosses the geopark from Gréalou to Flaujac-Poujols.The region is renowned for its megaliths, with over 400 early human constructions. The Dolmen of Pierre Martine, on the hills above Livernon, is the largest, measuring 7.10 metres long and 2.30 metres wide, with support slabs over 5 metres long, weighing 22 tonnes.The dry-stone constructions known as 'caselles,' built without mortar, date from the 19th century and are still preserved today.","The geological heritage of the Causses du Quercy UNESCO Global Geopark reflects the long interplay between tectonic uplift and water erosion. These forces have shaped a distinctive limestone landscape of cliffs, sinkholes, dry valleys, caves and chasms. It is a region where the slow processes of Earth’s history are clearly visible in its karst formations. The best-known of these is the Gouffre de Padirac, a 75-metre-deep sinkhole accessible by lift, where visitors can travel by boat along underground galleries filled with turquoise water. The Cloup d&#39;Aural, another key karst feature, is a collapsed cave filled with phosphate-rich clay. This rare geological phenomenon preserved thousands of fossils and was mined for phosphate in the 19th century. It is now recognised internationally as a site of geological and palaeontological importance. Covering 186,000 hectares in the south of France, at the northern end of the Occitanie/Pyrénées-Méditerranée region, the geopark lies between the low plains of the Aquitaine Basin and the mountains of the Massif Central. Its limestone plateaus—known as causses—rise as arid expanses with networks of dry valleys. In contrast, their depths conceal complex underground water systems that have carved caves and nourished green corridors, home to 26 bat species. Tectonic activity and the constant action of water have also shaped dramatic surface features: cliffs and canyons, where patches of oak woodland grow and villages cling to rocky outcrops. Rocamadour, a historic pilgrimage site built against a limestone cliff, and Saint-Cirq-Lapopie, perched above the Lot River, are among the most striking examples. The geopark&#39;s remote setting, with low population density and minimal light pollution, also makes it one of the best places in France to observe the night sky. The area between Rocamadour and the Célé Valley is known as the “Black Triangle of Quercy”—the darkest zone in mainland France—where visitors can see the Milky Way in exceptional clarity.","Causses du Quercy UNESCO Global Geopark takes its name from both its geological and cultural heritage: the causses, or limestone plateaus, and Quercy, the historic territory of the Cadurques Gallic people. The relationship between humans and stone defines the region, where limestone has shaped the identity and landscape for millennia. This connection is visible throughout the built environment—every dry-stone wall, shelter, or house reflects the use of local limestone. Generations have adapted to the karstic terrain by carving basins to retain water, clearing dolines and dry valleys for cultivation, and using caves for shelter, ritual, or artistic expression. Some of the oldest archaeological evidence in the region dates back 400,000 years, with uses ranging from hunting traps and pigment sources to phosphatic clays mined in the 19th century. The region is also home to Pech Merle, one of the few prehistoric painted caves in France still open to the public. With over two kilometres of galleries on two levels, it showcases paintings nearly 29,000 years old and remains accessible to a wide range of visitors. Today, the geopark is a rural territory with an economy based on agriculture, crafts and tourism. The geopark works to support sustainable tourism that benefits the entire region. Its “open-air museum” approach encourages visitors to experience the landscape in situ through an extensive network of discovery routes. The Via Causs’mos, a 20 km artistic and interpretive itinerary, invites visitors to explore the limestone plateaus of Gramat, Saint-Chels and Limogne, highlighting the natural environment and traditional built heritage of the valleys.",“If stones could speak…”,ha,185500.0,31500,17.0,False,https://bioportalstprod.blob.core.windows.net/portal-media-public/GP/EUFR02/image/main/EUFR02_main.jpg,,http://uk.parc-causses-du-quercy.fr,"44.563, 1.695",https://www.unesco.org/en/iggp/causses-de-quercy-unesco-global-geopark
ccae43e9-de5e-5012-b13b-cb59704d4d29,EUFR04,Haute-Provence UNESCO Global Geopark,FR,2015-01-01,Try butterfly watching in Digne-les-Bains.Enjoy the amazing view from the Vélodrome d’Esclangon or the Pénitent des Mées.Hike the ‘La Routo’ trail that connects the Camargue and Crau plains in lower Provence to Piedmont’s Alpine valleys.,"Located on the south-western flank of the Alpine Arc, the Haute-Provence UNESCO Global Geopark preserves an exceptional 300-million-year geological record. Studied over generations by European geologists, it continues to serve as an open-air classroom for universities and research institutions. The region’s textbook outcrops provide clear evidence of the geodynamic processes that shape the Earth&#39;s surface, from the continental break-up between the Triassic and Jurassic periods (approximately 251 to 152 million years ago) to the glacial cycles of the Quaternary (beginning around 2 million years ago and continuing to the present). Several geosites are of international significance. These include the ammonite slab at Digne-les-Bains, where over 1,500 ammonites—some measuring up to 70 cm in diameter—are fossilised in a 320 m² limestone surface; the Vélodrome d’Esclangon, a natural amphitheatre revealing a nearly continuous 15-million-year sequence of sand, clay, and pebble deposits deformed by tectonic forces and later exposed by erosion; and the 185-million-year-old Ichthyosaurus fossil at La Robine, which led to the creation of Europe’s first site museum dedicated to the protection of a palaeontological specimen.","For millennia, the rugged landscape of the Haute-Provence UNESCO Global Geopark provided strategic protection. The hilltop village of Thoard and the Citadel of Sisteron, built into vertical limestone strata, are enduring examples. At the Pierre-Écrite site, a 5th-century Roman inscription by Claudius Postumus Dardanus describes the foundation of Théopolis—a spiritual centre fortified against barbarian threats. The limestone cliffs that characterise the geopark support unique biodiversity, including wallcreepers, thuriferous junipers—relicts from the last Ice Age—and a variety of aromatic plants such as thyme, rosemary, and sage. Local traditions tied to this biodiversity remain strong. Seasonal festivals held in July and August, including the “Corso de la Lavande” and the “Foire de la Lavande” in Digne-les-Bains, celebrate the lavender harvest and its essential oil, a key ingredient in regional perfume and cosmetic production.",“300 million-year old rocks reveal their secrets in Haute Provence”,ha,218056.0,59351,26.0,False,https://bioportalstprod.blob.core.windows.net/portal-media-public/GP/EUFR04/image/main/EUFR04_main.jpg,https://www.youtube.com/watch?v=_0f5OXcizwM,https://www.geoparchauteprovence.com,"44.132, 6.185",https://www.unesco.org/en/iggp/haute-provence-unesco-global-geopark
0591d48e-8a65-5d7f-9f63-f16a6cff2a99,EUFR06,Massif des Bauges UNESCO Global Geopark,FR,2015-01-01,"Local wine producers have long been aware that the quality and originality of their wines is due to the region’s underlying geological conditions, which not only define the soil type but also the topography, and therefore influence climate. The Vin de Savoie, as it is known, holds the appellation d'origine contrôlée label (AOC) that identifies it as unique.To go with the wine, the Tome des Bauges is a semi-hard cheese made from unpasteurised milk from cows that feed exclusively on grass, giving an earthy aroma.Visit one of the three astronomy-inspired centres in Curienne, Aillon-le-Jeune, and Le Châtelard ito explore the stars through sculptures, a planetarium, interactive games, poetry, and a giant stargazing hammock.","Just a few kilometres from Mont Blanc, the limestone crests of the Massif des Bauges form over 200 km² of karstified surface, supplying water to France’s two largest natural lakes: Lake Bourget and Lake Annecy. Located in the northern French Alps, the geopark rises as a preserved natural area from the surrounding urbanised valleys, forming a sequence of folded limestone crests aligned southwest to northeast and reaching altitudes above 2,200 metres. The stratigraphic record of the geopark spans from the Upper Jurassic (around 163.5 million years ago) to the Lower Cretaceous (113 million years ago). Though geologically brief, this period saw the formation of exceptional alpine structures such as the Arclusaz Syncline—a perched syncline clearly visible from the Isère flood plain. The folded V-shaped rock structure is accessible via mountain trails through the Vallon des Bellevaux, offering both scientific value and scenic views. The region’s karst system plays a central role in its geological and hydrological identity. It feeds Lake Annecy—formed by glacial activity around 18,000 years ago—through rivers, streams, and an extensive subterranean network. This system has given rise to significant geosites such as the Prérouge karst spring, the Pissieu Waterfall, and the Chéran Gorges, which are spanned by the 19th-century Abîme Suspension Bridge.","Local communities in the Massif des Bauges UNESCO Global Geopark play an active role in maintaining a tradition of nature-based tourism, managing mountain chalets and supporting access to hiking trails throughout the year. Agriculture and forestry remain key economic sectors, and the geopark works closely with local producers to support sustainable practices and promote products linked to the territory, including cheeses, honey, wine, and aromatic plants. Several of these, such as “Tome des Bauges” and “Vins de Savoie,” hold official designations of origin. Some producers offer guided visits that connect local geology and landscape with wine production, illustrating the link between soils, exposure and taste. In recent years, the geopark has led innovative work on night-time light pollution, implementing measures to preserve the quality of the night sky and studying the effects of artificial light on biodiversity. They have produced practical toolkits for local municipalities.&nbsp; Three astronomy-themed sites have been created in Curienne, Aillon-le-Jeune, and Le Châtelard; developed with local artisans and astronomy clubs, these sites offer installations such as a planetarium, sculptures, interactive games, an audio guide, and a stargazing hammock. The initiative has successfully engaged schools and families, strengthening community involvement in the conservation of local biodiversity, strongly impacted by light pollution.",“More than 200 km² of karstified surface to supply water to the two largest natural lakes in France””,ha,87900.0,72000,82.0,False,https://bioportalstprod.blob.core.windows.net/portal-media-public/GP/EUFR06/image/main/EUFR06_main.jpg,https://www.youtube.com/watch?v=cUNp6Dv3Wno,http://www.parcdesbauges.com/,"45.685, 6.159",https://www.unesco.org/en/iggp/massif-des-bauges-unesco-global-geopark
6daacc11-a2bf-5f30-baa6-e79dc6dbfb6d,NACA02,Discovery UNESCO Global Geopark,CA,2020-01-01,"Visit Fort Point at the stunning natural harbour, Trinity Harbour and conjure up a history of defence against invaders.Bird Island Puffin Site is a perfect spot to observe seals, dolphins, and seabirds including black guillemots, kittiwake, terns, and murres.The popular Haootia walking trail is where scientists discovered one of the world’s oldest complex animal fossils.","Covering 280 km of rugged coastline full of remarkable views, caves, arches and sea stacks, the area is dominated by an assemblage of Neoproterozoic rocks (1,000 to 538 million years ago), offering a unique opportunity to observe, study, and celebrate one of the most significant transitions in Earth’s history: the Ediacaran Period, which marks the first appearance of widespread multicellular fauna. The Catalina Dome comprises deep-marine siliciclastics containing Bouma-type turbidites. It is upon the laterally extensive bedding planes that the exceptionally preserved remains of rangeomorph and other Ediacaran fossil forms are found. Often preserved beneath volcanic ash beds, the Catalina Dome fossil assemblage contains over 20 different taxa, and offers a globally significant opportunity for studies into the taphonomic, taxonomic, ecological, environmental, and stratigraphic contexts of the rise of large, complex life. The glaciated landscape of Bonavista Island in Newfoundland offers extraordinary geology both inland and along its coastline. Rock layers exposed along the shoreline record a dramatic transition in Earth history, from approximately 575 to about 525 million years ago (Ediacaran to early Cambrian periods). One must-see site is the Spillars Cove shoreline, which offers stunning views of a rugged coastline created by thousands of years of exposure to natural elements. Spillars Cove is a spectacular rocky bay, lying between Spillars Point to the east and Cape Bonavista to the west. This geosite has special significance, marking the boundary between the two geological halves of the Bonavista Peninsula. The Spillars Cove–English Harbour Fault Zone divides the Ediacaran fossil-containing rocks of the St. John’s Basin in the east from the rocks of the Bonavista Basin in the west.","Known to Europeans since 1497 when the Italian explorer Giovanni Caboto first arrived on this ‘new-found land’, the region is the ancestral home of the now-extinct Beothuk People. Legend has it that upon arrival, Caboto exclaimed &quot;Oh che buona vista!&quot;—forever coining the name of Bonavista Bay and the peninsula on which the Discovery UNESCO Global Geopark extends. The Discovery UNESCO Global Geopark respectfully acknowledges its territory as part of the ancestral homelands of the Indigenous Peoples of the region. Historical and archaeological records document the Beothuk People who lived throughout the northeast coast of Newfoundland, particularly around Notre Dame Bay and Bonavista Bay. The Beothuk had a distinct language and culture closely tied to land and sea resources. Early European explorers most likely encountered Indigenous communities in this region. The Bonavista Peninsula’s economic development has historically been based on the fishing industry. Today, community life continues to be shaped by strong links to land and sea, as well as a growing cultural and tourism economy. Internationally recognised hiking trails, boat tours, kayaking, museums, galleries, theatres, restaurants, tea rooms, shops, and accommodations contribute to the local economy. Many structures of architectural and historical significance have been preserved, including churches, lighthouses, fishing wharves, and stone root cellars. Examples include the Coaker Foundation and Ryan Premises National Historic Site, as well as restored village buildingsNear the Coaker Foundation, the geopark has supported the creation of an Art House, which is managed by young people in collaboration with the municipality.",,ha,189282.0,7382,7.0,False,https://bioportalstprod.blob.core.windows.net/portal-media-public/GP/NACA02/image/main/NACA02_main.jpg,,,"48.455, -53.309",https://www.unesco.org/en/iggp/discovery-unesco-global-geopark
18fa52cd-5f61-558a-9e55-b00c34a33494,EUGB03,Fforest Fawr UNESCO Global Geopark,GB,2015-01-01,"Herberts Quarry is a training ground for university students in geological mapping and research on alkaline pollution effects in Devonian and Carboniferous rocks.Cribarth, a striking ridge in the Swansea Valley, contains nationally and internationally important sedimentary and tectonic records of the Variscan Orogeny.Garn Goch and Pen-y-Crug are Iron Age hillforts linked to the Celtic Silures tribe, whose name inspired the Silurian period in geological history.","Echoing ancient tales and dating back to a time when Norman French invaders reserved this upland realm for hunting in the 11th century, Fforest Fawr UNESCO Global Geopark is a landscape where nature and history intertwine. Visitors are taken on a geological journey spanning over 470 million years. Within the limestone terrain, swallow holes and sinks—like portals to the underworld—are found in greater abundance than anywhere else in the British Isles. In Waterfall Country, the rivers Nedd, Mellte, and Hepste meander through deep, forested gorges carved into the rock over millennia. The diverse soils, derived from a long sequence of marine and terrestrial strata, support an exceptional range of flora and fauna across the geopark. Karstification of the Carboniferous Limestone has given rise to extensive doline fields and some of the UK’s longest and deepest cave systems. Between 28,000 and 11,700 years ago, glacial activity sculpted the landscape, shaping the upland and lowland features seen today. These natural features are closely tied to human stories: myths and legends such as Culhwch ac Olwen and the tale of the Twrch Trwyth—considered the first record of Arthurian romance—are rooted in the local landscape. Stone circles, hillforts, Roman remains, medieval castles, and ancient churches form part of the region’s enduring cultural heritage.","Fforest Fawr is defined by the close relationship between its geology, natural environment, and the cultural and industrial heritage of Wales. Nearly 11,000 years of human activity have shaped a cultural landscape where ancient monuments sit alongside the remains of 200 years of industrial exploitation. Abandoned quarries, brickworks, limekilns, and fragments of historical transport infrastructure are now integrated into the landscape, bearing witness to a period when the area&#39;s geological resources supported metal production in South Wales. Since the early 20th century, the area’s geological, archaeological, industrial, and intangible heritage has served as an outdoor laboratory for research and education. The geopark supports both formal and informal learning, from schools and universities to amateur societies and the general public. It also plays an active role in supporting the local economy, using the landscape and its geological assets as a foundation for sustainable growth. Engagement with local businesses is fostered through initiatives such as the Geopark Ambassador Scheme, orientation days, and contributions to the Brecon Beacons National Park Ambassador Scheme.","“Ordovician to Carboniferous rock record, glaciated landscape, industrial archaeology”",ha,76310.0,11000,14.0,False,https://bioportalstprod.blob.core.windows.net/portal-media-public/GP/EUGB03/image/main/EUGB03_main.jpg,https://www.youtube.com/watch?v=KMhiN8i2klk,http://www.fforestfawrgeopark.org.uk/,"51.87, -3.651",https://www.unesco.org/en/iggp/fforest-fawr-unesco-global-geopark
7e4b9296-2a15-5522-9120-da90a085fbad,EUIE02,Copper Coast UNESCO Global Geopark,IE,2015-01-01,"Neolithic dolmens, Iron Age forts, pre-Christian inscribed stones, ruined medieval churches, and a spectacular castle owned by the local community await discovery.The Geological Garden in Bunmahon is a good starting point to understand the geological history of the area.","Named after the extensive copper mining that took place here in the 19th century, the Copper Coast UNESCO Global Geopark stretches some 25 km along the southeast coast of Ireland, bounded to the north by the Comeragh Mountains. Once covered in ice, it is now an idyllic rural area and an outdoor geology museum with a heritage that reflects its evolution over the last 460 million years. The region is a relatively flat glacial outwash plain, largely covered by glacial till and bog, with occasional but spectacular erratic boulders. The coast features numerous sandy and rocky coves with sea stacks, arches, and blowholes. Sedimentary and volcanic rocks, fossil-rich limestones, and columnar jointed rhyolites are exposed along the spectacular cliffs. The Copper Coast boasts extraordinary geological features tied to its position along the ancient Iapetus Suture, a significant tectonic boundary that once stretched from Newfoundland to Norway. This area provides exceptional exposure of mafic sequences, volcanic rocks, and intrusives that document the region’s dynamic geological history. During the 19th century, the region’s copper mines, formed along structurally controlled veins, played a key role in global copper production, further intertwining human heritage with geological significance. Additionally, the Copper Coast offers insights into the southern extent of the last Ice Age, showcasing the interplay of glacial and marine processes, including sheet ice, glaciers, and sea ice. The region’s striking sea cliffs and bays have been celebrated by geologists, with Sir Archibald Geikie, a prominent Scottish geologist and key figure in the development of modern geology, describing them as “perhaps the most wonderful series of volcanic vents within the British Isles.” This globally significant landscape highlights the intersection of geological evolution, mining heritage, and natural beauty, making it an unparalleled window into Earth’s history.","The Copper Coast UNESCO Global Geopark offers educational programmes designed to engage learners of all ages with the region’s rich geological heritage. Covering topics such as rocks and minerals, landforms, biodiversity, and Earth history, these initiatives foster hands-on, meaningful learning experiences. Children visiting the geopark can enjoy interactive activities such as “Jumping near the Seismometer,” which demonstrates the principles of seismology, “How old is the planet?”, or attend presentations like “Children of the mines”. They can also explore geology through demonstrations of fossils, rock types, and the Plate Tectonic Jigsaw Model, which simplifies complex geological processes into a fun, educational puzzle. The Copper Coast UNESCO Global Geopark is rich in intangible cultural heritage, preserving traditions that connect the community with its history and identity. The area celebrates traditional Irish music, regularly performed in local pubs and community halls, and hurling, a sport recognised on UNESCO’s Representative List of the Intangible Cultural Heritage of Humanity. The ongoing practice of thatching, carried out to a high standard, has helped preserve many of the region’s historic thatched cottages. Stories of shipwrecks, piracy, and smuggling along the coast add a unique maritime element to the heritage. Additionally, beekeeping is widely practised, with the East Waterford Beekeepers Association offering training at the Dunhill Ecopark. These traditions are promoted through exhibitions and events, ensuring their continued vitality for future generations.",“The Copper Coast tells the amazing story of the formation of Ireland”,ha,9140.0,2500,50.0,False,https://bioportalstprod.blob.core.windows.net/portal-media-public/GP/EUIE02/image/main/EUIE02_main.jpg,https://www.youtube.com/watch?v=CQF3tWA0r8U,https://www.coppercoastgeopark.com,"52.157, -7.325",https://www.unesco.org/en/iggp/copper-coast-unesco-global-geopark
791c8856-16ac-500f-93e6-cfbc5e53a761,EUGB05,North Pennines AONB UNESCO Global Geopark,GB,2015-01-01,"A sanctuary for breeding wading birds, the geopark is the most important area in the English uplands for these iconic species.The North Pennines contains 27% of England’s blanket bog—an essential carbon store that plays a key role in capturing and storing carbon dioxide.The Pennine Way National Trail, a 435 km long-distance walking route, passes through the geopark from the northwest to the south.","The North Pennines UNESCO Global Geopark presents an exceptional geological story spanning over 500 million years. From its origins in the ancient Iapetus Ocean to its dramatic shaping by the last Ice Age, the landscape reflects a dynamic Earth history. The geopark is internationally significant for its mineral wealth, particularly the North Pennine Orefield, which is renowned for its world-class mineral assemblages and mining legacy. Layers of Carboniferous limestone, shale, and sandstone form terraced hillsides, supplying material for the area&#39;s characteristic dry-stone walls and traditional buildings. The Great Whin Sill, a 295-million-year-old igneous intrusion, is a key geological feature, creating striking cliffs and waterfalls and serving as a prominent geosite. Glacial activity during the last glaciation smoothed the terrain, depositing a range of glacial features and sediments. Cutting through the rock layers are mineral veins rich in lead ore and other minerals, which supported centuries of mining. This industrial heritage has left behind extensive ruins and spoil heaps, now colonised by specialised vegetation. The post-glacial development of extensive peatlands on the uplands adds further geological and ecological significance, making it one of England’s most important peatland resources.","The North Pennines AONB UNESCO Global Geopark uses its geological heritage as a foundation for community engagement, education, and sustainable tourism. The relationship between geology, biodiversity, and human activity is explored through a wide range of initiatives, including festivals, public events, educational programmes in and out of schools, evening classes, and an extensive network of walking and cycling trails, supported by an electric bike network. Painted by J.M.W. Turner and written about by W.H. Auden and Charles Dickens, the area’s cultural associations complement its strong geological identity and reinforce its sense of place as the wild heart of the north of England. One notable initiative is the North Pennines Young Archaeologists’ Club, open to young people aged 8 to 16. The club meets monthly and offers opportunities for participants to uncover hidden stories from the region’s lead and silver mining past. Through hands-on archaeological activities, members investigate historic sites and artefacts, supporting intergenerational learning and a deeper connection to local heritage.",“Visitors can discover the world class lead mining heritage of the North Pennines”,ha,198300.0,12000,6.0,False,https://bioportalstprod.blob.core.windows.net/portal-media-public/GP/EUGB05/image/main/EUGB05_main.jpg,https://www.youtube.com/watch?v=AJvRCdtPQMc,http://www.northpennines.org.uk,"54.718, -2.27",https://www.unesco.org/en/iggp/north-pennines-aonb-unesco-global-geopark
d7043a14-1713-5651-8c4f-eaaf99832945,EUGB06,North West Highlands UNESCO Global Geopark,GB,2015-01-01,"The steep limestone cliffs of Stronchrubie and Knockan certainly command attention.Crafted by glaciation and rainfall, underground water systems and caves such as Ben More Assynt’s unique formations—protected as Sites of Special Scientific Interest—entice speleologists with their enchanting subterranean world.The Bone Caves tell an extraordinary story, preserving the remains of long-extinct Scottish creatures within their ancient chambers.","The North West Highlands UNESCO Global Geopark presents a geological record spanning two-thirds of Earth’s history. The western coast is shaped by the Lewisian gneiss, a suite of metamorphic rocks ranging from 3 to 1.7 billion years old, forming a landscape of gentle hills and inselbergs. These are overlain by Torridonian sandstone and capped by hard quartzites, with preserved stromatolites offering some of the earliest evidence of life in Europe. The Moine Thrust, a major geological feature running 190 km from Loch Eriboll to the Isle of Skye, records a dramatic episode of crustal upheaval around 400 million years ago, when the continents of Laurentia and Baltica collided, closing the Iapetus Ocean. This event gave rise to the ‘Highlands Controversy’, a scientific debate that challenged existing geological theories and ultimately contributed to the understanding of thrust faulting. The region’s geology includes outstanding geosites such as the Old Man of Stoer and the Ben More Assynt caves, where formations shaped by glaciation, erosion, and tectonic movement are visible in the landscape. These features make the geopark a key site for understanding Earth’s ancient past and the development of geological science.","The North West Highlands UNESCO Global Geopark preserves and communicates a cultural landscape shaped by centuries of human struggle and adaptation. The Highland Clearances are recorded in the remains of stone walls, fences, and abandoned crofts. These sites, including those near Loch Inchard, show how small-scale farmers once lived from the land—fishing in lochs, cultivating fields, and using common grazing lands. Today, the geopark supports sustainable development through conservation, education, and geotourism. Tourism, particularly focused on the landscape and wildlife, is now the main industry in the region. Many residents are also employed in the public sector or in traditional livelihoods such as crofting, aquaculture, and fishing. Protected sites such as the Ben More Assynt caves attract visitors interested in subterranean environments, while features like the Bone Caves support education and scientific interest through the remains of long-extinct species.",“A fascinating story can be read in the landscape of North West Highlands”,ha,209337.0,3000,1.0,False,https://bioportalstprod.blob.core.windows.net/portal-media-public/GP/EUGB06/image/main/EUGB06_main.jpg,,http://www.nwhgeopark.com/,"58.298, -4.993",https://www.unesco.org/en/iggp/north-west-highlands-unesco-global-geopark
ea12c913-4105-5253-93e5-8a930dda39a6,EUGB07,Shetland UNESCO Global Geopark,GB,2015-01-01,"Visit the Eshaness Lighthouse, a beacon of history and a gateway to breathtaking panoramic vistas.Walk across the tombolo to St Ninian’s Isle, home to one of the most spectacular beaches in the region.Explore the dramatic Eshaness Cliffs, where ancient volcanic activity and relentless Atlantic waves have sculpted one of Britain’s most impressive coastal landscapes.","The Shetland UNESCO Global Geopark spans more than 500 million years of Earth’s history, offering a rare opportunity to observe a compact vertical section through ancient oceanic crust. The islands contain some of the best exposures of a volcano’s flank in the United Kingdom and feature one of Europe’s most prominent tectonic faults. The Shetland landscape has undergone extensive geological transformation, from tropical seas and volcanic activity to deserts, glacial ice ages, and ancient river systems. Visitors can explore this dynamic evolution by traversing oceanic crust, extinct volcano remnants, and shifting sand dunes—all within a single day. Sites such as the Eshaness Cliffs provide striking geological exposures and reveal the power of coastal erosion shaped by the North Atlantic. These cliffs, along with the surrounding terrain, demonstrate the interplay between geological processes and biodiversity, making the geopark a valuable site for education, conservation, and scientific research. The islands also host some of the earliest geological evidence of tectonic activity in Europe, offering valuable insights into the formation and movement of continents.","Tourism focused on landscape, wildlife, and heritage plays a vital role in the local economy of the Shetland Islands, complementing traditional livelihoods such as crofting, fishing, and aquaculture. The richness of the geology and geomorphology underpins the natural habitats and cultural heritage that shape life across the archipelago. From early settlement patterns that made use of fertile soils to the development of distinctive drystone building techniques in a treeless environment, geology has directly influenced human activity. The Shetland UNESCO Global Geopark contributes to community wellbeing by connecting residents and visitors to this deep relationship between people and place. Interpretation of key sites such as the Broch of Clickimin and the Jarlshof Prehistoric and Norse Settlement highlights thousands of years of occupation, from the arrival of the first settlers nearly 6,000 years ago to the Viking and Norse presence between the 8th and 15th centuries. More recently, Shetland’s geological location contributed to its role in the global energy industry with the development of the North Sea oilfields.","“Shetland's Volcano, active 395 million years ago, now forms one of the world's highest energy coast-lines at Eshaness”",ha,146800.0,23000,16.0,False,https://bioportalstprod.blob.core.windows.net/portal-media-public/GP/EUGB07/image/main/EUGB07_main.jpg,,http://www.shetlandamenity.org/geopark-shetland,"60.396, -1.253",https://www.unesco.org/en/iggp/shetland-unesco-global-geopark
36890301-f3da-5021-9c1a-e0efb7555149,EUIS01,Katla UNESCO Global Geopark,IS,2015-01-01,"Witness the northern lights between September and March.Visit the Icelandic Lava Show in the town of Vík, an exhibition where lava from the 1918 Katla eruption is re-melted and flows into the exhibition room.Hike the Fimmvörðuháls trail from Skógar to Þórsmörk and between the Eyjafjallajökull volcano and the Mýrdalsjökull ice cap.","Many of us have dreamt of setting foot on the Moon or Mars, yet only 12 humans have ever walked on another planet. There is, however, a place where you can explore landscapes that feel truly otherworldly: the Katla UNESCO Global Geopark. Although difficult for non-Icelanders to pronounce, Eyjafjallajökull is arguably one of the world’s most famous volcanoes—not for particularly spectacular eruptions, but for its 2010 eruption that grounded air travel, leaving thousands stranded in airports. However, it is its neighbouring volcano, Katla, capped by the Mýrdalsjökull ice sheet, that claims the title of one of Iceland's most dangerous and active volcanoes. With over 20 eruptions since Iceland’s settlement in the 9th century, Katla is a fitting (and more easily pronounceable) name for the geopark that sprawls across its slopes and dark valleys. Here, a dramatic palette of blacks and browns is softened by velvety green moss that blankets cooled lava flows, creating scenery worthy of fairytales. The Skaftáreldahraun geosite, where moss carpets dozens of square kilometres of pāhoehoe lavas, is particularly mesmerising. Despite being a relatively small country, Iceland is home to 30 different volcanic systems that have given rise to hundreds of volcanoes. While many, such as Helgafell, are now dormant, others like Katla, Eyjafjallajökull, and Hekla, located within the Katla UNESCO Global Geopark, remain active. This extraordinary volcanic landscape, responsible for roughly a third of the global lava output, is shaped by Iceland's unique position atop the Mid-Atlantic Ridge. This tectonic boundary, which separates the North American and Eurasian plates, is the world’s longest mountain range. At its axis, a deep rift valley allows magma from the mantle to emerge, reaching the sea floor, driving the plates apart at an average rate of 2.5 cm per year. The geopark is home to two of Iceland's most significant basaltic flood lava eruptions in recorded history. The Laki eruption (1783–1784) created the 27 km-long Lakagígar fissure, consisting of 130 massive craters, while the Eldgjá eruption (circa 938 AD) formed a stunning 50 km-long gorge, into which the Ófærufoss waterfall flows. These colossal eruptions were so impactful that they disrupted climate patterns from Europe to China. Along the coast, Reynisfjara’s dark sand beach, renowned for its striking columnar basalt formations, and the Dyrhólaey viewpoint, with panoramic vistas over its arched peninsula, are must-visit landmarks.","Located on Iceland’s south coast, Katla UNESCO Global Geopark is a hub for both traditional livelihoods and local enterprise. While agriculture has historically been the cornerstone, tourism has grown substantially, bringing new opportunities to the region. Local initiatives showcase the region's commitment to sustainability and innovation. For example, the Geo Schools project collaborates with primary schools to deliver geo-education, improving outdoor teaching skills and materials. Enterprises like the Katla Woolen Knitting Factory produce high-quality wool products using Icelandic wool, combining traditional techniques with modern craftsmanship. Similarly, Æsa's Jams, a local GEOfood-certified business, uses ingredients grown on volcanic soils to create syrups and jams. Citizen science plays an important role in connecting residents and visitors with environmental monitoring. Schoolchildren from Víkurskóli participate in regular beach profiling at Víkurfjara beach, collecting data on coastal erosion and learning research techniques such as GPS mapping, drone photography and sediment analysis. Visitors can also take part in citizen science expeditions, contributing to glacier monitoring and landscape change research across Mýrdalsjökull and nearby outlets. These initiatives enhance local understanding of climate and geological processes while providing valuable data to scientific research.",“The eruptions of Eldgjá in 934 and Laki in 1783 produced two of the biggest lava flows on Earth during the Holocene”,ha,954200.0,3350,0.2,False,https://bioportalstprod.blob.core.windows.net/portal-media-public/GP/EUIS01/image/main/EUIS01_main.jpg,https://www.youtube.com/watch?v=xxKUW4eu27c,http://www.katlageopark.com/,"63.952, -18.689",https://www.unesco.org/en/iggp/katla-unesco-global-geopark
e2f2a69d-29dc-5327-9d98-9dd8be5b7cb8,EUGR06,Grevena - Kozani UNESCO Global Geopark,GR,2021-01-01,"Discover the first identified ophiolites—sections of ancient seafloor uplifted above sea level—which played a key role in shaping the revolutionary scientific theory of plate tectonics.In August, several villages hold colourful and lively traditional festivals.During winter, enjoy skiing at the Vasilitsa National Ski Center.","In West Macedonia, between the towering Pindus Mountains to the west and the lower Vourinos-Vounassa range to the east, the Grevena-Kozani UNESCO Global Geopark feels like a place where time moves at its own unhurried pace. In this predominantly rural region of northern Greece, annual harvests are still celebrated, cattle grazes peacefully on the plains, and brown bears roam the primeval forests—home to some of the oldest trees in Europe. The geology of the region is complex, tracing back to a long-lost ocean that existed throughout much of the Mesozoic Era. This ancient ocean once lapped the shores of the supercontinent Pangea, stretching from what is now the western Mediterranean to eastern Asia. First described by Austrian geologist Eduard Suess, the ocean was appropriately named after the Greek mythological figure, Tethys, daughter of Uranus and Gaia, wife of Oceanus, and mother of all Earth's waters. Due to the forces of plate tectonics, a fragment of oceanic floor from this lost ocean was preserved. The Vourinos Ophiolite, first identified by Jan Brunn in the 1930s, is a sequence of rocks formed at the bottom of the Tethys Ocean and emplaced on the older European continental block. It was the first ophiolite ever recognised. Initially identified by Brunn and later studied by other geologists in the 1960s, these rocks were found to resemble those formed in spreading ridges—a groundbreaking discovery that gave strength to the theory of plate tectonics, that was still in discussion at the time. This unique rock formation is prominently visible along a roadcut leading to the Zavorda Monastery, a stunning Byzantine structure perched atop a cliff, offering panoramic views. Another captivating feature, the Rainbow Rocks, consists of highly folded sedimentary layers dating back 247–237 million years.&#160; The geopark is also famous for its cataclysmic canyons, such as the Portitsa Gorge, a narrow 300 m deep gorge thought to have been formed in just a few thousands of years when glacial meltwaters accumulated in an upstream lake. The lake eventually overflowed, rushing through a fracture in the rocks and carving the immense chasm. At the entrance to the gorge stands a beautifully crafted 18th-century stone bridge.","The human history of this region is intimately linked with its geological history, as its terrain and resources influenced the livelihoods and folklore of the West Macedonian people from the Paleolithic to the present day.&nbsp; In West Macedonia, dragon legends and the oral traditions of the Vlach people vividly connect the landscape to folklore. Glacial lakes are said to be filled with the tears of mourning mythical beasts, scattered boulders are seen as remnants of their battles, and the region’s long stone ridges, such as Baltses, are believed to be defeated dragons lying on their bellies having being slain by Hercules or St. George. Hellenistic and Byzantine archaeological sites, antique stone bridges, and traditional mountain villages highlight the region’s unique blend of natural and cultural significance. Its combination of stunning landforms, primeval forests, ancient woodlands, unspoiled biodiversity, and rich cultural heritage—shaped by its unique and rare geodiversity—offers an unparalleled geotourism experience.",,ha,248600.0,35263,12.0,False,,,,"40.084, 21.426",https://www.unesco.org/en/iggp/grevena-kozani-unesco-global-geopark
45eb5a26-56e6-573a-996e-4f83f9aefdcf,EUHR01,Papuk UNESCO Global Geopark,HR,2015-01-01,"The House of the Pannonian Sea is a recently renovated visitor centre in Velika that features one of Papuk’s most interesting geological stories, that of the long-gone Pannonian Sea.The Geo Info Centre in Voćin is the perfect starting point for getting to know the Papuk UNESCO Global Geopark through a multimedia and interactive exhibition.Explore over 200 km of marked hiking trails in Papuk, supported by a long mountaineering tradition, six hiking shelters, and an active network of 24 mountaineering association.","A two-and-a-half-hour drive from Zagreb takes visitors through the Sava River floodplain to Papuk UNESCO Global Geopark. The region of Slavonia is a fertile lowland that was once submerged beneath the Pannonian Sea, a shallow ancient lake that existed from about 10 million to 1 million years ago. This inland sea, part of the larger Paratethys system, formed when tectonic uplift of the Carpathian Mountains during the Miocene period (approximately 23 to 5 million years ago) isolated it from the ocean. Remnants of former islands in the Pannonian Sea are now the Pannonian Island Mountains, scattered across modern-day Croatia, Hungary, and Serbia. Among these is the Papuk Mountain—at 953 metres, the highest peak in Slavonia and the central feature of the geopark. Covered in dense beech and oak forest, Papuk is home to several endemic species that evolved in isolation when the mountain was once an island. The geopark preserves a geological record spanning more than 600 million years. In addition to an exceptional variety of ancient metamorphic and igneous rocks, the region features karst formations such as caves and sinkholes and fossil-rich sites like the Gornji Vrhovci geosite, which provides insight into life in the Pannonian Sea. Of particular significance are volcanic geosites such as Rupnica, a striking example of Late Cretaceous volcanism (around 100 to 66 million years ago). Its columnar basalt formations—created during the final collision of the African and Eurasian tectonic plates—make it the first designated geological monument in Croatia, protected since 1948.","Situated on the eastern edge of the Hallstatt cultural zone—the dominant cultural tradition of Western and Central Europe in the Late Bronze Age—the geopark contains the important archaeological site of Kaptol-Gradci. This site includes a hillfort and necropolis with approximately 25 tumuli uncovered to date. Among the burial objects discovered are rare examples of Greek-Illyrian and Corinthian helmets, marking the northernmost findings of their kind in Europe. One of the most unspoiled regions in Europe, Papuk is a haven for hikers and cyclists. The Papuk Long-Distance Trail spans 45 kilometres along the main ridge and serves as the central route where many other trails intersect or end. The surrounding villages of Velika, Kutjevo, and Jankovac serve as key access points and hubs for visitors exploring the region on foot or by bike.","“At first glance, the pillars at Rupnica appear made by man, yet they are the work of a cooling volcano”",ha,52400.0,13313,33.0,False,https://bioportalstprod.blob.core.windows.net/portal-media-public/GP/EUHR01/image/main/EUHR01_main.jpg,https://www.youtube.com/watch?v=NjYYNJbhvqQ,http://www.papukgeopark.com/,"45.507, 17.695",https://www.unesco.org/en/iggp/papuk-unesco-global-geopark
80588c29-5b7f-5f2d-94cd-e4b9cd123363,EUHU01,Bakony–Balaton UNESCO Global Geopark,HU,2015-01-01,"The Lake Cave, which extends for 13 km below the city of Tapolca, allows visitors to paddle the waters of an underground lake.The geopark boasts several Romanic and Gothic churches and defensive fortresses such as those of Veszprém and Palota. Whole streets of stone buildings with arched porches and stone castle fences have been preserved such as those of Magyarpolány, Vöröstó and Szigliget.Visit the curious ‘seas of stones’ around the Káli Basin.","Lake Balaton, in the Bakony-Balaton UNESCO Global Geopark in western Hungary, has been a magnet for visitors since the late 19th century, for its rolling hills and Mediterranean atmosphere. Despite its well-established tourism industry, the lake and its surrounding Bakony Mountains, Balaton Uplands, and Keszthely Mountains offer plenty of hidden treasures to explore. The largest lake in central Europe at 77 kilometres long, Lake Balaton is relatively young, formed around 5,000 years ago when erosion broke down ridges that once separated smaller lakes. The surrounding region showcases a rich geological history, with rocks dating from the Ordovician period (485–419 million years ago) to the Quaternary period (2.5 million years ago to the present). This diverse landscape, shaped by sedimentary, volcanic and erosional processes, supports ecosystems ranging from marshlands and agricultural plains to broad-leaved forests, particularly in the higher elevations of the Bakony range. In the Upper Balaton region, the Káli Basin is one of the area’s crown jewels. Its landscape is dotted with large, silicified sandstone boulders, and charming villages like Salföld, Balatonhenye, and Monoszló which are well worth exploring. Near Monoszló, on the northern slope of the Hegyestű butte, decades of quarrying have uncovered the interior of an ancient volcano, revealing striking columnar basalt formations. Across the geopark, approximately 50 volcanoes were active between 8 and 2.3 million years ago, shaping the region’s isolated mounds and contributing to its fertile soils. The geopark’s geoheritage extends beyond its volcanic landscape, featuring a mosaic of 172 different rock formations, with karstified limestones playing an important role. The Lake Cave and the Tapolca Visitor Centre are outstanding demonstrations of the power of water over millions of years. This 12-kilometre-long thermal water maze lies directly beneath the town of Tapolca, offering visitors the chance to journey through its crystal-clear waters in small boats which appear to float in the void.&nbsp;","The Bakony–Balaton UNESCO Global Geopark provides a rich geotourism offering with a strong emphasis on interpretation and education. Seven visitor sites, ten nature trails and caving tours offer ways to discover the geopark’s geological heritage. Educational initiatives are central to the geopark’s mission. Since 2008, the annual ‘Bakony–Balaton Geopark Contest’ has engaged students from the region, fostering a deep connection to geological heritage. The geopark’s fertile volcanic soils, combined with the mild climate and humidity from Lake Balaton, create ideal conditions for viticulture (winegrowing). The region is home to six distinct wine districts, each with distinct flavours and characteristics.&nbsp; Cultural heritage in the geopark dates back to the 10th century, with Romanesque and Gothic churches in Litér, Szentkirályszabadja, Vörösberény, and Nagyvázsony, alongside monasteries in Tihany, Bakonybél, Monostorapáti, Zirc, Nagyvázsony, and Salföld. Defensive fortresses such as those in Veszprém and Palota further enrich the region’s historical significance. Adding to this rich heritage, many of the geopark’s villages feature dry-stone architecture, a construction style almost unique in the Carpathian Basin, where wood and earth walls are typically used. Streets of stone buildings with arched porches and stone castle fences, preserved in places like Magyarpolány, Vöröstó, and Szigliget, offer visitors a glimpse into this unique architectural tradition.&nbsp;",“A geological–geomorphological mosaic”,ha,324400.0,322195,97.0,False,https://bioportalstprod.blob.core.windows.net/portal-media-public/GP/EUHU01/image/main/EUHU01_main.jpg,,https://www.geopark.hu,"47.049, 17.696",https://www.unesco.org/en/iggp/bakony-balaton-unesco-global-geopark
d7e153e4-4ef1-56e9-beaa-f976872ea5cd,EUIT02,Apuan Alps UNESCO Global Geopark,IT,2015-01-01,"The Apuan Alps are characterised by their towering peaks, reaching elevations of over 2,000 m. Monte Pisanino, the highest in the range, offers breathtaking panoramic views.The area is renowned for its rich marble deposits quarried for centuries.The Alps are home to a network of caves, including Grotta del Vento and Antro del Corchia, where stalactites, stalagmites, and underground rivers can be explored.","Famed for the beauty of its white marble, quarried since Etrurian times (8th–3rd centuries BCE) and used by Renaissance artists such as Donatello and Michelangelo, the Apuan Alps (Alpi Apuane) form a rugged mountain range in Tuscany, Italy. Part of the northern Apennines, the area is known for hiking, rock climbing, scenic drives and picturesque towns. Located in north-western Tuscany, the Apuan Alps are a geological complex known worldwide for their marble, deep karst cavities, and extensive cave systems. The geopark covers the entire territory of the Apuan Alps Regional Park and includes high mountain slopes such as Monte Pisanino (1,947 m), down to the lower valleys of the Frigido River near Massa. More than 250 geosites testify to the outstanding geodiversity of the geopark. Outstanding geosites include the Corchia Underground System and the Equi Terme Park, which integrate tourist attractions such as quicksilver mines, underground quarries, museums, speleological trails, palaeontological sites, and thermal springs. The Apuan Alps host 19 of Italy’s 50 deepest caves and 8 of its 50 longest karst cavities. The geopark holds national records: Abisso Paolo Roversi (Paolo Roversi Abyss) has the greatest height difference (1,350 m), and Antro del Corchia is the longest karst complex in Italy (approximately 53 km). So far, over a thousand karst caves have been identified. Tourist-accessible caves include Grotta del Vento, Antro del Corchia, and Buca di Equi. Exploring these caves offers a rare opportunity to experience the underground landscape while supporting its protection.","The Apuan region is widely recognised for its historical and cultural significance in ornamental stone quarrying, especially marble. Extraction began with the Etrurian populations in the 6th century BCE, making it the longest-running quarrying activity in the world. During the Roman Empire, Apuan marble, known as Lunense marble, was widely used in sculptures and as a construction material for monuments across the Western provinces. In the Renaissance period, demand surged, drawing artists such as Michelangelo to extract the prized white marble. The region’s quarrying heritage, technical expertise, and the fame of its stone have shaped its identity. The legacy is visible in surviving blocks, artefacts, and remnants of ancient quarries that still mark the landscape. Despite modern challenges, the Apuan Alps remain a symbol of the enduring connection between human craftsmanship and geological resources. The Apuan Alps Park Authority runs an annual educational programme titled Tra ambiente e tradizione: conoscere, sapere e fare (Between Environment and Tradition: Knowledge, Skills, and Actions), for primary and secondary schools both within and beyond the protected area. The initiative combines classroom learning with guided excursions led by the geopark&#39;s tour guides, offering students an immersive introduction to the region’s geological and cultural heritage. Activities include programmes such as Alla scoperta dei geositi apuani (Discovering Apuan Geosites) and Vivere il Parco (Living the Park), focusing on landscapes, biodiversity, and geodiversity. The programme also features a creative competition, Il Parco nel quaderno (The Park in the Exercise Book), which invites students to create stories, drawings, or poems inspired by the Park.",“The most beautiful marble mountains of the world.”,ha,49400.0,15849,33.0,False,https://bioportalstprod.blob.core.windows.net/portal-media-public/GP/EUIT02/image/main/EUIT02_main.jpg,https://www.youtube.com/watch?v=WHp7sLuVe-k,https://www.apuanegeopark.it,"44.067, 10.251",https://www.unesco.org/en/iggp/apuan-alps-unesco-global-geopark
1bd87227-3575-5ef9-b36a-5d989350b715,EUIT03,Beigua UNESCO Global Geopark,IT,2015-01-01,"The town of Sassello, with its medieval architecture and narrow cobblestone streets, exudes a timeless charm.The Abbey of Tiglieto, a medieval monastery nestled in a tranquil valley, stands as a testament to the region's religious heritage.","Located between the low-altitude Beigua Mountains and the Mediterranean Sea, the Beigua UNESCO Global Geopark in Liguria, just west of Genova, is home to a unique geological heritage. It preserves a fragment of oceanic lithosphere from the Jurassic Period (201.3 to 145 million years ago), when the Tethys Ocean covered the region. The lherzolites of Lago dei Gulli and the metamorphic gabbros and serpentinites found along the path between Varazze and Cogoleto are just two examples of rocks that once formed the ocean floor. The geopark also offers insight into the peculiar landforms shaped at the southern edge of Ice Age glaciers—such as the Laione blockstreams and the Pratorotondo blockfields—as well as evidence of past sea level fluctuations visible on the marine terraces of Varazze and in the striking canyons of Val Gargassa. Beigua is one of Liguria’s richest areas for biodiversity and is home to three Special Areas of Conservation (SAC) and a Special Protection Area (SPA) designated under European Union conservation directives. The geopark supports a wide range of wildlife, including over 80 bird species such as the short-toed eagle, golden eagle, and eagle owl. Wolves inhabit its remote areas, and whales can occasionally be observed off the coastal cliffs. Endemic plant species such as Viola bertolonii and Asplenium cuneifolium thrive in the park, alongside species like the Montpellier snake and Alpine newt. The Deiva, Lerone, and Tiglieto State Regional Forests within the park are also home to Ligurian Apennine wildlife, including wild boar, roe deer, and fallow deer.","The Beigua UNESCO Global Geopark offers a wide range of geotourism opportunities, inviting visitors to explore its diverse landscapes and cultural heritage. With trails through the Ligurian Apennines, the park provides an outdoor haven for sports enthusiasts and nature lovers. Visitors can enjoy birdwatching, cycling routes, and hiking itineraries while learning about the area’s geology and biodiversity. Visitor centres, historical heritage sites, and museums further showcase the region’s artistic and cultural legacy. The geopark plays a vital role in supporting local communities by promoting traditional products, crafts, and industries rooted in the region’s natural and cultural heritage. The park’s “Naturally Tasty” label highlights fresh and processed products from the Beigua area—such as cheeses, sausages, baked goods, and preserves—that reflect both biodiversity and culinary tradition. Local specialities include the famous amaretti of Sassello (traditional almond-based cookies), crumiri of Masone (a type of shortbread biscuit), locally processed meats, berries, chestnuts, mushrooms, fruit jams, and a variety of honeys. Special initiatives also support beekeeping, including the &quot;Mieli dei Parchi della Liguria&quot; contest celebrating regional honey varieties. Traditional crafts are equally important in shaping local identity. In Campo Ligure, the ancient art of filigree continues, with artisans creating intricate gold and silver designs showcased in the town’s Filigree Museum. In Masone, cutlery heritage is preserved through the Masunin, a traditional knife with a handcrafted wooden handle originally designed for forestry and agricultural work. Through these initiatives, the geopark fosters sustainable development, preserves local traditions, and enhances the livelihoods of its communities.","“Discovering Earth Heritage, enjoying nature and local traditions”",ha,43247.0,107901,253.0,False,https://bioportalstprod.blob.core.windows.net/portal-media-public/GP/EUIT03/image/main/EUIT03_main.jpg,https://www.youtube.com/watch?v=ht8bGwGzszc,https://www.parcobeigua.it,"44.466, 8.605",https://www.unesco.org/en/iggp/beigua-unesco-global-geopark
cc706c16-603d-5fa4-9786-89c4ad2646ce,EUIT04,"Cilento, Vallo di Diano e Alburni UNESCO Global Geopark",IT,2015-01-01,"Don’t miss the villages of Agropoli, with its stunning beaches and medieval hilltop castle; Camerota, known for its pristine coves and natural beauty; and Teggiano, a perfectly preserved medieval town rich in history and cultural festivals.Explore the coast with Capo Palinuro, renowned for its dramatic cliffs and sea caves; Pozzallo Beach, a secluded paradise with crystal-clear waters; and the Santa Maria di Castellabate Marine Protected Area, celebrated for its rich marine biodiversity and pristine snorkelling spots.","In southern Italy, the Cilento, Vallo di Diano and Alburni UNESCO Global Geopark combines the Mediterranean character of its sun-drenched beaches and pastel-coloured fishing villages with the rugged interior of its limestone massifs. Two hours south of Salerno, the Cilento, Vallo di Diano and Alburni National Park is a region of contrasts. In the north stands Mount Alburni, where medieval villages sit on the edge of massive limestone cliffs overlooking vast forests. Central features include Mount Cervati and Mount Gelbison, while Mount Bulgheria to the south and Mount Stella to the west open toward the Tyrrhenian Sea and the picturesque villages nestled in small bays. This varied morphology, part of the second-largest national park in Italy, supports a unique natural and cultural heritage. It holds three UNESCO designations: UNESCO Global Geopark, UNESCO Biosphere Reserve, and World Heritage Site. Integrated into the UNESCO World Network of Biosphere Reserves since 1997, the designation helps to protect this predominantly rural area, where more than 70% of the territory is covered by Mediterranean forest. It is home to several threatened European species, including the otter, the Apennine wolf, and the Italian roe deer, alongside dozens of rare plants such as Primula palinuri. Part of the Southern Apennines fold-and-thrust belt—formed between the Late Cretaceous (145–66 million years ago) and the Pleistocene (2.58–0.0117 million years ago)—the geopark is known for its karstic features and numerous caves. These include Cala and Serratura near Marina di Camerota, as well as Castelcivita-Ausino, Pertosa, Polla, Sassano, and Vallicelli in the interior mountainous zone. The geopark is also home to a unique example of an underground river in the karstic area of Mount Pannello. Here, the Bussento River plunges into a ponor—a natural opening in the rock face—only to resurface 2 km downstream near the village of Morigerati on the opposite side of the mountain.","With evidence of human occupation dating back 250,000 years, Cilento has hosted Neolithic farmers, Bronze and Iron Age societies, Etruscans, Greek colonists, Lucanians, and, eventually, the Roman Empire. The region’s cultural landscape is of immense value. Its World Heritage Site designation includes sanctuaries and settlements in the mountains, the two major archaeological sites of Paestum and Velia, and the Certosa di Padula—the largest Carthusian monastery in Italy. In Teggiano, visitors can follow the Itinerary of the 13 Churches, featuring works by artists such as Tino da Camaino and Andrea da Salerno. This medieval citadel, part of the UNESCO World Heritage designation, also reflects its political and military past through sites like the Sanseverino Castle and the Roman Oppidum layout. The complex of SS. Pietà, with its frescoed cloister and historic stone well, is another important site. In Ascea, the archaeological site of Velia tells the story of an ancient city founded in the 6th century BCE by Phocaean settlers. Velia became both a commercial hub and a centre of philosophical thought, home to the Eleatic School led by Parmenides and Zeno. Visitors can explore the well-preserved Porta Rosa, the theatre, and the Ionic temple, set against the natural beauty of the Tyrrhenian coast. Together, Teggiano and Velia exemplify the region’s rich blend of art, history, and cultural legacy. The geopark’s environmental education programme engages schools each year to raise awareness about biodiversity, geodiversity, and sustainable development. Through excursions, themed learning modules, and direct experiences in the landscape, young people gain a deeper appreciation for their environment. The park also runs a dedicated Award for Students, supporting visits to geosites and museums to strengthen youth engagement with this remarkable UNESCO Global Geopark.",“The Geopark constitutes a real living landscape that plays an active role in contemporary society”,ha,181000.0,270000,147.0,False,https://bioportalstprod.blob.core.windows.net/portal-media-public/GP/EUIT04/image/main/EUIT04_main.jpg,https://www.youtube.com/watch?v=UIhcpB-x6GY,https://www.cilentoediano.it,"40.285, 15.313",https://www.unesco.org/en/iggp/cilento-vallo-di-diano-e-alburni-unesco-global-geopark
ffc56bc8-56c5-5b86-844b-b18dfaf55e1c,NACA01,Cliffs of Fundy UNESCO Global Geopark,CA,2020-01-01,"Learn about copper and semi-precious stone deposits, including agate and amethyst, found in the basalt cliffs of Cape D’Or, formed by ancient lava flows.Taste local dulse, a hand-harvested dried seaweed unique to the Bay of Fundy, with flavour that varies depending on where it was picked.Visit the Fundy Geological Museum to see some of the oldest dinosaur bones in Canada and learn about the ancient creatures that once lived in the region.","When talking about the Cliffs of Fundy UNESCO Global Geopark, located on the north shore of the Bay of Fundy in Nova Scotia, one aspect stands out for its dramatic impact on the landscape: the Bay of Fundy tides. The geopark’s shores experience the highest tides in the world, with tidal differences reaching an astonishing 16 metres. These tides have a characteristic oscillation where water sloshes back and forth. The Bay’s funnel shape, 16,000 km² area, and depths of up to 200 metres align closely with the Atlantic Ocean’s tidal period of about 12 to 13 hours. This near-perfect synchrony creates a powerful tidal resonance, amplifying the tidal range and shaping the region’s rugged appearance. Alongside other erosion agents, these tides have carved cliffs that expose remarkable geological features, including the Cobequid Fault—an ancient fault zone that recorded both the assembly and breakup of the supercontinent Pangea. Around 300 million years ago, during the formation of Pangea, long-lost continents collided, driven by tectonic forces that still move Earth’s plates today. The Cobequid Fault, active at the time and comparable to the modern San Andreas Fault, marked this collision zone. It was reactivated more than 100 million years later, when Pangea began to break apart. At that time, the region lay near the equator and experienced a dry, warm climate. As Pangea fragmented at the end of the Triassic Period (around 200 million years ago), massive volcanic eruptions released lava and gases—including carbon dioxide, sulphur, and methane—that triggered global climate changes. These changes led to the extinction of about 76 percent of marine and terrestrial species, opening the way for dinosaurs to dominate for the next 135 million years. This event is well preserved in the basalt islands and headlands of the Cliffs of Fundy, particularly the Old Wife at Five Islands Provincial Park. This internationally significant geosite is one of the world’s clearest examples of the massive volcanic activity that preceded the rise of the dinosaurs. Here, contrasting bright red sandstones emerge through dark alluvial fans from the overlying basalt, offering one of the most striking views in the geopark.","The Cliffs of Fundy are part of the ancestral and unceded territory of the Mi&#39;kmaq people. Present-day communities live just outside the geopark. Within the geopark, the Mi&#39;kmawey Debert Geosite represents the oldest known human settlement in eastern North America, dating to between 11,000 and 14,000 years BP. The Mi&#39;kmawey hold a rich tradition of timeless stories, including that of Kluskap, a powerful mystical being credited with creating landscape features across Quebec, New Brunswick, Nova Scotia, and Cape Breton Island. Kluskap created turtles, crabs, and leeches, removed the noses of porcupines and toads, and gave beavers their distinctive tails. One day, annoyed by a mischievous rodent that kept building dams threatening the Mi’kmawey’s lands, Kluskap flung huge sods of earth toward it, forming the Five Islands—a group of five basaltic islands in the Bay of Fundy. Trail systems in Cape Chignecto Provincial Park are both exceptional and challenging, though the breathtaking views of geosites along the Watsonville Trail are highly accessible. Trails are also well developed in the Kenomee Wilderness Area and at Five Islands Provincial Park.",,ha,254600.0,6500,2.0,False,https://bioportalstprod.blob.core.windows.net/portal-media-public/GP/NACA01/image/main/NACA01_main.jpg,,,"45.416, -64.212",https://www.unesco.org/en/iggp/cliffs-fundy-unesco-global-geopark
da941d78-a9b6-5041-8c1c-52f189c32d18,EUIT10,Tuscan Mining Park UNESCO Global Geopark,IT,2015-01-01,"Visit the museum in Gavorrano, housed in the “riservetta”—a former explosives warehouse—offering a vivid reconstruction of mining life and working conditions.Experience geothermal activity first-hand at the Biancane Geosite, where hot hydrothermal fluids, sulphur vents, and mud pools shape a unique landscape.Walk the &quot;Via delle Città Etrusche&quot;, a 173 km network of trails linking archaeological sites, medieval towns, and ancient Etruscan roads across the Metalliferous Hills.","Exploitation of mineral resources is as old as humanity itself. It was through mining the Earth that our species transitioned from the Stone Age to the Bronze and Iron Ages and eventually powered the furnaces that transformed industrial society. In the Tuscan Mining UNESCO Global Geopark, thousands of years of mining heritage attest to that story—and much more. Known locally as the Parco Nazionale delle Colline Metallifere Grossetane (National Park of the Metalliferous Hills Grossetane), the geopark stretches from the Mediterranean coast of the Gulf of Follonica—once home to the legendary Ilva steelworks—to the wooded interior of Montieri, more than 30 km inland. Between them lie the rolling hills of Tuscany and six municipalities, including Massa Marittima, the region’s most influential centre, enclosed within its medieval walls atop an isolated hill. This extraordinary natural richness was forged over hundreds of millions of years of geological activity. It began with the deposition of Carboniferous (358.9–298.9 million years ago) sediments, originating in vast swamp forests that would later yield coal deposits, including lignite mined in the geopark’s territory. The story continues through the formation of the Apennines and the opening of the Tyrrhenian Sea in the Miocene (23–5.3 million years ago.) As magma rose through the crust, hydrothermal fluids deposited minerals within the rocks—traces of which are still visible at the Biancane Geosite, where high-temperature (approx. 150°C) hydrothermal liquids rise to the surface, forming sulphur vents, mud pools, and a distinctive surrounding flora.","From Neolithic jasper quarrying at the La Pietra geosite to the industrial-scale mining projects of the 20th century, the Metalliferous Hills have long been a source of metals and materials—copper, iron, aluminium, coal—powering Italy’s development until the 1990s. Etruscans, Romans, and later medieval and Renaissance societies relied on these resources to produce tools, weapons, currency, and the very stones used to build Tuscany’s iconic hill towns. The geothermal energy flowing at the Biancane Geosite has also shaped local livelihoods. Since the 18th century, it has been tapped for boron extraction—a vital industrial element—and is now used to generate electricity that supports local food production, including cheese-making. The site is also home to MUBIA, the Geomuseum of the Biancane, which provides an interactive overview of how Earth’s natural heat and mineral wealth can be harnessed sustainably. The Via delle Città Etrusche is a pioneering initiative redefining slow and sustainable tourism in the Maremma region. This 173 km trail network connects the Etruscan cities of Vetulonia, Roselle, Populonia, and Volterra. By restoring ancient paths and linking archaeological sites, medieval villages, and cultural itineraries such as the Via Clodia and Via Francigena, it offers accessible routes for walkers, cyclists, and horseback riders. The park also thrives as a centre for sustainable agriculture and local innovation. Producers like Saba Formaggi in Cura Nuova are celebrated for their pecorino and caprino cheeses. In collaboration with the University of Pisa, they are developing new pecorino varieties aimed at reducing &quot;bad&quot; cholesterol. This intersection of science, tradition, and high-quality food production exemplifies the geopark’s role in nurturing resilient, sustainable rural communities.","“The Geopark is one of the most important mining district in Italy. Mining has been carried out for 3,000 years”",ha,108700.0,52089,39.0,False,,https://www.youtube.com/watch?v=2DTb9v45Ljk,https://www.parcocollinemetallifere.it,"43.046, 10.971",https://www.unesco.org/en/iggp/tuscan-mining-park-unesco-global-geopark
b62b3d14-66e6-5089-b4a1-e531e93f4d94,EUIT11,Aspromonte UNESCO Global Geopark,IT,2021-01-01,"Explore the Marine Terraces of Gambarie, high-altitude beaches formed 1.8 million years ago, shaped by glacial movements and tectonic uplift, reaching 1,350 metres above sea level.Connect with the Aspromonte’s Greek-Calabrian heritage through the ancient Grecanico language, the Museum of Ancient Greek Language in Bova, and vibrant cultural rituals like the Persephone celebration in Gallicianò.Visit the Mammola fossil forest, where fossilised trees provide a rare glimpse into Aspromonte’s prehistoric biodiversity and geological history.","Located on the southern tip of Calabria, Italy, the Aspromonte UNESCO Global Geopark is a mountainous region defined by a complex mix of geological formations, predominantly composed of Paleozoic metamorphic rocks such as schists, gneisses, and marbles, formed between 540 and 250 million years ago. The geopark provides valuable insights into Earth’s history, including the evolution of the Apennine chain and the formation of the Mediterranean Sea. It is home to numerous geological features of scientific and cultural importance, including the San Lorenzo and Gambarie marble quarries, the Amendolea river canyon, the Stilaro river springs, and the Mammola fossil forest. The park also features mixed forests of holm oak, fir, and larch, thriving alongside unique geological formations such as Woodwardia radicans, a rare prehistoric fern. Protected areas—including the southernmost UNESCO World Heritage Beech Forest and multiple Natura 2000 sites—highlight the park’s ecological importance. The park’s rangers play a key role in maintaining these landscapes and ensuring the conservation of natural heritage. Aspromonte’s main geological peculiarity lies in its geodynamic and seismotectonic history. As part of the Calabrian-Peloritani Arc (OCP), this southern peninsular fragment represents a unique segment of the Alpine chain. It detached from regions including Spain, northwest Italy, Sardinia, and Corsica due to the opening of the Ligurian-Piedmontese Basin and the Tyrrhenian Sea. Overridden by the nascent Apennine Chain in the lower Miocene, it forms a rare geological system that is ancient yet still evolving. The region’s geological heritage includes crystalline-metamorphic rocks, plateaux, terraces, landslides, deep gravitational deformations, rivers, waterfalls, and remarkable geomorphological features such as the Rocche and Pietre.","The Aspromonte Geopark celebrates its deep-rooted Greek-Calabrian culture, where the ancient Grecanico language survives among approximately 1,000 speakers. Recognised as a protected minority language under Italian law, the geopark helps preserve this heritage through trilingual signage, the Museum of Ancient Greek Language in Bova, and events such as the Persephone ritual in Gallicianò, accompanied by music, food, and local traditions. Cultural exchanges with Greek-speaking communities in Athens and Macedonia further reinforce this living legacy. The geopark’s diverse geotourism offerings provide experiences for every type of visitor. From panoramic walking routes and serene forests to adventurous activities like canyoning, sport climbing, and canoeing, there is something for everyone. Horse-riding and cultural tours add further depth to the visitor experience. Local food and wine traditions reflect the hospitality and heritage of Aspromonte’s communities, offering flavours deeply connected to the land. Educational initiatives engage children with the geological and cultural wealth of their region, fostering stewardship among younger generations. The geopark also works with universities and research institutions to study key features such as the Montalto Shear Zone, marine terraces, and the Calabrian-Peloritan Orogen. These collaborations promote scientific discovery, environmental education, and the continued transmission of knowledge, ensuring the geopark’s legacy for the future.",,ha,64541.0,256087,416.0,False,https://bioportalstprod.blob.core.windows.net/portal-media-public/GP/EUIT11/image/main/EUIT11_main.png,,,"38.183, 16.003",https://www.unesco.org/en/iggp/aspromonte-unesco-global-geopark
f6a95662-9e63-5ae7-9b2e-1fc78317d2f6,EUNO01,Gea Norvegica UNESCO Global Geopark,NO,2015-01-01,"Discover rich Viking history including the oldest trading town in Norway, Kaupang, and the traces of one of the three large Viking ships in Norway (Klåstad skipet).The Norwegian Coastal Trail follows the coastline and is part of the Norwegian Trekking Association's extensive network of trails and ski routes, offering year-round opportunities for exploration and adventure.","The Gea Norvegica UNESCO Global Geopark in southeastern Norway was the first in Scandinavia; it is named after one of the first books describing the geology of the area in 1838. Gea Norvegica means ‘the part of the Earth belonging to Norway.’&nbsp; This geopark tells a 1.5-billion-year story, from a time when Scandinavia was at the opposite pole to the most recent erosional landforms carved by the ice age glaciers. In between, the long path of the Baltica tectonic plate, where Norway sits, has left traces of mountain chains, tropical seas, intense volcanism, and even continental break-up—an immense geological heritage found in the geopark’s geosites.&nbsp; Two remarkable sites, Jomfruland and Mølen, stand as testaments to the region’s geological history. Jomfruland, an enchanting island of cobblestone beaches, showcases the remnants of the Younger Dryas Era moraine—the last major abrupt climate change event of the last deglaciation, occurring 12,900–11,700 years ago. Mølen reveals a treasure trove of Iron Age and Viking Age graves and relics. Further into the geopark, the Fen volcanic complex near Ulefoss and the renowned Telemark Canal await discovery. The Fen Volcano, active approximately 580 million years ago, now exists only as remnants along the shores of Lake Norsjø, including the deep parts of the volcano and the system of pipes and conduits that once connected to the magma chamber, as well as various rocks altered by eruptions and deep geological processes. In 1921, renowned Norwegian geologist Waldemar C. Brøgger published a groundbreaking work suggesting that certain rare limestones formed directly in a magma chamber and that their unique chemical composition results from volcanism. One enduring example is the white magmatic rock known as Søvite, named after the local farm Søve. Søvite’s carbonate composition and ease of use made it a favoured material for buildings, including many medieval churches. The Fen area holds special significance as the birthplace of the discovery of carbonatite volcanoes. Consequently, it is considered the world’s key locality for rocks like fenite (named after Fen), søvite, and damtjernite, as well as the geological process known as fenitization. Currently, the only active carbonatite volcano in the world is the Ol Doinyo Lengai in the Ngorongoro Lengai UNESCO Global Geopark.","The Gea Norvegica UNESCO Global Geopark encompasses eight municipalities across two counties that collectively own and manage the geopark, fostering cooperation in education, sustainable development, and cultural preservation. Despite Norway’s strong reliance on geological resources like petroleum,&nbsp; public knowledge of geological heritage remains limited, making education a core focus of the geopark. Within the geopark, more than 100 schools and numerous kindergartens benefit from teaching materials, lessons, and field trips provided by the geopark staff, including activities that explore key sites like Fen and its volcanic heritage. Students can learn about ancient geological processes, such as those that formed Søvite and rhomb porphyries, or visit sites like Kjærra Fossepark to discover ancient salmon fishing techniques alongside a 90-meter geological timeline. Partnerships with universities and local communities further enhance learning opportunities, fostering deeper understanding and appreciation of the region’s geological and cultural significance.",“The long and diverse geological history in Scandinavia's first Geopark”,ha,445000.0,165000,55.0,False,https://bioportalstprod.blob.core.windows.net/portal-media-public/GP/EUNO01/image/main/EUNO01_main.jpg,,http://www.geoparken.com/,"59.067, 9.613",https://www.unesco.org/en/iggp/gea-norvegica-unesco-global-geopark
80f035d6-1153-5476-bbc3-631d2f25653e,EUPT02,Arouca UNESCO Global Geopark,PT,2015-01-01,"The Senhora da Mó panoramic geosite is one of the viewpoints of the Arouca geopark, located high above the town of Arouca. At its highest point stands a chapel believed to date back to the 16th century.The celebration in honour of Nossa Senhora da Mó, considered in Arouca as the patroness of the fields, the crops and the animals, and protectress against droughts and thunderstorms, takes place every year on September 7th and 8th.The Geological Interpretative Centre of Canelas (CIGC) displays some of the most impressive specimens of giant trilobites from the Middle Ordovician.","Some 60 km southeast of Porto, in the heart of the Aveiro district in northern Portugal, Arouca is a small but lively town surrounded by verdant deep valleys. Despite is small size, Arouca UNESCO Global Geopark is a true wonder. Here, one can find some of the largest trilobites ever to be found on the geological record, rocks that give birth, one of the longest pedestrian suspension bridges in the world and an incredible network of wooden walkways that winds through the Paiva River gorge – one of the wildest rivers in Europe -&nbsp; where stunning waterfalls and raging rapids attract hundreds of thrill-seeking visitors every year.&nbsp; With over 20,000 species and having lived for nearly 300 million years, trilobites, an extinct marine arthropod, are amongst the most successful groups of organisms to have lived on Earth.&nbsp; At the Arouca UNESCO Global Geopark, their fossils are the largest to have been discovered and the rock formation where they are found is one of the most prolific in the world. The Geological Interpretative Center of Canelas, also known as the Trilobite Museum, provides a window into a past when the continents were gathered in the supercontinent Pangea. Most of the trilobites from Arouca come from the “Canelas Quarry,” a slate quarry that has been in operation since 1820 providing high-quality slate to be used in roofing and wall tiling around the world.&nbsp; Known by geologists as “nodular granite of Castanheira,” the “Pedras Parideiras” (birthing stones) is a granite outcrop with a very special and rare characteristic: its mineral composition contains an outstanding amount of biotite nodules, small, round and dark spherical structures formed in very specific conditions of magma cooling. Exposed to the elements for millennia, expanding in the scorching summer heat and freezing during the winter months, the nodules break free from the host rock leaving a concave space in their place, a rock birthing a stone. The phenomena, unique in the world, is involved in a fertility myth dating back to the Bronze age. According to legend, Pedras Parideiras have the power to help couples conceive a child. To work, one must sleep with one of the baby stones – a biotite nodule - under the pillow. By the 1990s the myth had spread throughout Portugal and abroad and the birthing stones of Arouca had been almost completely plundered of their baby nodules. The geopark was crucial in protecting this valuable geological heritage.&nbsp;","The region’s archaeological, historical, and mining legacy—including Neolithic graves, Roman and Medieval ruins, the Arouca Monastery, and the abandoned tungsten mines of Regoufe and Rio de Frades—serves as a foundation for educational and tourism programmes that highlight the area&#39;s historical significance and attract visitors year-round. Arouca&#39;s culinary heritage is deeply rooted in local traditions, with cuisine based on the indigenous cattle breed, Arouquesa beef, and convent pastries that trace their origins back to the 10th-century foundation of the Arouca Monastery. Traditional flavours are celebrated through events such as the Feira das Colheitas (Harvest Festival), which showcases products like chestnuts and mushrooms. Geotourism activities, including rafting, canoeing, canyoning, rock climbing, and the extensive network of walking trails, allow visitors to explore Arouca’s diverse landscapes and geosites while experiencing the region&#39;s unique cultural traditions and engaging with the local community.",“Motherland of the biggest trilobites in the world”,ha,32800.0,22359,68.0,False,https://bioportalstprod.blob.core.windows.net/portal-media-public/GP/EUPT02/image/main/EUPT02_main.jpg,https://www.youtube.com/watch?v=AxSFcWBB3NI,http://www.aroucageopark.pt/en/,"40.928, -8.256",https://www.unesco.org/en/iggp/arouca-unesco-global-geopark
9bb0dc06-0e2b-5970-89fd-ddac133ca64d,EUPT03,Estrela UNESCO Global Geopark,PT,2020-01-01,"The Interpretative Centre of Zêzere Glacial Valley is a dedicated hub that provides insights into the rich geological history of the region, emphasising the significance of the glacial valley.The region boasts a collection of significant military monuments, with castles taking centre stage. Among them, the 13th-century Belmonte Castle stands out as a prominent attraction, along with the 12th-century castles of Celorico, Linhares da Beira, Guarda, Avô, and Folgosinho.","In East Central Portugal, amongst massive granite boulders of quirky shapes that defy imagination, Estrela UNESCO Global Geopark is a slow-paced region where sheep still graze the land, followed from afar by lone shepherds and their faithful Estrela Mountain Dogs.&nbsp; With a geological history of more than 541 million years, the present-day landforms are the result of an intense phase of uplift in the Miocene (23-5 million years ago) which exposed the ancient granites, and which was key for the development of extensive glaciers that carved the landscape into what it is today. During the Last Glacial Maximum, about 20,000 years ago, when the global sea level was more than 120 metres lower than it is today and glaciers occupied nearly 8% of Earth&#39;s surface, the region was covered by a glacier with an estimated area of 66 km2. At the time, the 90m-thick ice fed several glacial valleys, of which the Zêzere Valley, an almost perfect U-shaped gorge, was the longest.&nbsp; Estrela’s impressive naked walls of granite are an almost constant presence throughout the geopark’s trails. These form a network of more than 60 trails that cross the territory, treading together over 1000 km. From the piedmonts and valleys to the summit of Estrela Mountain, visitors can explore the Lagoa Seca moraine fields between the Zêzere and Beijames valleys, the granite columns of Covão do Boi watched over by the 7-metre statue of Our Lady of the Good Star, Patroness of the Shepherds, and panoramic viewpoints such as Mirante do Olho, Varanda dos Carquejais and Miradouro de Piornos.","The Estrela UNESCO Global Geopark boasts an immense and diverse intangible heritage shaped by the historical relationship between humans and nature. Ecological evidence of human activities in Serra da Estrela dates back 7.6 to 5.5 thousand years, primarily in the lower mountainous areas. This long history of human presence has fostered the development of numerous legends, habits, and traditions, enriching the cultural fabric of the region. For centuries, pastoral life played a vital role in the area, alongside activities closely linked to it. Both infield-outfield farming and transhumance—the seasonal migration of livestock between lowland winter pastures and summer mountain grazing grounds—were essential economic activities that contributed to the unique character and culture of Serra da Estrela. For centuries, much of Estrela has been sheep grazing territory, valued for both wool—used to weave traditional burel felt—and milk, which produces Queijo da Serra, a renowned soft cheese made with thistle using traditional methods. Moreover, the industrial heritage associated with textiles, particularly wool, and dairy production is central to understanding the cultural identity of the region and its evolving landscapes. Serra da Estrela is home to over 60 textile factories and industrial complexes, some of which have been transformed into museological spaces that preserve and celebrate this heritage. The region is renowned for its high-quality gastronomy. Key products include the iconic Serra da Estrela cheese, Serra da Estrela lamb, cottage cheese, and goat queijetas.",,ha,221600.0,142098,75.0,False,https://bioportalstprod.blob.core.windows.net/portal-media-public/GP/EUPT03/image/main/EUPT03_main.jpg,,,"40.425, -7.551",https://www.unesco.org/en/iggp/estrela-unesco-global-geopark
90a71b54-4588-5de4-9dc3-756ddacdb669,EURO02,Buzău Land UNESCO Global Geopark,RO,2022-01-01,"Explore the salt-karst caves of Buzău Land, including some of the longest and deepest in the world, where fossils of Ice Age plants and animals have been preserved.Hike one of the geopark’s seven thematic trails to discover its diverse geology, rich biodiversity, and cultural heritage.Visit the 17th-century Berca Fortified Monastery, the only religious fortified structure in the region.","Deep in the heart of Romania lies a land where tales of wounded dragons hidden underground and ogres setting traps for cattle are closely connected to the region’s geological past. The Buzău Land UNESCO Global Geopark is located in one of Europe’s most geodynamically active regions, at the edge of the Southern Carpathians in what geologists call the Carpathian Bend Area. Here, 40 million years of exposed geology—including an uninterrupted record of the past 12 million years—reveal how a living planet and shifting continents formed mountains where oceans once existed. The geology of the geopark is highly complex due to its position at the junction of three landmasses. Its history dates back 100 million years, to the Late Cretaceous period and the northward movement of the African Plate. At that time, the space between the African and European plates was filled with small landmasses and oceans. The continued push of the African Plate caused the formation of the Carpathian mountain chain. This collision, still active today, makes Buzău Land one of the most seismically active regions in Europe. While Buzău Land has no traditional lava-spouting volcanoes, it is home to a distinctive geological phenomenon: mud volcanoes. Easily accessible, these features—including both large and small cones as well as the Boilers of Beciu—are created by the release of gas from an underground hydrocarbon reservoir. Thick grey clay builds conical shapes that bubble with colourful mud. In the Boilers, with over 45 active vents, the eruptions are especially dynamic. Elsewhere, dry gas seepage feeds the Eternal Flames of Buzău Land, where fire appears to rise from the earth. The region is also known for rumanite, a rare type of amber derived from the largest amber deposits in the Carpathians. Buzău Land contains a prolific salt-karst landscape with sinkholes, ravines, salt amphitheatres, canyons, and caves filled with stalactites and stalagmites. To date, 46 salt caves have been documented, including one of the longest and deepest in the world, measuring 1,257 metres in length and 45 metres deep. Many ice-age plants and animals have been preserved as fossils within them.","Buzău Land is a rural region where the economy remains largely based on subsistence agriculture and animal husbandry. More than 55% of the geopark’s territory consists of forests and wild grasslands.&nbsp; Over 77 habitat types have been recorded in the area, some directly influenced by local geology. These ecosystems are home to all three of Europe’s large carnivores: the grey wolf, brown bear, and Eurasian lynx. Architectural heritage is among the most valuable forms of tangible cultural heritage in the region. Notable examples include the wooden Church of the Assumption of the Virgin Mary in Ivănețu, which preserves 19th-century interior paintings; the fortified Berca Monastery, the only such religious structure in the region, dating from the 17th century; and numerous traditional mansions and cottages such as the Măntescu mansion and Luana’s cottage. Another notable site is the Teutonic Tower in Pârscov, built in the 13th century by the Teutonic Knights as part of a defence system against Tatar invasions. The geopark also preserves rock-hewn dwellings carved into 20–30-million-year-old sandstone by a population from Anatolia in Late Antiquity. These spaces were used as homes and workspaces, and later served as hermitages for Christian monks.",,ha,103600.0,45000,43.0,False,https://bioportalstprod.blob.core.windows.net/portal-media-public/GP/EURO02/image/main/MI_Salt_Amphitheater.jpg,https://www.youtube.com/c/tinutulbuzaulu,https://www.buzauland.org,"45.432, 26.614",https://www.unesco.org/en/iggp/buzau-land-unesco-global-geopark
f8e4b043-a7a7-5a9d-8eb2-0eb27def9b83,EUSI01,Idrija UNESCO Global Geopark,SI,2015-01-01,"Fish for trout in the crystal-clear waters of the Idrija River in the Upper Idrijca Landscape Park.Walk Anthony’s Mine Road and visit the interactive Hg Visitors Centre dedicated to mercury. In 2012, the region’s mercury mining heritage was listed as UNESCO World Heritage.Sample Idrijski žlikrofi, a Slovenian dish made from noodle dough with a potato filling.","The Idrija UNESCO Global Geopark is located in the western part of Slovenia, approximately 60 km from Ljubljana, at the junction of the Dinarides and Alps mountain ranges. This geological setting has given rise to exceptional geoheritage, including deep gorges with well-preserved stratigraphic cross sections, notable tectonic features, and diverse mineral and fossil deposits. Watercourses further shape the terrain, contributing to a rich variety of surface features. Tectonic movements that shaped the Idrija UNESCO Global Geopark began in the Anisian (Middle Triassic) and continued throughout the Triassic period. It was during this time that the area’s mercury ore deposits—supporting 500 years of mining and now recognised as a UNESCO World Heritage Site—were formed. Complex tectonic activity interrupted carbonate sedimentation in the Upper Cretaceous, leading to the deposition of flysch in a foreland basin. As a result of this tectonic complexity, most contacts between the Carboniferous to Paleocene–Eocene rock sequences are tectonic in nature. The predominant rock types in the geopark are carbonates and clastic sedimentary rocks dating from the Permian, Triassic, and Cretaceous periods. Volcanic outcrops linked to Ladinian (Middle Triassic) volcanism are also found in the western part of the geopark. During the Miocene, the ongoing collision of the Adriatic microplate with the European plate produced a characteristic thrust structure across the landscape.","The region was sustained for 500 years through mining activity. At Anthony’s Mine Road, the oldest preserved section of the mine remains accessible despite the cessation of exploitation in 1995. Here, visitors can explore the tunnels of what was once the second-largest mercury mine in the world and one of the oldest preserved mine complexes in Europe, inscribed as a UNESCO World Heritage Site. The site offers insight into the harsh conditions of underground mining and provides a rare opportunity to see naturally occurring mercury spheres embedded in rock formations. The mining complex also features an interactive Visitors Centre dedicated to the history and significance of mercury. Visitors can learn not only about its extraction but also about its applications in science, engineering, and medicine, as well as its presence in daily life. Additionally, the site includes the (Mercury) Hg Smelting Plant, home to the largest rotary furnace for smelting cinnabar ore in the world, demonstrating the industrial scale of mercury production. In 2018, the UNESCO Intergovernmental Committee for the Safeguarding of the Intangible Cultural Heritage inscribed Slovenia’s bobbin lace-making on the UNESCO Intangible Cultural Heritage List. This traditional craft, which involves crossing and twisting threads wound on wooden bobbins to create intricate lace patterns, has a strong presence across Slovenia, with around 120 associations and groups dedicated to the practice. However, the tradition is particularly rooted in the northwest, especially in Idrija, Cerkno, and Škofja Loka. Idrija hosts both a bobbin lace-making school and the annual Idrija Lace Festival, reinforcing the region’s status as the cradle of Slovenia’s bobbin lace-making tradition. One of the region’s signature dishes is Idrijski žlikrofi, a traditional Slovenian specialty from Idrija. These small dumplings, made from noodle dough with a potato filling, have a distinctive shape and are prepared following a recipe dating back to the mid-19th century. While the precise origins of the dish remain uncertain due to limited historical documentation, it has become an integral part of the region’s cuisine. Idrijski žlikrofi are served as an appetizer, a side dish to meat dishes, or as a standalone meal, often topped with browned breadcrumbs.",“Home to the second largest mercury mine in the world”,ha,29370.0,11811,40.0,False,https://bioportalstprod.blob.core.windows.net/portal-media-public/GP/EUSI01/image/main/EUSI01_main.jpg,https://www.youtube.com/watch?v=gxLNQ9ox0GA,http://www.geopark-idrija.si/en/,"45.986, 14.006",https://www.unesco.org/en/iggp/idrija-unesco-global-geopark
c247e092-48e6-54d7-a53b-9d64e4d49106,LAMX01,Comarca Minera UNESCO Global Geopark,MX,2017-01-01,"The Pachuca’s 40m monumental clock tower in Plaza Independencia of Pachuca, built between 1904 and 1910, has machinery identical to Big Ben in London.El Chico National Park, founded in 1898, is one of the oldest protected areas in Mexico.Visit the columnar basalts in Santa María Regla, a breathtaking natural formation discovered by Alexander von Humboldt. These towering basaltic prisms are among the tallest columnar basalts in the world.","Comarca Minera UNESCO Global Geopark is located in the region where the first football match was played in Mexico, and the tallest columnar basalts in the world were discovered by Alexander von Humboldt. The geopark, in the south-central part of Hidalgo state, preserves a long mining history. The geopark’s territory stretches along the Pachuca and Las Navajas mountain ranges, where two magmatic provinces meet. The earlier province is linked to the volcanism of the Sierra Madre Occidental, a mountain range spanning western Mexico and part of the southwestern United States. The latter province is associated with the Transmexican Volcanic Belt, a modern continental volcanic chain that runs east-west across Mexico, formed by the subduction of the Cocos and Rivera oceanic plates beneath the North American continental plate. This intense volcanic history has shaped the landscape and given form to one of the most important mining regions of the world, exploited since the times of the Teotihuacan (100 BCE–650 CE), Toltec (950–1100 CE), and Mexica (1325–1521 CE) cultures who mined obsidian. This volcanic glass was a fundamental material for the pre-Hispanic states of the region, used to produce weapons, tools, jewellery, and other utensils. For the last 40 years, in Cerro de las Navajas, one of the geopark’s geosites and the largest obsidian mine in the world, archaeologists have been studying how these civilizations used this natural material. Although the beauty of obsidian fascinated the Indigenous civilizations, it was two other minerals, more coveted and valuable, that drove the European invasions and made Hidalgo one of the largest mining provinces in the 16th century: gold and, especially, silver.","Indigenous people and local communities play a central role in the stewardship of the territory. A significant portion of the land within the geopark falls under the Ejidos, a system of communal land ownership recognised and protected by national laws in Mexico. These laws ensure that the communities retain the autonomy to make decisions about how their lands are managed, and this is integrated into the geopark management.&nbsp; The geopark is also a pioneer in Mexico for combining geo-conservation, education, and sustainable community development. It has fostered interdisciplinary collaborations and created opportunities for students and researchers to explore the region’s geological and cultural heritage. The geopark has created a number of innovative programmes such as “Geolandscapes: Art and Science” which provides interpretative routes, and “Geopark for Girls and Boys”, a creative initiative introducing children to Earth Sciences.&nbsp; The Pachuca-Real del Monte mining district, home to one of the world’s largest silver deposits, experienced a resurgence in the mid-19th century with the arrival of Cornish miners from Cornwall, United Kingdom of Great Britain and Northern Ireland. Their expertise revitalised mining activities and left a lasting cultural impact on the region, earning it the nickname ‘Little Cornwall.’ The Cornish influence is still evident today in local architecture, traditions, and cuisine, with the paste, a variation of the traditional Cornish pasty, becoming a symbol of cultural fusion celebrated at the Museo del Paste in Mineral del Monte.","“A territory full of treasures: from silver and gold to the legacy of miners, artists and scientists”",ha,184800.0,628746,270.0,False,https://bioportalstprod.blob.core.windows.net/portal-media-public/GP/LAMX01/image/main/LAMX01_main.jpg,,http://geoparquehidalgo.com/,"20.168, -98.622",https://www.unesco.org/en/iggp/comarca-minera-unesco-global-geopark
407d1bae-13f0-5c53-a3a2-5f27335c4607,ASCN43,Linxia UNESCO Global Geopark,CN,2024-01-01,"See the world’s longest recorded fossil trackway of a flying vertebrate—24 paired pterosaur footprints.Visit the Bingling Cave Temple grottoes, a UNESCO World Cultural Heritage site with ancient cliffside sculptures.Experience Hua’er folk songs, a UNESCO-recognised oral tradition shared by nine ethnic groups.","Linxia UNESCO Global Geopark is located in Gansu Province and spans over 2,000 square kilometres across parts of the Loess Plateau and the eastern edge of the Xizang Plateau. The landscape is defined by mid-high mountains, hills, and basins, shaped over millions of years by tectonic activity and erosion. The geopark is particularly noted for its striking Danxia landforms along the Yellow River, where vibrant, layered rock formations have been sculpted by wind, water, and gravity into dramatic cliffs and ridges. The region also contains the Yellow River Three Gorges—an impressive series of valleys and rock outcrops that reveal sedimentary sequences and geomorphological change. Linxia is one of the most fossil-rich areas in China for ancient mammal remains. Among its most significant finds is one of the longest and best-preserved pterosaur trackways on record—24 consecutive paired footprints from an early flying vertebrate. The site also contains valuable Cretaceous dinosaur tracks and extensive late Cenozoic strata, offering critical insights into prehistoric ecosystems and faunal evolution. With 79 identified geosites, Linxia is a key region for understanding the geological history of northern China and remains an important base for research and science education.","With roots tracing back more than 5,000 years along the Yellow River, Linxia was once a key courier station on the ancient Silk Road. Today, it is equally known for its living cultural traditions. Gansu Province is recognised as the birthplace of Hua’er folk music—a poetic song form shared by nine ethnic groups and inscribed on UNESCO’s Intangible Cultural Heritage list. Hua’er lyrics evolve with the times, offering a vivid oral record of life in northwest China. Linxia’s cultural heritage is also embodied in the Bingling Cave Temple grottoes, a World Cultural Heritage site where Buddhist sculptures are carved directly into the cliffs. Over 30 additional cultural sites reflect the region’s deep ties between geological, ethnic and spiritual history. Education and outreach are central to the geopark’s mission. Twelve local schools are designated as geopark schools, and over 25,000 people participated in science education activities in 2023 alone. Popular events like “My Home Lives in a Geopark” and “Harmonious Coexistence between Human and Nature” connect students and the wider public with geoscience and conservation. At the community level, the geopark has launched 12 designated geopark villages, supporting training in geology, ecology, cultural heritage and disaster preparedness. These communities also help promote the park and co-develop cultural products with Linxia Geopark branding—from carved souvenirs to tea.",,ha,212000.0,0,0.0,False,,,,"35.674, 103.24",https://www.unesco.org/en/iggp/linxia-unesco-global-geopark
c46c56eb-d088-5733-9625-3049463715e2,LANI01,Rio Coco UNESCO Global Geopark,NI,2020-01-01,"Home to the Reserva Natural Tepesomoto–La Pataste where hundreds of protected species inhabit, there are three emblematic trees&#58; the almond tree of ‘Tere Armijo,’ the Branded Guapino tree, and the 500-year-old Golden Ceiba, sacred for the Mayan people.The area has a rich history, marked by Taguzgalpa heritage, with numerous pre-Hispanic settlements and a few examples of cave art. Spanish conquistadors established the Cuje gold mines in Rio Coco and built the parish church of Santa Maria de Magdalena in Totogalpa (18th and 19th centuries).","Located in the north of Nicaragua, Río Coco is part of the volcanic Central Mountainous Chain, featuring a dynamic landscape of rolling hills, plains, and small valleys, where rivers drain into the Atlantic basin and the Gulf of Fonseca in the Pacific. The region’s highest point, Cerro Volcán de Somoto, rises to 1,730 m, offering breathtaking views of the surrounding terrain. The Río Coco UNESCO Global Geopark is characterised by its elevated and rugged topography, where lookout points reveal ongoing tectonic activity in a landscape of wetlands, highland springs, and cloud forests. Among its standout features is the Somoto Canyon, protected as a National Monument, showcasing the powerful interplay of tectonic forces and erosion. This 190-meter-deep canyon, carved into solid welded ignimbrites during the Pleistocene, is an accessible site where visitors can observe a spectrum of geological phenomena, including volcanic, tectonic, and erosional processes. The geopark’s geological foundation reflects its position on the western part of the Eastern Chortis Terrane, formed during the Jurassic separation of the North and South American plates. The area’s basement comprises Paleozoic metamorphosed siliciclastic sediments, overlaid by Neogene volcanic deposits, including basaltic andesites and late Miocene ignimbrites up to 500 meters thick. These layers, combined with active tectonic processes, have shaped a unique and scientifically significant landscape.","The Río Coco UNESCO Global Geopark is deeply connected to the communities within its diverse landscapes, which include subtropical dry forests, wetlands, cloud forests, and habitats for endangered species. In one of Nicaragua’s smallest and most resource-scarce departments, agriculture and livestock-raising dominate the economy, but the geopark fosters sustainable growth through partnerships, education and geotourism. Indigenous traditions are central to the region’s identity, with handcrafts such as pine needle basket weaving, pottery, and hat-making providing income while preserving ancestral skills. The geopark also supports local products like coffee, “rosquillas” (a traditional snack), and handcrafted goods. Geotourism offers a sustainable pathway to economic growth, showcasing the stunning landscapes of Somoto Canyon and Laguna de Bruja alongside rich cultural narratives. Community engagement is strong, with residents welcoming opportunities for visitors to experience their traditions and participate in local activities. The geopark addresses climate change and natural hazards through initiatives like drought-resistant seeds, based on Indigenous farming knowledge, and community-led reforestation projects in San Lucas. Educational programmes, including the Geoescuelas initiative, teach students about geoheritage and sustainability, while disaster prevention workshops build resilience across municipalities.",,ha,95400.0,76564,43.0,False,https://bioportalstprod.blob.core.windows.net/portal-media-public/GP/LANI01/image/main/LANI01_main.png,,,"13.444, -86.592",https://www.unesco.org/en/iggp/rio-coco-unesco-global-geopark
d332a1f2-c7da-5902-b88f-b71abdb690b2,LAUY01,Grutas del Palacio UNESCO Global Geopark,UY,2015-01-01,"Experience the Creole Stew Festival, a traditional April event held in Centenary Park that showcases ancestral cooking methods using clay and iron pots.Join over 40,000 attendees at the Andresito Sings to the Country Festival, a three-day celebration each January featuring local and international folk musicians by the shores of Andresito Lake.Visit the Fernando Gutiérrez Museum, a national heritage monument with permanent and temporary exhibitions on rocks, fossils, minerals, and a dedicated geopark room.","Located around 200 km north of Montevideo, the Grutas del Palacio UNESCO Global Geopark presents geological features that span all major eons, from the Proterozoic to the Cenozoic. Its central and southern zones consist of Proterozoic crystalline basement rocks—granites, gneisses, and metamorphic belts with magmatic intrusions such as granodiorites, quartzites, hornblendites, and gabbro dykes. To the north, Permian conglomerates and sandstones of the Paraná Basin represent ancient alluvial fan environments, while Mesozoic and Cenozoic sedimentary sequences document fluvial activity and soil formation. This remarkable geodiversity offers a compact yet expansive record of Earth’s evolution over hundreds of millions of years. The region has witnessed some of the planet’s oldest geological events, including the Transamazonian Orogeny (2,140 million years ago) and the breakup of Gondwana (140 million years ago), which led to the opening of the Atlantic Ocean. The landscape reflects morphogenesis processes under changing climatic conditions, alternating between arid and humid periods. Extensive plains, low hills, and granite inselbergs shaped by chemical and physical weathering define the current topography, supporting fertile prairies and significant bodies of freshwater. Among the geopark’s key sites is the Grutas del Palacio cave, formed around 5,000 years ago in sandstone and shaped by erosion to resemble a natural cathedral. Another important geosite, the Chamangá Pictographies, features more than 40 granite boulders painted by Indigenous peoples between 1,000 and 1,500 years ago, marking a deep human connection to the geopark’s geological heritage.","Educational outreach is a central pillar of community engagement. Geotourism Week, held annually, sees university geology students collaborate with geopark guides to lead educational activities, guided tours, and workshops that attract both residents and visitors. The geopark also actively participates in Latin America and Caribbean Geotourism Day, coordinating guided tours and conferences during Easter week, drawing hundreds of participants and strengthening regional ties. The geopark hosts several festivals that foster cultural preservation and local involvement. Each January, the Andresito Lake Festival attracts around 40,000 attendees for performances by national and international folk artists and traditional dance groups. Recognised by the Ministry of Tourism for its national importance, the event helps to promote the geopark’s cultural identity on a broad scale. In April, the Creole Stew Festival takes place in Centenary Park, recreating ancestral cooking techniques using clay and iron pots. Another key event, the Immigrants Festival, has been held for over a decade to celebrate cultural traditions introduced by immigrant communities since the late 19th century. Participants share traditional foods, dances, and clothing, reinforcing intercultural heritage and community identity.",“A magical bridge between community and science”,ha,364100.0,23500,7.0,False,https://bioportalstprod.blob.core.windows.net/portal-media-public/GP/LAUY01/image/main/LAUY01_main.jpg,https://www.youtube.com/watch?v=bdv0yblPo6I,https://www.geoparque.uy,"-33.45, -56.944",https://www.unesco.org/en/iggp/grutas-del-palacio-unesco-global-geopark
62d8982b-1eda-520a-8bcb-29f09466a3f1,EUFR09,Normandie-Maine UNESCO Global Geopark,FR,2024-01-01,"Reach the summit of western France at Mont des Avaloirs (416 metres), with panoramic views and walking trails through heathland, rocks and forest.Discover the long-standing pottery tradition of Ger at the Musée de la Céramique, where workshops and trails explore historic clay extraction and ceramic production.Explore the Neolithic site of the Table au Diable, a collective burial monument dating back to around 2500 BCE.","Normandie-Maine UNESCO Global Geopark lies within a peaceful pastoral region that is rich in hamlets, villages and meadows and reaches into the departments of both Normandy and the Pays de la Loire. Amid the tranquility, you will find remarkable remnants of a geological history spanning 600 million years, including rocky escarpments, sheer cliff drops, white-water rapids and ancient megalithic sites. The oldest rocks formed in marine environments during the Precambrian, when the area lay in the southern hemisphere. Around 550 million years ago, tectonic activity gave rise to the Cadomian mountain chain, leaving traces of ancient volcanic rocks still visible today. Over 300 million years ago, this area was near the equator and witnessed the formation of the Armorican Massif, which reached heights of over 4,000 metres, before gradually eroding into the landscape seen today. The territory has borne witness to the formation of two mountain ranges and the creation of the subsident sedimentary basin known as the Paris Basin, with limestone typical of the region laid down under shallow seas around 170 million years ago.","Today, Normandie-Maine UNESCO Global Geopark works closely with local stakeholders to safeguard biodiversity and promote sustainable territorial development. Restoration of 120 hectares of heathland and 10 hectares of peat bogs has supported fragile ecosystems, home to species such as the Hen Harrier (Circus cyaneus) and European Nightjar (Caprimulgus europaeus). These efforts are carried out in collaboration with local residents, associations and elected officials, ensuring long-term impact and shared responsibility. Education is a central focus of the geopark. Through its “Class’climat” programme, the geopark engages pupils, teachers and municipalities in hands-on climate action. Students carry out diagnostics and propose solutions for their schools or local areas, strengthening links between education and sustainability. The geopark also promotes local heritage through accessible walking circuits. In Domfront, visitors follow marked trails through a medieval city shaped by a thousand years of history. Nearby, the Château de Carrouges—classified as a national monument—offers a striking example of the region’s architectural heritage.",,ha,265000.0,98000,0.0,False,,,https://www.parc-naturel-normandie-maine.fr/,"48.454, -0.249",https://www.unesco.org/en/iggp/normandie-maine-unesco-global-geopark
ae836cb5-b50d-58ca-9a19-4cbee8b8b4fb,EUHU02,Bükk Region UNESCO Global Geopark,HU,2024-01-01,"Enjoy Palóc cuisine and the wines of the Bükk Foothills, where local gastronomy is shaped by the region’s volcanic geology.See the mysterious Beehive Rocks, striking formations shaped by Miocene volcanic activity, and explore basalt pillow lavas formed during deep-sea eruptions.Observe rare species such as the imperial eagle, short-toed snake eagle and black stork in the geopark’s diverse habitats, from karst caves to forested slopes.","The Bükk Region UNESCO Global Geopark in northern Hungary lies in one of the country’s most complex geological environments and comprises a near-continuous sedimentary sequence spanning more than 300 million years, from the Ordovician to the late Jurassic, punctuated by periods of volcanic activity. The geopark features a diverse range of geological formations, including Miocene volcanic rocks in the south and quaternary sediments surrounding the mountain range. Geological highlights include the globally significant Bálvány North geological key section, which records the Permian–Triassic boundary around 252 million years ago, providing valuable insights into the largest mass extinction in Earth’s history. Also notable are pillow basalt lavas formed during deep-sea volcanic eruptions and the beehive rocks shaped by Miocene volcanism. The area is also known for its extensive karst features in Paleozoic–Mesozoic limestones, including more than 1,100 caves—the highest concentration in Hungary—alongside folded Mesozoic sedimentary structures and karst water springs. The region&#39;s rich biodiversity includes insect fauna, cave-dwelling bat species and a variety of birdlife, including rare species such as the short-toed snake eagle (Circaetus gallicus), imperial eagle (Aquila heliaca), black stork (Ciconia nigra), and white-throated dipper (Cinclus cinclus).","The Bükk-Region UNESCO Global Geopark is home to diverse karst formations, exemplified by nearly 1,150 caves—more than a quarter of all caves in Hungary—including the Szeleta Cave, which was inhabited for 130,000 years and gave its name to the Szeleta culture. Archaeological remains from numerous other caves and sites show continuous human presence from the Palaeolithic to the Iron Age.&nbsp; Educational activities are a central focus of the geopark’s work, including the creation and renovation of interactive trails, guided tours for school groups, and training programmes for local volunteers. One such example is the geopark’s geo-tour guide training for local entrepreneurs, which equips participants with knowledge of the region’s geology and history, enhancing the quality of tourism services. A UNESCO kulturweit volunteer noted the transformative potential of the geopark experience: &quot;These stones carry stories and a soul behind them… there is more science, culture and life than we can imagine.&quot;&nbsp; Tourism-related businesses in the geopark area benefit from regional cooperation initiatives led by the geopark. These efforts aim to combine geological features with local products and experiences, such as wine cellars carved into Miocene volcanic tuff, promoting both geotourism and traditional livelihoods. The integration of geological interpretation with gastronomy, local crafts, and historical heritage enhances visitor experiences while supporting the local economy.",,ha,281700.0,209000,0.0,False,,,https://www.bukkvidekgeopark.com/en,"48.021, 20.44",https://www.unesco.org/en/iggp/bukk-region-unesco-global-geopark
62319e0f-f7d3-5f85-b3c7-cd84e0e42b2c,EUPL03,Land of Extinct Volcanoes UNESCO Global Geopark,PL,2024-01-01,"Explore the didactic path “Hazel Syncline,” a short 2.5 km trail starting at the Open-Air Mining and Metallurgy Museum in Leszczyna, showcasing remnants of former copper mining and metallurgy with 18 educational boards along the way.Visit the Church of Peace in Jawor, a UNESCO World Heritage Site built in 1654–55 with unique half-timbered construction and an interior richly decorated with over 140 biblical paintings and guild emblems.Discover Rataj forest, home to rare plant species such as the Turk's cap lily and sword-leafed helleborine, and witness the stunning bloom of geophytes in spring.","Situated in the scenic southwest Poland, the Land of Extinct Volcanoes UNESCO Global Geopark encompasses the Kaczawskie Mountains and surrounding foothills. The geopark features distinctive remnants of Paleozoic and Cenozoic volcanoes and lava flows, predominantly from the Oligocene and Miocene (ca. 35 to 15 million years ago), with impressive examples of columnar jointing. Mount Ostrzyca, with its conical basaltic neck, stands as the area&#39;s most recognisable landmark. The geopark covers several geological units that are part of the western Sudetes Mountains, themselves forming the northeastern margin of the Bohemian Massif. Key geological structures in the area include the Kaczawa Metamorphic Complex, the North Sudetes Synclinorium, and the Fore-Sudetic Block. These formations span a vast range of time, with rocks dating from the Precambrian to the Quaternary period, showcasing an exceptional variety of lithological features and well-preserved fossils.&nbsp;&nbsp; The region is characterised by a broad range of volcanic activity, with evidence of eruptions spanning different geological time periods, from the Paleozoic to the Cenozoic. This diversity makes the geopark a valuable area for studying tectonic structures and fossil occurrences, offering significant geological insights into Earth&#39;s ancient processes.&nbsp;&nbsp; One notable geosite within the geopark is Organy Wielisławskie (Wielisław Organs), a former quarry featuring striking Permian rhyolite columns protected as a natural monument. Located at the foot of Wielisławka Hill above the Kaczawa River, this geological site has attracted visitors since the late 18th century. The exposed rhyolites, silica-rich volcanic rocks from the Permian period, display a distinctive columnar structure resembling a large inverted fan. The columns, 20 to 30 cm in diameter, vary in orientation—vertical in the north and gradually shifting to horizontal in the south—suggesting that the lava solidified in a dome-like formation. Organy Wielisławskie is also the starting point for a nature trail leading to the summit of Wielisławka, where remnants of a medieval stronghold and later a small castle, destroyed in the 15th century, can still be found. The area has a rich mining history dating back to the 16th century, with traces of collapsed shafts, spoil heaps, and underground tunnels, the longest of which, Wielisławska Adit, stretches about 100 meters.","The Land of Extinct Volcanoes UNESCO Global Geopark is deeply connected to its mineral-rich history, with a long-standing tradition of gold and copper prospecting that has shaped the livelihoods of local communities for centuries. The legacy of mining is evident in the numerous abandoned quarries that now serve as important geological and cultural landmarks. One such site, the former basalt quarry Wilcza Góra, has been successfully repurposed through community-led conservation efforts, transforming it into a hub for scientific research and educational activities.&nbsp;&nbsp; The geopark supports sustainable economic opportunities for local communities through initiatives such as the Explorer&#39;s Passport programme. This initiative encourages tourists to engage with local businesses by collecting stamps and stickers from participating establishments. Visitors who complete the passport are rewarded with a unique medal crafted by a local artisan, providing an incentive to explore the region while directly supporting local enterprises.&nbsp;&nbsp;",,ha,126275.0,104694,0.0,False,,,https://www.gorykaczawskie.pl/en/,"50.995, 16.035",https://www.unesco.org/en/iggp/land-extinct-volcanoes-unesco-global-geopark
d6d20b92-eecb-5c98-aea6-09162bddb76e,EUPT06,Oeste UNESCO Global Geopark,PT,2024-01-01,"Explore the watermills of the Cornaga Valley, where 17 historic mills once used the power of the Galvão River to grind cereals into flour, sustaining local communities. Discover the Papôa Islet, a unique geological site showcasing remnants of an ancient volcano and the wreck of the Spanish warship San Pedro de Alcântara, which sank in 1786 carrying gold, silver, and scientific collections from Peru. Experience wine tourism in the Oeste UNESCO Global Geopark with guided tours and tastings at renowned estates such as Quinta do Sanguinhal and Quinta das Cerejeiras.","The Oeste UNESCO Global Geopark, located along Portugal&#39;s central west coast, encompasses over 72 km of Atlantic coastline, including more than 15 km of sandy beaches. The exposed geological layers span from the Late Triassic Period (around 230 million years ago) to the Holocene Epoch (beginning 11,700 years ago), a time marked by the opening of the North Atlantic Ocean. The geopark boasts an exceptionally rich palaeontological heritage, with over 180 fossil sites, including remains of 12 distinct dinosaur species. Notably, it is home to two fossilised dinosaur nest sites containing embryos—a globally rare find, with only 12 such occurrences documented worldwide. Within the geopark’s territory, three geological highlights are recognised as internationally important. The Toarcian Global Boundary Stratotype Section and Point (GSSP) serves as a global reference point for the base of the Toarcian Stage (Lower Jurassic). In addition, the discovery of well-preserved Cretaceous plant fossils includes one of the world’s oldest known angiosperm mesofossil assemblages. The region&#39;s geological diversity is remarkable, with formations ranging from the end of the Triassic to the Quaternary periods. Jurassic rocks make up 77% of the area&#39;s geological units and contain crucial evidence of the Lusitanian Basin’s long evolution and the wide range of organisms that once inhabited it. The geopark includes over 70 geosites, addressing themes such as coastal dynamics, palaeontology, geomorphology, salt tectonics, and geological resources.","Human presence in the region dates back over 5,000 years, with remnants of Castros, ancient, fortified settlements strategically located on high points for defence and shelter. The geopark contains around 13 identified Castros, representing nearly half of all known sites in mainland Portugal. The Serra de Montejunto is believed to have served as a central political and ceremonial site for these early communities. Today, these heritage sites contribute to local identity and tourism, providing insights into the region&#39;s prehistoric past. Agriculture has long been linked to the region’s geological heritage. The fertile soils have supported the production of key crops such as Rocha Pears and grapes, both of which play a significant role in the local economy. The region has a strong tradition of milling, with over 200 mills historically utilising wind and water power for cereal processing. Around 20 mills remain operational today, with some open to visitors, showcasing traditional milling techniques and contributing to cultural tourism. The geopark&#39;s intangible heritage is rich and diverse, encompassing traditional crafts such as the unique craft of Peniche bobbin lacemaking, traditionally practiced by the wives of fishermen. The region is known for unique cultural events such as the Torres Vedras Carnival, widely regarded as the most traditional in Portugal. The Prego Dourado Programme is an initiative within the Oeste UNESCO Global Geopark that integrates heritage, gastronomy, and local producers to promote the connection between the region&#39;s geological, cultural and biological heritage. The programme encourages the creation of geoproducts—local crafts and goods that reflect the geopark&#39;s identity—and geodishes—culinary offerings inspired by the area&#39;s heritage.&nbsp;",,ha,115400.0,213000,0.0,False,,,https://www.geoparqueoeste.com,"39.248, -9.194",https://www.unesco.org/en/iggp/oeste-unesco-global-geopark
cede8ca9-aaf2-5890-a91b-5c9f83ce268e,ARSA02,Salma UNESCO Global Geopark,SA,2025-01-01,"Begin your archaeological journey at Faid Museum, where exhibits explore the history of the ancient fortress and provide insight into the region’s cultural heritage.Visit Harrat Hutaymah Crater, a volcanic landscape at 888 metres above sea level, with stony terrain and lava fields typical of the region’s harrat formations.Explore Taba Heritage Village, one of the oldest settlements in the Hail Region, set within a volcanic landscape and surrounded by farmlands and traditional houses.","Salma UNESCO Global Geopark, located at the heart of Saudi Arabia, offers a rare and fascinating glimpse into the Earth’s ancient history. With volcanic and magmatic rocks dating back over 740 million years, the geopark serves as an accessible archive of ancient Earth processes. Some of these rocks formed far beneath the Earth’s surface as part of the Arabian Shield, and are now exposed, making them valuable for understanding how continents form and evolve over time. One of the park’s most striking features is the Al-Hutaymah Crater, part of a volcanic field with more than 100 individual vent sites and at least 77 volcanoes. These include broad, shallow craters known as “maars,” which were formed by explosive interactions between magma and groundwater. Some sites also contain spherical volcanic rocks known as “bombs,” ejected during eruptions. These unique formations provide rare insight into how volcanic systems behave in desert regions. The geopark’s landscapes have also been shaped by ancient seas, rivers and lakes, with rock layers showing evidence of the Arabian plate’s movement and flooding during past climate changes. Erosion and weathering have sculpted distinctive features, including “onion-skin” rock formations created by layers peeling off over time. Alongside its geological wealth, the Salma Geopark harbours diverse desert flora and fauna, including the endangered Nubian ibex and Arabian oryx, which are uniquely adapted to survive in the harsh arid environment.","Salma UNESCO Global Geopark also represents a vibrant cultural heritage that includes the Darb Zubaydah, an ancient pilgrimage route once connecting Kufa, a historic city in central Iraq, to Makkah, a city of great religious significance in Saudi Arabia. This route is marked by wells, pools and the celebrated Faid Oasis, which was a critical stop for pilgrims for its pure water and fertile soils. The ancient fortress and its 45 wells stand as enduring symbols of the region’s history. Another key site is Tabah Heritage Village, home to “desert kites,” stone structures that were used to trap wild animals, providing insights into ancient hunting practices and early settlements. Local communities and school children are fully involved with the geopark through an active programme of educational activities. Events such as Iftar dinners during Ramadan, the Darb Zubaydah Walk, tracing the ancient pilgrimage route, and the Tabah Historical Path, where visitors explore the exceptionally preserved archaeological ruins of one of the oldest towns in the region, foster a sense of unity and raise awareness about the region’s cultural heritage.",,ha,314500.0,,,False,https://bioportalstprod.blob.core.windows.net/portal-media-public/GP/ARSA02/image/main/Tabah_Crater.JPG,,https://ksasalmageopark.ncvc.gov.sa/index.html,"27.09, 42.31",https://www.unesco.org/en/iggp/salma-unesco-global-geopark
165eae65-4b42-53d7-b7df-d1a7bb5495e7,ASCN48,Kanbula UNESCO Global Geopark,CN,2025-01-01,"Experience the Rebgong June Festival, a vibrant religious and cultural celebration held annually across 22 villages, combining ritual dance and communal participation in a tradition dating back over 1,400 years.Discover the Angla Guomoqie, a giant sesame cake traditionally baked in earth ash on the south bank of the Yellow River, recognised in 2021 as the world's largest baked earthen cake.Visit Gulangti Waterfall, a striking double-layer cascade known as “Youth Waterfall,” celebrated in Tibetan poetry and at its most scenic when apricot blossoms bloom in spring.","Kanbula UNESCO Global Geopark, located on the northeast margin of the Qinghai-Tibet Plateau in Huangnan Tibetan Autonomous Prefecture, sits at the junction of three major orogenic belts: West Qinling, South Qilian, and East Kunlun. This has given rise to a wide diversity of geological features shaped by complex tectonic processes. Key sites include the Maixiu volcanoes, the largest and best-preserved ancient volcanic group in the Qinghai-Tibet Plateau, formed during the Mesozoic era (252 million years ago to 66 million years ago). The geopark is also known for the Triassic strata profile of the Longwu River, which reaches nearly 10,000 metres in thickness and offers a comprehensive record of sedimentary and paleogeographic evolution in the central orogenic zone of the region. Other notable features include landslide groups along the Yellow River, ophiolite exposures in Longwu Canyon, Danxia landforms, and fluvial terraces. The uplift of the Qinghai-Tibet Plateau and headward erosion of the Yellow River have helped shape these dramatic landscapes. The Yellow River, one of the longest rivers in the world, continues to play a central role in the region’s geomorphological development. While the geopark protects this exceptional geological heritage, it also supports disaster preparedness by coordinating early warning systems and public awareness efforts related to floods and landslides.","Culture and tradition are deeply rooted in Kanbula’s landscape, where scientific approaches are enriched by ancestral Tibetan heritage. At the 14th-century Longwusi Monastery, a traditional Tibetan Thang-ga mural tells the story of Earth&#39;s evolution – depicting the rise of mountain peaks, volcanic eruptions and the arrival of oceans. Humans and animals are interwoven throughout, and this mural reflects cultural beliefs in a harmonious coexistence with nature – a theme that resonates deeply with local communities. Blending scientific explanations with cultural narratives is central to the geopark’s work. Combining tradition with local economic development, the geopark supports community initiatives such as the Sangjie Thang-ga Art Academy, a cooperative that revitalises traditional Thang-ga skills while empowering women from rural communities through training and sustainable employment. The geopark promotes sustainable tourism through designated scenic areas and ecological corridors, with hiking, cycling and educational trails that integrate conservation and community benefit. Visitors can explore the Lijiaxia Gorge Reservoir by boat and walk along Danxia cliffs at a geohazard education site, or follow the “Oxygen Bar” trail, which introduces local plant biodiversity. The Black Yak Tent initiative, a corporate partner of the geopark, offers immersive experiences in Tibetan culture and cuisine, including overnight stays in traditional tents.",,ha,314934.0,,,False,https://bioportalstprod.blob.core.windows.net/portal-media-public/GP/ASCN48/image/main/05_Lijiaxia_and_Danxia_Landscapes.jpg,,https://www.kanbulageopark.com,"35.59, 101.91",https://www.unesco.org/en/iggp/kanbula-unesco-global-geopark
ad2b260e-1c16-5ebb-86d6-aa5979af42f8,EUGB09,Arran UNESCO Global Geopark,GB,2025-01-01,"Visit Hutton’s Unconformity, where James Hutton’s 1787 observations showed that the Earth was far older than previously believed—revealed in the striking meeting point between vertical schist and overlying layers of sandstone.Explore the Lochranza slate quarry, home to 540-million-year-old rocks once quarried for roofing, and spot crystals of pyrite—known as ‘fool’s gold’—among the discarded slate.Visit the Isle of Arran Heritage Museum, housed in former croft buildings at Rosaburn, where exhibits trace the island’s cultural and geological heritage from rural life to scientific discovery.","Arran UNESCO Global Geopark, located off the southwest coast of Scotland, encompasses terrestrial and marine zones that record 600 million years of Earth’s history. This island’s remarkable landscape tells a story of tectonic plate collisions, the shifting of continents from the southern hemisphere, the opening of the Atlantic Ocean, and the sculpting of alpine mountains by glaciers. A wide variety of rock types are exposed across the island—from sedimentary layers spanning most geological periods to ancient metamorphic formations and diverse igneous intrusions—making Arran one of the most geodiverse areas in the British Isles. These geological foundations support equally rich ecosystems. The island is home to three endemic whitebeam tree species, found only in remote mountain gorges; one of them is among the rarest trees on Earth. Since the last glaciers retreated, the landscape has supported more than 1,000 plant species and over 150 bird species. Offshore, the biodiversity continues: the Marine Protected Area around Arran includes Scotland’s first No Take Zone, established through a local campaign to protect marine life. Together, this unique blend of geological and ecological heritage makes Arran a living classroom for understanding Earth’s processes and a refuge for rare species.","The people of Arran, known as Arranachs, are deeply connected to the land and its traditions. The island’s villages, each with its own unique identity, are united by a strong sense of community. This connection to the land is particularly evident in the island’s climate action efforts. Over 260 hectares of upland peat bogs have been restored across Arran, supported by the National Trust for Scotland and local farmers like Stewart Lambie. Local initiatives have also adjusted grazing levels and reshaped landforms to allow native vegetation to recover, contributing to a more resilient landscape. Tree planting and habitat restoration efforts have also seen more than 40,000 native trees planted to date. These initiatives support both biodiversity and sustainable land use, aligning with broader climate goals. Arran is also home to rich intangible heritage, with local residents working to revive the Gaelic language, which had vanished on the island as a spoken language. Bilingual interpretation panels can be found at key locations, showcasing the Gaelic alphabet alongside the local flora. The island’s cultural traditions are celebrated through events like the Arran Farmers Show, established in 1830, the Brodick Highland Games and the Arran Folk Festival.",,ha,94680.0,4629,,False,https://bioportalstprod.blob.core.windows.net/portal-media-public/GP/EUGB09/image/main/Cir_Mhor_mountain_sunrise_ArranUGGp__Corinna_Goeckeritz.jpg,,https://www.arran-geopark.org.uk,"55.57, -5.23",https://www.unesco.org/en/iggp/arran-unesco-global-geopark
